Date,High,Low,Open,Close,Volume,Adj Close
2000-01-03,26.83333396911621,25.9375,26.77083396911621,26.14583396911621,2089500.0,20.127382278442383
2000-01-04,26.125,24.95833396911621,25.29166603088379,26.04166603088379,2073000.0,20.047182083129883
2000-01-05,26.54166603088379,25.9375,25.97916603088379,25.9375,1556700.0,19.966991424560547
2000-01-06,27.91666603088379,25.9375,25.9375,27.1875,2016900.0,20.929258346557617
2000-01-07,28.45833396911621,27.64583396911621,28.0,28.375,1743300.0,21.84341049194336
2000-01-10,28.54166603088379,28.125,28.3125,28.20833396911621,2408400.0,21.715106964111328
2000-01-11,28.0,27.4375,28.0,27.47916603088379,1678500.0,21.153779983520508
2000-01-12,27.52083396911621,27.29166603088379,27.375,27.52083396911621,1857900.0,21.185863494873047
2000-01-13,28.29166603088379,27.25,27.33333396911621,28.04166603088379,1845300.0,21.586809158325195
2000-01-14,27.8125,26.70833396911621,27.54166603088379,26.875,1855800.0,20.688695907592773
2000-01-18,26.75,26.0,26.25,26.33333396911621,1778400.0,20.271709442138672
2000-01-19,26.75,25.60416603088379,26.41666603088379,25.8125,2131500.0,19.870769500732422
2000-01-20,26.04166603088379,25.20833396911621,25.875,25.3125,1741500.0,19.48586082458496
2000-01-21,25.375,24.39583396911621,25.375,24.85416603088379,2500200.0,19.133031845092773
2000-01-24,24.83333396911621,23.91666603088379,24.83333396911621,23.97916603088379,1619400.0,18.459447860717773
2000-01-25,24.33333396911621,23.75,24.25,23.83333396911621,1553700.0,18.34718132019043
2000-01-26,24.66666603088379,23.95833396911621,24.41666603088379,24.25,2623200.0,18.667943954467773
2000-01-27,24.58333396911621,23.83333396911621,24.33333396911621,24.14583396911621,1484400.0,18.587751388549805
2000-01-28,24.45833396911621,23.95833396911621,24.0,24.1875,2543700.0,18.619821548461914
2000-01-31,24.16666603088379,23.4375,24.0,23.91666603088379,1296000.0,18.411333084106445
2000-02-01,24.29166603088379,23.9375,24.0,23.95833396911621,1221000.0,18.44340705871582
2000-02-02,24.75,24.20833396911621,24.33333396911621,24.58333396911621,3341700.0,18.924543380737305
2000-02-03,25.1875,24.375,24.66666603088379,24.9375,3161400.0,19.197185516357422
2000-02-04,25.35416603088379,25.08333396911621,25.1875,25.29166603088379,2310000.0,19.46982765197754
2000-02-07,25.45833396911621,25.02083396911621,25.41666603088379,25.41666603088379,2143200.0,19.56605339050293
2000-02-08,25.25,24.20833396911621,24.58333396911621,24.91666603088379,3466800.0,19.1811466217041
2000-02-09,25.83333396911621,24.875,25.33333396911621,25.66666603088379,5363100.0,19.758501052856445
2000-02-10,26.41666603088379,25.9375,26.0,26.29166603088379,3891000.0,20.239635467529297
2000-02-11,26.79166603088379,26.5,26.58333396911621,26.625,3099600.0,20.496238708496094
2000-02-14,26.70833396911621,26.41666603088379,26.70833396911621,26.64583396911621,1349700.0,20.512283325195312
2000-02-15,26.6875,26.16666603088379,26.66666603088379,26.4375,3453000.0,20.35190200805664
2000-02-16,26.64583396911621,26.25,26.375,26.27083396911621,3711900.0,20.22359848022461
2000-02-17,26.625,26.20833396911621,26.375,26.5,2412300.0,20.400014877319336
2000-02-18,26.33333396911621,25.625,26.0,25.66666603088379,2943600.0,19.758501052856445
2000-02-22,25.83333396911621,25.08333396911621,25.66666603088379,25.27083396911621,2627400.0,19.45378303527832
2000-02-23,25.5,24.79166603088379,25.16666603088379,25.0,3460800.0,19.24530029296875
2000-02-24,25.0,24.33333396911621,25.0,24.33333396911621,2919300.0,18.732091903686523
2000-02-25,24.83333396911621,23.91666603088379,24.41666603088379,24.0,2472600.0,18.475482940673828
2000-02-28,24.66666603088379,24.0,24.0,24.625,3040800.0,18.956621170043945
2000-02-29,24.95833396911621,24.375,24.41666603088379,24.60416603088379,2886000.0,18.940584182739258
2000-03-01,24.89583396911621,23.95833396911621,24.6875,24.16666603088379,6094200.0,18.603792190551758
2000-03-02,24.10416603088379,23.20833396911621,24.08333396911621,23.35416603088379,2789100.0,17.978317260742188
2000-03-03,24.02083396911621,23.4375,23.4375,23.75,2567100.0,18.28302764892578
2000-03-06,23.6875,22.70833396911621,23.66666603088379,22.89583396911621,1968600.0,17.625484466552734
2000-03-07,22.33333396911621,21.47916603088379,22.33333396911621,21.85416603088379,3059100.0,16.823591232299805
2000-03-08,22.08333396911621,21.45833396911621,21.75,21.5625,2284500.0,16.59906768798828
2000-03-09,21.5,21.10416603088379,21.45833396911621,21.33333396911621,2696400.0,16.66220474243164
2000-03-10,21.54166603088379,21.08333396911621,21.41666603088379,21.25,2055600.0,16.597116470336914
2000-03-13,21.20833396911621,20.35416603088379,21.20833396911621,20.39583396911621,2540400.0,15.929981231689453
2000-03-14,21.08333396911621,20.41666603088379,20.47916603088379,20.45833396911621,2429700.0,15.97879409790039
2000-03-15,21.91666603088379,20.47916603088379,20.47916603088379,21.6875,3482100.0,16.938825607299805
2000-03-16,22.33333396911621,21.5625,21.6875,22.0,5715600.0,17.182897567749023
2000-03-17,21.72916603088379,20.25,21.5,21.02083396911621,7118400.0,16.418127059936523
2000-03-20,21.8125,20.95833396911621,20.95833396911621,21.66666603088379,3829500.0,16.92254638671875
2000-03-21,23.39583396911621,21.70833396911621,21.70833396911621,23.39583396911621,4385100.0,18.273099899291992
2000-03-22,24.29166603088379,23.04166603088379,23.29166603088379,23.8125,3951900.0,18.59853744506836
2000-03-23,25.10416603088379,23.66666603088379,23.83333396911621,24.375,2940300.0,19.037866592407227
2000-03-24,25.66666603088379,24.33333396911621,24.45833396911621,25.41666603088379,2950500.0,19.851451873779297
2000-03-27,25.66666603088379,25.0,25.41666603088379,25.22916603088379,2939100.0,19.705007553100586
2000-03-28,25.08333396911621,24.27083396911621,25.0,24.27083396911621,3882000.0,18.956512451171875
2000-03-29,25.04166603088379,24.20833396911621,24.27083396911621,24.70833396911621,2711700.0,19.2982177734375
2000-03-30,26.33333396911621,24.625,24.79166603088379,25.97916603088379,2853300.0,20.29079246520996
2000-03-31,26.45833396911621,25.25,25.66666603088379,25.25,2644500.0,19.72127914428711
2000-04-03,26.875,25.5,25.5,26.66666603088379,1917300.0,20.827749252319336
2000-04-04,26.66666603088379,25.33333396911621,26.66666603088379,26.0,3024300.0,20.30706024169922
2000-04-05,26.64583396911621,25.97916603088379,26.0,26.39583396911621,2100000.0,20.616222381591797
2000-04-06,27.08333396911621,26.125,26.33333396911621,26.60416603088379,2245500.0,20.778940200805664
2000-04-07,26.83333396911621,25.66666603088379,26.52083396911621,25.72916603088379,1594200.0,20.09553337097168
2000-04-10,27.375,25.77083396911621,25.79166603088379,26.9375,2366400.0,21.039283752441406
2000-04-11,28.97916603088379,27.52083396911621,27.66666603088379,28.16666603088379,3510900.0,21.99932289123535
2000-04-12,28.83333396911621,27.875,28.0,28.25,1967400.0,22.064401626586914
2000-04-13,28.58333396911621,27.85416603088379,28.25,28.27083396911621,2382600.0,22.080678939819336
2000-04-14,28.10416603088379,26.64583396911621,28.10416603088379,26.89583396911621,2448600.0,21.006744384765625
2000-04-17,27.47916603088379,26.58333396911621,26.97916603088379,26.97916603088379,2503200.0,21.071819305419922
2000-04-18,27.25,26.66666603088379,26.97916603088379,27.10416603088379,1681200.0,21.169456481933594
2000-04-19,26.91666603088379,25.91666603088379,26.33333396911621,26.5,1938300.0,20.697572708129883
2000-04-20,27.79166603088379,26.25,26.25,27.45833396911621,2232000.0,21.446081161499023
2000-04-24,27.91666603088379,27.08333396911621,27.41666603088379,27.91666603088379,2173500.0,21.804048538208008
2000-04-25,27.8125,27.0,27.79166603088379,27.3125,1643400.0,21.33217430114746
2000-04-26,27.5,26.75,27.33333396911621,27.14583396911621,1434000.0,21.202003479003906
2000-04-27,27.1875,26.16666603088379,27.0625,26.5,1970100.0,20.697572708129883
2000-04-28,26.58333396911621,25.54166603088379,26.0,26.58333396911621,2165700.0,20.76266860961914
2000-05-01,26.5,26.10416603088379,26.5,26.3125,2261100.0,20.55113410949707
2000-05-02,25.85416603088379,24.95833396911621,25.83333396911621,25.0,4949700.0,19.526018142700195
2000-05-03,25.5,24.45833396911621,24.66666603088379,24.70833396911621,3910500.0,19.2982177734375
2000-05-04,25.85416603088379,25.08333396911621,25.33333396911621,25.58333396911621,2892600.0,19.981624603271484
2000-05-05,25.83333396911621,25.1875,25.54166603088379,25.3125,2553000.0,19.770092010498047
2000-05-08,26.4375,25.39583396911621,25.39583396911621,26.27083396911621,2167800.0,20.518592834472656
2000-05-09,26.66666603088379,25.83333396911621,26.08333396911621,25.91666603088379,2468700.0,20.241968154907227
2000-05-10,25.91666603088379,25.16666603088379,25.91666603088379,25.33333396911621,1824600.0,19.78636360168457
2000-05-11,26.125,25.41666603088379,25.5,25.5,2676900.0,19.916536331176758
2000-05-12,26.72916603088379,25.79166603088379,25.91666603088379,26.322900772094727,1813200.0,20.559263229370117
2000-05-15,28.0,26.16666603088379,26.16666603088379,27.375,3345300.0,21.380996704101562
2000-05-16,28.66666603088379,27.91666603088379,28.0,28.04166603088379,2522100.0,21.901687622070312
2000-05-17,28.33333396911621,27.66666603088379,28.0,27.95833396911621,2050800.0,21.83659553527832
2000-05-18,28.85416603088379,28.0,28.0,28.83333396911621,1863000.0,22.520008087158203
2000-05-19,29.27083396911621,28.5,28.91666603088379,28.875,2181300.0,22.552555084228516
2000-05-22,29.91666603088379,28.8125,28.95833396911621,29.64583396911621,2984700.0,23.15460205078125
2000-05-23,29.97916603088379,28.95833396911621,29.64583396911621,29.97916603088379,2666700.0,23.414955139160156
2000-05-24,30.29166603088379,29.54166603088379,29.95833396911621,29.875,2984100.0,23.33359146118164
2000-05-25,29.97916603088379,29.375,29.875,29.75,2003400.0,23.235960006713867
2000-05-26,29.625,29.0625,29.375,29.25,1178100.0,22.845443725585938
2000-05-30,29.5625,28.58333396911621,29.0,29.5625,1545600.0,23.089513778686523
2000-05-31,29.97916603088379,29.35416603088379,29.47916603088379,29.60416603088379,1638000.0,23.122058868408203
2000-06-01,29.39583396911621,28.875,29.375,29.14583396911621,2561700.0,22.76408576965332
2000-06-02,30.08333396911621,29.625,29.79166603088379,29.79166603088379,2250600.0,23.268503189086914
2000-06-05,30.0625,29.27083396911621,30.0,29.29166603088379,1951800.0,22.87798500061035
2000-06-06,29.10416603088379,27.91666603088379,29.08333396911621,28.16666603088379,2046600.0,21.99932289123535
2000-06-07,29.125,28.375,28.5,28.75,1828800.0,22.45492172241211
2000-06-08,29.10416603088379,28.5,28.875,28.91666603088379,1656900.0,22.831275939941406
2000-06-09,29.8125,29.0,29.0,29.5,1606800.0,23.291847229003906
2000-06-12,30.45833396911621,29.54166603088379,29.54166603088379,30.25,2408700.0,23.884014129638672
2000-06-13,31.79166603088379,30.1875,30.58333396911621,31.35416603088379,3112200.0,24.75581169128418
2000-06-14,31.58333396911621,31.02083396911621,31.3125,31.29166603088379,3586500.0,24.706464767456055
2000-06-15,31.54166603088379,30.89583396911621,31.27083396911621,31.41666603088379,2341500.0,24.80516242980957
2000-06-16,31.72916603088379,30.66666603088379,31.20833396911621,30.66666603088379,3629100.0,24.21299171447754
2000-06-19,32.04166793823242,30.66666603088379,30.66666603088379,31.83333396911621,2586900.0,25.134143829345703
2000-06-20,32.58333206176758,31.8125,31.85416603088379,31.95833396911621,3333600.0,25.232837677001953
2000-06-21,31.45833396911621,31.10416603088379,31.33333396911621,31.1875,2423400.0,24.624229431152344
2000-06-22,31.41666603088379,30.70833396911621,31.04166603088379,31.14583396911621,2506800.0,24.59132957458496
2000-06-23,31.79166603088379,31.0,31.0,31.16666603088379,3650700.0,24.607769012451172
2000-06-26,31.5625,31.08333396911621,31.25,31.22916603088379,1855800.0,24.657114028930664
2000-06-27,31.39583396911621,31.10416603088379,31.22916603088379,31.35416603088379,2062200.0,24.75581169128418
2000-06-28,32.125,31.45833396911621,31.54166603088379,32.06769943237305,2744100.0,25.319190979003906
2000-06-29,33.16666793823242,31.95833396911621,31.95833396911621,32.54166793823242,2877600.0,25.69341278076172
2000-06-30,32.4375,31.161434173583984,32.25,31.16666603088379,4329000.0,24.607769012451172
2000-07-03,31.625,30.875,31.33333396911621,31.625,1018200.0,24.969650268554688
2000-07-05,32.22916793823242,31.5,31.625,31.66666603088379,2010900.0,25.00255012512207
2000-07-06,32.70833206176758,31.47916603088379,31.6875,32.375,2110500.0,25.56181526184082
2000-07-07,33.39583206176758,32.45833206176758,32.45833206176758,33.22916793823242,2597100.0,26.236230850219727
2000-07-10,33.3125,32.66666793823242,32.66666793823242,33.3125,3552600.0,26.30202865600586
2000-07-11,33.8125,33.16666793823242,33.33333206176758,33.27083206176758,3273300.0,26.269126892089844
2000-07-12,34.35416793823242,33.447898864746094,33.5,34.29166793823242,3060600.0,27.075130462646484
2000-07-13,34.08333206176758,33.52083206176758,34.0,33.6875,2595600.0,26.598108291625977
2000-07-14,33.60416793823242,33.25,33.60416793823242,33.25,3087900.0,26.252676010131836
2000-07-17,33.875,33.0,33.20833206176758,33.822898864746094,2306100.0,26.705015182495117
2000-07-18,33.0,32.25,32.91666793823242,32.6875,4010700.0,25.80855369567871
2000-07-19,32.875,32.29166793823242,32.75,32.3125,1458300.0,25.512470245361328
2000-07-20,32.89583206176758,32.29166793823242,32.3125,32.77083206176758,1325400.0,25.874353408813477
2000-07-21,32.8125,32.33333206176758,32.77083206176758,32.35416793823242,1117200.0,25.545377731323242
2000-07-24,32.33333206176758,31.85416603088379,32.33333206176758,32.04166793823242,1274400.0,25.298633575439453
2000-07-25,32.45833206176758,31.85416603088379,32.0,32.3125,1532700.0,25.512470245361328
2000-07-26,32.677066802978516,32.25,32.33333206176758,32.66666793823242,3368400.0,25.79210662841797
2000-07-27,33.58333206176758,32.85416793823242,33.16666793823242,33.33333206176758,2474400.0,26.318479537963867
2000-07-28,33.29166793823242,32.58333206176758,33.29166793823242,32.75,1552800.0,25.85790252685547
2000-07-31,33.47916793823242,33.125,33.25,33.29166793823242,2063700.0,26.28557586669922
2000-08-01,33.77083206176758,32.95833206176758,32.95833206176758,33.75,1478100.0,26.647449493408203
2000-08-02,32.64583206176758,31.83333396911621,31.83333396911621,32.1875,4922400.0,25.413776397705078
2000-08-03,32.64583206176758,31.66666603088379,32.0,32.41666793823242,4035000.0,25.594717025756836
2000-08-04,33.83333206176758,32.375,32.4375,33.4375,4168200.0,26.400724411010742
2000-08-07,34.08333206176758,33.375,33.4375,34.0625,2893800.0,26.894189834594727
2000-08-08,34.58333206176758,33.52083206176758,33.97916793823242,34.41666793823242,2121600.0,27.17382049560547
2000-08-09,34.16666793823242,33.52083206176758,34.16666793823242,33.875,1588200.0,26.74614906311035
2000-08-10,34.5,33.91666793823242,34.25,33.9375,1305000.0,26.79549789428711
2000-08-11,35.3125,34.02083206176758,34.02083206176758,35.0625,1322400.0,27.683752059936523
2000-08-14,35.14583206176758,34.66666793823242,35.0,34.66666793823242,2560800.0,27.371217727661133
2000-08-15,34.97916793823242,34.33333206176758,34.66666793823242,34.33333206176758,2048400.0,27.108022689819336
2000-08-16,34.97916793823242,34.27083206176758,34.75,34.27083206176758,2241900.0,27.058683395385742
2000-08-17,34.875,34.0,34.20833206176758,34.0,1538100.0,26.844844818115234
2000-08-18,34.08333206176758,33.72916793823242,34.0,33.72916793823242,1672500.0,26.630998611450195
2000-08-21,33.75,33.25,33.72916793823242,33.58333206176758,1469700.0,26.5158634185791
2000-08-22,34.0625,33.41666793823242,33.58333206176758,33.77083206176758,1738200.0,26.66390609741211
2000-08-23,34.25,32.79166793823242,33.97916793823242,32.875,2047200.0,25.956594467163086
2000-08-24,32.79166793823242,32.25,32.25,32.4375,1637400.0,25.611169815063477
2000-08-25,32.66666793823242,32.35416793823242,32.66666793823242,32.45833206176758,925200.0,25.627613067626953
2000-08-28,33.27083206176758,32.45833206176758,32.45833206176758,33.04166793823242,1948200.0,26.088186264038086
2000-08-29,33.0,32.60416793823242,32.95833206176758,32.79166793823242,2214000.0,25.890798568725586
2000-08-30,32.95833206176758,32.58333206176758,32.66666793823242,32.6875,1408800.0,25.80855369567871
2000-08-31,32.70833206176758,32.41666793823242,32.66666793823242,32.42186737060547,2301600.0,25.59882354736328
2000-09-01,32.4375,31.0625,32.4375,31.375,2033100.0,24.772262573242188
2000-09-05,31.95833396911621,31.35416603088379,31.375,31.697900772094727,2019000.0,25.027210235595703
2000-09-06,32.0,31.64583396911621,31.75,31.70833396911621,1425300.0,25.035449981689453
2000-09-07,31.8125,30.83333396911621,31.75,30.83333396911621,2042400.0,24.34459114074707
2000-09-08,30.33333396911621,29.66666603088379,30.16666603088379,29.97916603088379,3261900.0,23.91057586669922
2000-09-11,30.85416603088379,29.95833396911621,29.95833396911621,30.64583396911621,2243100.0,24.442293167114258
2000-09-12,31.04166603088379,30.25,30.83333396911621,30.25,2176200.0,24.1265869140625
2000-09-13,30.45833396911621,30.16666603088379,30.33333396911621,30.39583396911621,2705400.0,24.24289321899414
2000-09-14,31.33333396911621,30.54166603088379,30.58333396911621,31.08333396911621,2061300.0,24.791231155395508
2000-09-15,31.08333396911621,30.33333396911621,31.08333396911621,30.33333396911621,3795000.0,24.193050384521484
2000-09-18,30.375,29.10416603088379,30.33333396911621,29.375,2472300.0,23.428707122802734
2000-09-19,29.79166603088379,29.25,29.33333396911621,29.5625,3059100.0,23.57825469970703
2000-09-20,29.625,28.95833396911621,29.58333396911621,29.33333396911621,2820300.0,23.395479202270508
2000-09-21,30.29166603088379,29.41666603088379,29.91666603088379,29.66666603088379,2266800.0,23.661333084106445
2000-09-22,31.0625,30.0,30.08333396911621,30.9375,2518800.0,24.674917221069336
2000-09-25,31.566667556762695,30.91666603088379,31.33333396911621,31.383333206176758,3018300.0,25.030500411987305
2000-09-26,32.33333206176758,31.293333053588867,32.33333206176758,31.91666603088379,3801000.0,25.45587730407715
2000-09-27,34.66666793823242,31.91666603088379,32.0,34.11666488647461,3861900.0,27.210538864135742
2000-09-28,34.58333206176758,33.75,34.33333206176758,34.58333206176758,3472200.0,27.582733154296875
2000-09-29,35.33333206176758,34.33333206176758,34.33333206176758,34.79999923706055,3167400.0,27.755542755126953
2000-10-02,36.51333236694336,34.68333435058594,34.79999923706055,36.253334045410156,3239400.0,28.914688110351562
2000-10-03,36.16666793823242,35.37333297729492,36.16666793823242,35.66666793823242,2183400.0,28.446767807006836
2000-10-04,36.65999984741211,35.70000076293945,36.33333206176758,35.93333435058594,2760000.0,28.65945816040039
2000-10-05,37.49333190917969,35.91666793823242,35.91666793823242,37.47666549682617,2295000.0,29.8903751373291
2000-10-06,38.54999923706055,36.650001525878906,38.25,36.650001525878906,3176100.0,29.231060028076172
2000-10-09,36.913333892822266,36.34333419799805,36.650001525878906,36.41999816894531,1554000.0,29.047607421875
2000-10-10,37.56666564941406,36.21666717529297,36.41999816894531,36.83333206176758,2466600.0,29.377273559570312
2000-10-11,37.400001525878906,36.37333297729492,36.5,37.349998474121094,2345400.0,29.78936004638672
2000-10-12,37.41666793823242,36.54999923706055,37.33333206176758,36.91999816894531,3466500.0,29.446399688720703
2000-10-13,37.58333206176758,36.86666488647461,36.91999816894531,37.58333206176758,1991100.0,29.975446701049805
2000-10-16,38.61666488647461,37.209999084472656,37.33333206176758,38.41666793823242,2661300.0,30.640100479125977
2000-10-17,38.75,37.28333282470703,38.41999816894531,38.400001525878906,2298900.0,30.626813888549805
2000-10-18,38.663333892822266,37.83333206176758,38.16666793823242,38.3033332824707,1923000.0,30.549707412719727
2000-10-19,38.276668548583984,37.5,37.5,37.83333206176758,1731900.0,30.174848556518555
2000-10-20,38.36666488647461,37.61666488647461,37.83333206176758,37.96666717529297,1856100.0,30.281192779541016
2000-10-23,37.96666717529297,36.459999084472656,37.96666717529297,36.59000015258789,1578000.0,29.183198928833008
2000-10-24,37.766666412353516,36.5533332824707,36.599998474121094,37.04999923706055,2218500.0,29.550067901611328
2000-10-25,36.70000076293945,36.08000183105469,36.08333206176758,36.5,1826700.0,29.111413955688477
2000-10-26,37.849998474121094,36.53333282470703,36.66666793823242,37.16666793823242,2703900.0,29.64312171936035
2000-10-27,38.483333587646484,37.16666793823242,37.16666793823242,38.220001220703125,1901100.0,30.48324203491211
2000-10-30,39.61666488647461,38.150001525878906,38.220001220703125,39.516666412353516,4108200.0,31.517436981201172
2000-10-31,41.0,39.516666412353516,39.516666412353516,40.650001525878906,4608000.0,32.42134475708008
2000-11-01,40.0,39.0,40.0,40.0,2669100.0,31.90292739868164
2000-11-02,40.0,38.33333206176758,40.0,38.47666549682617,2348700.0,30.68795394897461
2000-11-03,39.599998474121094,38.38333511352539,38.5,38.6966667175293,2673600.0,30.863412857055664
2000-11-06,39.91666793823242,38.77000045776367,38.77000045776367,39.65666580200195,3915900.0,31.629091262817383
2000-11-07,40.686668395996094,38.79999923706055,38.83333206176758,39.96666717529297,2344800.0,31.876346588134766
2000-11-08,42.33333206176758,39.58333206176758,39.900001525878906,41.67333221435547,2873700.0,33.237525939941406
2000-11-09,42.56666564941406,40.13333511352539,41.16666793823242,41.06666564941406,2901900.0,32.753665924072266
2000-11-10,43.66666793823242,40.66666793823242,40.66666793823242,43.04666519165039,3073200.0,34.332855224609375
2000-11-13,44.720001220703125,42.16999816894531,43.04666519165039,42.66666793823242,4513800.0,34.029788970947266
2000-11-14,42.650001525878906,41.46333312988281,42.58333206176758,42.25,3397500.0,33.69746017456055
2000-11-15,43.29999923706055,41.64666748046875,42.253334045410156,42.38999938964844,2813400.0,33.80911636352539
2000-11-16,43.75,42.33333206176758,42.473331451416016,43.75,2128200.0,34.89381408691406
2000-11-17,44.16666793823242,42.233333587646484,43.33333206176758,42.75666809082031,1873200.0,34.1015739440918
2000-11-20,42.5,40.46666717529297,41.33333206176758,42.02333450317383,2947800.0,33.51668167114258
2000-11-21,41.95000076293945,41.0,41.66666793823242,41.310001373291016,1749300.0,32.94774627685547
2000-11-22,41.58333206176758,40.13333511352539,41.58333206176758,41.05666732788086,1584900.0,32.74570083618164
2000-11-24,41.53333282470703,40.25,40.66666793823242,41.099998474121094,1233600.0,32.780242919921875
2000-11-27,41.5,39.900001525878906,41.5,40.33333206176758,2478900.0,32.16877746582031
2000-11-28,41.21666717529297,40.25,40.336666107177734,40.25,2392500.0,32.10231399536133
2000-11-29,41.86000061035156,40.233333587646484,40.233333587646484,41.663333892822266,1612500.0,33.22955322265625
2000-11-30,44.61666488647461,42.25,42.33333206176758,43.91666793823242,3777600.0,35.02675247192383
2000-12-01,44.53333282470703,42.31666564941406,44.16666793823242,42.63666534423828,2716800.0,34.00585174560547
2000-12-04,43.83333206176758,42.06666564941406,42.33333206176758,42.61666488647461,1652100.0,33.98991012573242
2000-12-05,43.91999816894531,42.66666793823242,42.66666793823242,43.45000076293945,1944300.0,34.65454864501953
2000-12-06,43.88333511352539,42.83333206176758,42.83333206176758,43.413333892822266,1736400.0,34.62529373168945
2000-12-07,43.650001525878906,41.91666793823242,43.099998474121094,42.81999969482422,1667700.0,34.15208053588867
2000-12-08,43.96666717529297,42.53333282470703,42.849998474121094,43.08333206176758,1776300.0,34.36210250854492
2000-12-11,44.25,42.83333206176758,43.0,42.83333206176758,1440300.0,34.1627082824707
2000-12-12,42.89666748046875,41.53333282470703,42.53333282470703,42.37666702270508,2199900.0,33.79848861694336
2000-12-13,43.24333190917969,40.88333511352539,42.459999084472656,41.17333221435547,2441100.0,32.8387336730957
2000-12-14,41.25,39.03333282470703,41.18333435058594,40.9033317565918,2766600.0,32.623390197753906
2000-12-15,40.70000076293945,39.56999969482422,39.56999969482422,39.78333282470703,4021800.0,31.730117797851562
2000-12-18,40.83333206176758,39.33333206176758,39.516666412353516,40.59333419799805,3527400.0,32.37614059448242
2000-12-19,40.70000076293945,39.099998474121094,40.66666793823242,40.16666793823242,2244600.0,32.035858154296875
2000-12-20,42.78333282470703,39.66666793823242,39.97999954223633,42.54666519165039,3470100.0,34.1980094909668
2000-12-21,42.83333206176758,41.650001525878906,42.25,42.369998931884766,2205000.0,34.055999755859375
2000-12-22,44.16666793823242,42.36666488647461,42.369998931884766,43.81666564941406,2330100.0,35.21880340576172
2000-12-26,44.21666717529297,43.34000015258789,43.5,43.77000045776367,1066200.0,35.18130111694336
2000-12-27,44.83333206176758,43.0,43.33333206176758,44.233333587646484,1582800.0,35.55371856689453
2000-12-28,45.0,43.599998474121094,43.900001525878906,45.0,2503500.0,36.169960021972656
2000-12-29,45.58333206176758,44.099998474121094,45.0,44.099998474121094,1589700.0,35.4465446472168
2001-01-02,44.983333587646484,42.61666488647461,44.43333435058594,42.8033332824707,1867800.0,34.40431213378906
2001-01-03,43.619998931884766,42.41666793823242,42.70000076293945,42.83333206176758,2882400.0,34.42841720581055
2001-01-04,42.33333206176758,37.66666793823242,42.33333206176758,38.0,5146800.0,30.543508529663086
2001-01-05,40.03333282470703,37.58333206176758,38.29999923706055,38.33333206176758,4346400.0,30.81143569946289
2001-01-08,40.06666564941406,38.4900016784668,39.16666793823242,39.650001525878906,1925100.0,31.869741439819336
2001-01-09,40.099998474121094,39.53333282470703,39.66666793823242,39.93333435058594,2666400.0,32.097469329833984
2001-01-10,41.08333206176758,39.93333435058594,39.93333435058594,40.91666793823242,3167100.0,32.88785934448242
2001-01-11,40.88333511352539,38.25,40.75,38.79666519165039,1848900.0,31.183835983276367
2001-01-12,38.78333282470703,37.266666412353516,38.78333282470703,38.400001525878906,2668500.0,30.86501693725586
2001-01-16,39.13333511352539,37.849998474121094,38.0,38.41666793823242,3623700.0,30.878419876098633
2001-01-17,38.41666793823242,37.91666793823242,38.41666793823242,38.04666519165039,2775000.0,30.58101463317871
2001-01-18,38.48666763305664,37.95000076293945,38.04666519165039,38.09000015258789,2470200.0,30.6158504486084
2001-01-19,38.33333206176758,35.91666793823242,38.09333419799805,36.5,4893900.0,29.337839126586914
2001-01-22,38.91666793823242,36.58333206176758,36.58333206176758,38.19333267211914,2476200.0,30.698890686035156
2001-01-23,39.8466682434082,38.276668548583984,38.276668548583984,39.099998474121094,2562000.0,31.42766571044922
2001-01-24,40.46666717529297,38.33333206176758,38.33333206176758,40.15999984741211,3143100.0,32.279659271240234
2001-01-25,40.21666717529297,38.9566650390625,39.266666412353516,39.586666107177734,2227800.0,31.81884002685547
2001-01-26,40.81666564941406,39.586666107177734,39.586666107177734,40.41666793823242,2338200.0,32.48597717285156
2001-01-29,41.08333206176758,38.83333206176758,41.0,38.83333206176758,1943100.0,31.213329315185547
2001-01-30,38.33333206176758,37.33333206176758,38.33333206176758,38.029998779296875,2455200.0,30.56761932373047
2001-01-31,38.03333282470703,36.380001068115234,38.03333282470703,37.04999923706055,3431400.0,29.779926300048828
2001-02-01,38.400001525878906,36.96666717529297,37.04999923706055,38.0,3767700.0,30.543508529663086
2001-02-02,39.733333587646484,38.96666717529297,38.96666717529297,39.5,3513000.0,31.74917984008789
2001-02-05,41.08333206176758,39.849998474121094,40.08333206176758,40.503334045410156,2265900.0,32.55562210083008
2001-02-06,40.33333206176758,39.106666564941406,40.33333206176758,39.15999984741211,1595700.0,31.475889205932617
2001-02-07,40.87333297729492,39.79999923706055,39.83333206176758,39.93333435058594,2404200.0,32.097469329833984
2001-02-08,40.79999923706055,39.36666488647461,39.93333435058594,40.29666519165039,2685900.0,32.38951110839844
2001-02-09,40.33333206176758,35.0,40.33333206176758,36.91666793823242,12273900.0,29.672754287719727
2001-02-12,38.33333206176758,37.18333435058594,38.33333206176758,37.733333587646484,6195300.0,30.329164505004883
2001-02-13,37.90999984741211,37.233333587646484,37.83333206176758,37.516666412353516,3161400.0,30.155014038085938
2001-02-14,37.70000076293945,35.71666717529297,37.38333511352539,36.0,3594600.0,28.93594741821289
2001-02-15,36.28333282470703,35.61666488647461,36.25,36.08000183105469,3581400.0,29.000267028808594
2001-02-16,36.540000915527344,36.02000045776367,36.08000183105469,36.209999084472656,1983900.0,29.1047420501709
2001-02-20,36.5,35.08333206176758,36.22666549682617,35.43333435058594,3260700.0,28.480478286743164
2001-02-21,35.650001525878906,34.83333206176758,35.43333435058594,35.189998626708984,2320200.0,28.28489112854004
2001-02-22,35.53333282470703,34.83333206176758,35.43333435058594,35.33333206176758,3613200.0,28.40009880065918
2001-02-23,35.766666412353516,33.66666793823242,35.58333206176758,34.06666564941406,3132000.0,27.381990432739258
2001-02-26,35.58000183105469,34.16666793823242,34.16666793823242,35.36666488647461,2605500.0,28.42688751220703
2001-02-27,37.33333206176758,35.36666488647461,35.36666488647461,36.95333480834961,3381300.0,29.702213287353516
2001-02-28,37.233333587646484,36.349998474121094,37.233333587646484,36.55666732788086,2482500.0,29.38339614868164
2001-03-01,37.25,35.5,36.33333206176758,36.650001525878906,2941200.0,29.458404541015625
2001-03-02,38.63333511352539,36.25,36.25,37.473331451416016,2619000.0,30.12018394470215
2001-03-05,37.0,36.29666519165039,37.0,36.77333450317383,3251100.0,29.557538986206055
2001-03-06,37.16666793823242,36.4466667175293,36.776668548583984,36.79999923706055,1387200.0,29.578969955444336
2001-03-07,37.0,36.5099983215332,36.58333206176758,36.67333221435547,2210700.0,29.47715187072754
2001-03-08,37.66666793823242,36.67333221435547,36.676666259765625,37.483333587646484,1926600.0,30.128219604492188
2001-03-09,37.650001525878906,37.21666717529297,37.43333435058594,37.33333206176758,2375700.0,30.266040802001953
2001-03-12,37.573333740234375,36.86666488647461,37.266666412353516,36.9466667175293,2574600.0,29.952573776245117
2001-03-13,37.03333282470703,35.849998474121094,36.89666748046875,36.93333435058594,3786000.0,29.941768646240234
2001-03-14,36.663333892822266,35.96666717529297,36.33333206176758,36.21666717529297,2521500.0,29.360759735107422
2001-03-15,37.06666564941406,36.38333511352539,36.41666793823242,37.016666412353516,1963200.0,30.009319305419922
2001-03-16,37.13999938964844,35.119998931884766,36.33333206176758,35.59333419799805,2951700.0,28.85543441772461
2001-03-19,36.369998931884766,35.0099983215332,35.766666412353516,36.25,2903700.0,29.387786865234375
2001-03-20,36.44333267211914,35.16666793823242,36.16666793823242,35.16666793823242,1840500.0,28.50952911376953
2001-03-21,35.75,34.46666717529297,34.849998474121094,34.52333450317383,3559200.0,27.987979888916016
2001-03-22,34.53333282470703,33.099998474121094,34.53333282470703,33.46333312988281,5309700.0,27.128644943237305
2001-03-23,35.0,33.50666809082031,33.66666793823242,34.336666107177734,2343000.0,27.836650848388672
2001-03-26,35.58333206176758,34.58333206176758,34.58333206176758,35.0099983215332,1745400.0,28.382524490356445
2001-03-27,35.266666412353516,34.75,34.75,34.93333435058594,2382900.0,28.320371627807617
2001-03-28,34.650001525878906,33.16666793823242,34.56666564941406,33.43333435058594,4301700.0,27.104320526123047
2001-03-29,35.369998931884766,33.54666519165039,33.70000076293945,35.11666488647461,3287400.0,28.468990325927734
2001-03-30,36.439998626708984,35.323333740234375,35.66666793823242,35.78666687011719,2833800.0,29.012163162231445
2001-04-02,36.77333450317383,35.43333435058594,35.75,35.52333450317383,3123000.0,28.79867935180664
2001-04-03,35.496665954589844,34.849998474121094,35.20000076293945,34.939998626708984,2250000.0,28.325763702392578
2001-04-04,35.393333435058594,34.41666793823242,34.733333587646484,35.03333282470703,2401800.0,28.401439666748047
2001-04-05,35.65999984741211,34.58333206176758,35.33333206176758,35.5,3089400.0,28.779762268066406
2001-04-06,35.733333587646484,34.29999923706055,35.16666793823242,34.77333450317383,1735200.0,28.19066047668457
2001-04-09,34.779998779296875,34.14666748046875,34.606666564941406,34.63333511352539,1907700.0,28.07716178894043
2001-04-10,34.16666793823242,33.18333435058594,33.43333435058594,34.0,5471700.0,27.5637149810791
2001-04-11,34.0,33.32666778564453,34.0,33.61666488647461,3583500.0,27.252944946289062
2001-04-12,34.33333206176758,33.38333511352539,33.5,33.77333450317383,2925300.0,27.379955291748047
2001-04-16,34.0,33.233333587646484,33.66666793823242,33.33333206176758,2707200.0,27.023250579833984
2001-04-17,33.630001068115234,32.926666259765625,33.483333587646484,33.38333511352539,4218000.0,27.06378173828125
2001-04-18,33.823333740234375,33.28333282470703,33.5,33.5433349609375,4104300.0,27.193504333496094
2001-04-19,33.81666564941406,33.43333435058594,33.56666564941406,33.61666488647461,3007500.0,27.252944946289062
2001-04-20,33.79999923706055,33.41666793823242,33.58333206176758,33.63333511352539,3227700.0,27.266464233398438
2001-04-23,34.099998474121094,33.483333587646484,33.79999923706055,33.53333282470703,1476000.0,27.185392379760742
2001-04-24,33.650001525878906,32.56666564941406,33.53333282470703,32.606666564941406,3270900.0,26.434146881103516
2001-04-25,33.59333419799805,32.5,32.83333206176758,33.176666259765625,5102100.0,26.896240234375
2001-04-26,34.83333206176758,33.03333282470703,33.66666793823242,34.25,3102600.0,27.766395568847656
2001-04-27,35.67333221435547,35.0,35.16666793823242,35.66666793823242,3396900.0,28.914878845214844
2001-04-30,35.96333312988281,35.4466667175293,35.5,35.56666564941406,2581200.0,28.83380126953125
2001-05-01,36.41666793823242,35.220001220703125,35.33333206176758,36.233333587646484,2096100.0,29.37427520751953
2001-05-02,32.41666793823242,30.5,32.33333206176758,30.950000762939453,21155700.0,25.09109115600586
2001-05-03,30.690000534057617,29.60333251953125,30.350000381469727,29.933332443237305,11997600.0,24.266878128051758
2001-05-04,30.33333396911621,29.386667251586914,29.996665954589844,29.83333396911621,9839400.0,24.185808181762695
2001-05-07,30.100000381469727,29.253334045410156,29.78333282470703,29.280000686645508,4136100.0,23.73722267150879
2001-05-08,29.83333396911621,29.383333206176758,29.66666603088379,29.66666603088379,4443000.0,24.050687789916992
2001-05-09,30.66666603088379,29.65333366394043,29.66666603088379,30.66666603088379,5984400.0,24.86138916015625
2001-05-10,30.790000915527344,30.03333282470703,30.66666603088379,30.196666717529297,4873500.0,24.480363845825195
2001-05-11,31.133333206176758,30.196666717529297,30.196666717529297,31.0,4610700.0,25.131620407104492
2001-05-14,31.266666412353516,30.46666717529297,31.08333396911621,30.93000030517578,2904900.0,25.074874877929688
2001-05-15,31.336666107177734,30.616666793823242,30.93000030517578,31.116666793823242,2882400.0,25.22620391845703
2001-05-16,32.20000076293945,31.03333282470703,31.03333282470703,32.04999923706055,3137700.0,25.98285484313965
2001-05-17,31.633333206176758,31.023332595825195,31.58333396911621,31.329999923706055,6776400.0,25.399154663085938
2001-05-18,31.46666717529297,31.149999618530273,31.329999923706055,31.236665725708008,2997600.0,25.323486328125
2001-05-21,31.8799991607666,31.266666412353516,31.316667556762695,31.6299991607666,2806500.0,25.64235496520996
2001-05-22,32.099998474121094,31.16666603088379,31.6299991607666,31.5,1710300.0,25.536968231201172
2001-05-23,31.616666793823242,31.066667556762695,31.616666793823242,31.16666603088379,2050200.0,25.266742706298828
2001-05-24,31.49333381652832,31.0,31.0,31.31999969482422,2928600.0,25.391042709350586
2001-05-25,31.219999313354492,30.463333129882812,31.21666717529297,30.66666603088379,3220500.0,24.86138916015625
2001-05-29,31.350000381469727,30.553333282470703,30.66666603088379,31.329999923706055,2031000.0,25.399154663085938
2001-05-30,31.33333396911621,30.66666603088379,31.0,31.010000228881836,2212500.0,25.13973045349121
2001-05-31,31.733333587646484,30.71666717529297,31.013334274291992,31.489999771118164,2846700.0,25.528865814208984
2001-06-01,31.49333381652832,30.866666793823242,31.49333381652832,31.08333396911621,2483400.0,25.199180603027344
2001-06-04,31.08333396911621,30.773332595825195,30.83333396911621,31.08333396911621,2541900.0,25.199180603027344
2001-06-05,31.09666633605957,30.579999923706055,30.950000762939453,30.83333396911621,3735900.0,24.996501922607422
2001-06-06,31.133333206176758,30.809999465942383,30.91666603088379,31.116666793823242,3249600.0,25.22620391845703
2001-06-07,31.5,30.953332901000977,31.183332443237305,31.336666107177734,2140500.0,25.404558181762695
2001-06-08,31.763334274291992,31.33333396911621,31.5,31.60333251953125,1132800.0,25.88507843017578
2001-06-11,31.816667556762695,31.336666107177734,31.649999618530273,31.350000381469727,1545000.0,25.677579879760742
2001-06-12,31.75,31.100000381469727,31.35333251953125,31.696666717529297,2148900.0,25.961517333984375
2001-06-13,32.28333282470703,31.683332443237305,31.766666412353516,31.700000762939453,1702800.0,25.964248657226562
2001-06-14,31.520000457763672,30.766666412353516,31.520000457763672,30.799999237060547,1810500.0,25.227092742919922
2001-06-15,30.856666564941406,30.33333396911621,30.33333396911621,30.75,3367200.0,25.186145782470703
2001-06-18,31.149999618530273,30.770000457763672,30.866666793823242,30.94333267211914,1456800.0,25.34449577331543
2001-06-19,31.266666412353516,30.83333396911621,31.0,30.883333206176758,1097400.0,25.295351028442383
2001-06-20,31.53333282470703,30.899999618530273,30.899999618530273,31.183332443237305,1980000.0,25.54106330871582
2001-06-21,31.933332443237305,31.183332443237305,31.183332443237305,31.600000381469727,2042100.0,25.882341384887695
2001-06-22,31.719999313354492,31.40333366394043,31.5,31.5,1441800.0,25.800432205200195
2001-06-25,31.766666412353516,31.183332443237305,31.483333587646484,31.183332443237305,1518000.0,25.54106330871582
2001-06-26,31.799999237060547,31.100000381469727,31.183332443237305,31.33333396911621,2019600.0,25.66392707824707
2001-06-27,31.950000762939453,31.350000381469727,31.350000381469727,31.670000076293945,1721100.0,25.939678192138672
2001-06-28,32.53666687011719,31.66666603088379,31.66666603088379,31.83333396911621,2560500.0,26.07345962524414
2001-06-29,32.130001068115234,31.5,31.766666412353516,31.940000534057617,3793500.0,26.16082763671875
2001-07-02,32.06666564941406,31.703332901000977,31.883333206176758,31.823333740234375,1304400.0,26.06526756286621
2001-07-03,32.16666793823242,31.876667022705078,31.956666946411133,31.940000534057617,801900.0,26.16082763671875
2001-07-05,31.940000534057617,31.40999984741211,31.940000534057617,31.53333282470703,2497200.0,25.827735900878906
2001-07-06,31.649999618530273,31.03333282470703,31.46666717529297,31.066667556762695,2148000.0,25.445512771606445
2001-07-09,31.5,30.97333335876465,31.066667556762695,31.47333335876465,1551600.0,25.778596878051758
2001-07-10,31.5,31.270000457763672,31.5,31.296667098999023,2141400.0,25.63389778137207
2001-07-11,32.0,31.266666412353516,31.399999618530273,31.586666107177734,2133000.0,25.871421813964844
2001-07-12,32.27000045776367,31.503334045410156,31.83333396911621,32.16999816894531,2102700.0,26.349205017089844
2001-07-13,34.2400016784668,33.13333511352539,33.16666793823242,33.266666412353516,5396700.0,27.2474422454834
2001-07-16,33.650001525878906,33.20000076293945,33.599998474121094,33.45000076293945,2466300.0,27.397602081298828
2001-07-17,33.813331604003906,33.266666412353516,33.41666793823242,33.43333435058594,2483400.0,27.383960723876953
2001-07-18,33.91666793823242,33.36666488647461,33.5,33.83333206176758,2233500.0,27.711580276489258
2001-07-19,34.13333511352539,33.599998474121094,33.81666564941406,33.90666580200195,1260900.0,27.77164077758789
2001-07-20,34.026668548583984,33.276668548583984,33.90666580200195,33.31666564941406,1656000.0,27.28839874267578
2001-07-23,33.439998626708984,32.96666717529297,33.29999923706055,33.03333282470703,1032900.0,27.056325912475586
2001-07-24,33.33333206176758,32.5,32.86666488647461,32.74333190917969,1811100.0,26.818803787231445
2001-07-25,32.71666717529297,32.0,32.33333206176758,32.61333465576172,1645200.0,26.712329864501953
2001-07-26,33.163333892822266,32.369998931884766,32.43333435058594,33.13666534423828,1610100.0,27.140966415405273
2001-07-27,33.39666748046875,32.73666763305664,33.06666564941406,33.1966667175293,1509000.0,27.190113067626953
2001-07-30,34.63333511352539,33.08333206176758,33.21666717529297,33.7066650390625,2090700.0,27.60783576965332
2001-07-31,34.06666564941406,33.33333206176758,33.709999084472656,33.436668395996094,3835500.0,27.386695861816406
2001-08-01,29.96666717529297,28.8266658782959,29.399999618530273,28.883333206176758,17213100.0,23.657230377197266
2001-08-02,29.5,28.83333396911621,28.883333206176758,29.43666648864746,7308300.0,24.110435485839844
2001-08-03,29.58333396911621,29.43666648864746,29.43666648864746,29.53333282470703,3955200.0,24.189624786376953
2001-08-06,29.979999542236328,29.5,29.5,29.836666107177734,2898900.0,24.43807029724121
2001-08-07,30.149999618530273,29.780000686645508,29.84000015258789,29.963333129882812,3072900.0,24.54181480407715
2001-08-08,30.09666633605957,29.799999237060547,29.850000381469727,29.920000076293945,2286600.0,24.50632095336914
2001-08-09,30.030000686645508,29.4233341217041,29.866666793823242,29.71666717529297,2529600.0,24.339780807495117
2001-08-10,30.25,29.60333251953125,29.71666717529297,29.950000762939453,1908000.0,24.530895233154297
2001-08-13,30.293333053588867,29.5,30.16666603088379,29.5,1953300.0,24.16231346130371
2001-08-14,29.983333587646484,29.433332443237305,29.433332443237305,29.893333435058594,1625100.0,24.484479904174805
2001-08-15,30.28333282470703,29.83333396911621,29.893333435058594,30.03333282470703,1624200.0,24.59914779663086
2001-08-16,30.229999542236328,29.90333366394043,30.0,30.1733341217041,1558200.0,24.713815689086914
2001-08-17,30.133333206176758,29.96666717529297,30.09000015258789,30.05666732788086,1230900.0,24.618255615234375
2001-08-20,30.126667022705078,29.983333587646484,30.0,30.016666412353516,1029000.0,24.585494995117188
2001-08-21,30.426666259765625,30.0,30.0,30.003334045410156,1446300.0,24.574575424194336
2001-08-22,30.5,29.850000381469727,30.003334045410156,30.386667251586914,1346700.0,24.8885440826416
2001-08-23,30.616666793823242,30.066667556762695,30.233333587646484,30.536666870117188,1672500.0,25.01140785217285
2001-08-24,30.536666870117188,29.91666603088379,30.536666870117188,30.023332595825195,1962000.0,24.59095573425293
2001-08-27,30.366666793823242,29.773332595825195,29.866666793823242,30.15333366394043,1643100.0,24.69744110107422
2001-08-28,30.450000762939453,30.170000076293945,30.233333587646484,30.33333396911621,1722600.0,24.844863891601562
2001-08-29,30.78333282470703,30.360000610351562,30.433332443237305,30.479999542236328,1886400.0,24.96499252319336
2001-08-30,30.616666793823242,30.233333587646484,30.450000762939453,30.33333396911621,1684500.0,24.844863891601562
2001-08-31,30.49333381652832,30.0,30.399999618530273,30.0,1671900.0,24.571849822998047
2001-09-04,30.613332748413086,30.0,30.03333282470703,30.399999618530273,1932900.0,24.89946937561035
2001-09-05,30.503334045410156,29.816667556762695,30.399999618530273,30.236665725708008,1676100.0,24.76568603515625
2001-09-06,30.33333396911621,29.83333396911621,30.21666717529297,29.950000762939453,1552200.0,24.530895233154297
2001-09-07,29.66666603088379,28.66666603088379,29.66666603088379,28.850000381469727,3046200.0,23.62992286682129
2001-09-10,29.799999237060547,28.733333587646484,28.746665954589844,29.59000015258789,2173500.0,24.507862091064453
2001-09-17,29.003334045410156,28.116666793823242,29.0,28.503334045410156,4147500.0,23.60784149169922
2001-09-18,29.03333282470703,28.433332443237305,28.5,28.8799991607666,2670900.0,23.919811248779297
2001-09-19,28.96666717529297,28.1733341217041,28.91666603088379,28.41666603088379,4032900.0,23.536054611206055
2001-09-20,28.023332595825195,27.299999237060547,27.91666603088379,27.450000762939453,3443100.0,22.735416412353516
2001-09-21,27.133333206176758,26.253334045410156,26.976667404174805,26.633333206176758,4472400.0,22.05901336669922
2001-09-24,26.78333282470703,25.733333587646484,26.649999618530273,26.010000228881836,4546200.0,21.542734146118164
2001-09-25,25.983333587646484,25.16666603088379,25.983333587646484,25.860000610351562,6541200.0,21.418502807617188
2001-09-26,26.733333587646484,25.803333282470703,25.866666793823242,26.663333892822266,5119200.0,22.083858489990234
2001-09-27,26.766666412353516,26.5,26.746665954589844,26.71666717529297,4836900.0,22.128034591674805
2001-09-28,27.66666603088379,26.803333282470703,27.0,27.649999618530273,3615300.0,22.901065826416016
2001-10-01,28.0,27.16666603088379,27.83333396911621,27.639999389648438,3025800.0,22.89278793334961
2001-10-02,27.733333587646484,27.5,27.633333206176758,27.71666717529297,2127900.0,22.956275939941406
2001-10-03,28.58333396911621,27.600000381469727,27.71666717529297,28.233333587646484,2853600.0,23.384212493896484
2001-10-04,28.46666717529297,28.0,28.399999618530273,28.25,1430400.0,23.39801597595215
2001-10-05,28.5,27.476667404174805,28.41666603088379,28.266666412353516,2116800.0,23.41181755065918
2001-10-08,28.270000457763672,27.33333396911621,28.270000457763672,27.46666717529297,1992000.0,22.749225616455078
2001-10-09,28.133333206176758,27.290000915527344,27.33333396911621,28.03333282470703,2048100.0,23.218557357788086
2001-10-10,28.46666717529297,27.913333892822266,28.299999237060547,28.316667556762695,1432800.0,23.453231811523438
2001-10-11,28.64666748046875,28.03333282470703,28.343334197998047,28.03333282470703,1784700.0,23.218557357788086
2001-10-12,28.049999237060547,27.329999923706055,28.036666870117188,27.729999542236328,2136600.0,22.967329025268555
2001-10-15,27.99333381652832,27.43666648864746,27.66666603088379,27.843334197998047,1601100.0,23.061201095581055
2001-10-16,28.399999618530273,27.816667556762695,27.96666717529297,28.22333335876465,1282800.0,23.375930786132812
2001-10-17,28.266666412353516,27.33333396911621,28.25,27.829999923706055,2160000.0,23.050153732299805
2001-10-18,27.83333396911621,26.58333396911621,27.66666603088379,26.793333053588867,2656500.0,22.191532135009766
2001-10-19,26.799999237060547,26.266666412353516,26.616666793823242,26.68000030517578,2395800.0,22.097665786743164
2001-10-22,26.74333381652832,26.0,26.633333206176758,26.696666717529297,3226200.0,22.111465454101562
2001-10-23,26.733333587646484,26.33333396911621,26.719999313354492,26.450000762939453,1563900.0,21.907169342041016
2001-10-24,26.28333282470703,25.66666603088379,26.25,25.829999923706055,3611100.0,21.393657684326172
2001-10-25,25.996665954589844,25.33333396911621,25.799999237060547,25.766666412353516,3420300.0,21.341197967529297
2001-10-26,25.860000610351562,25.5,25.766666412353516,25.683332443237305,1844100.0,21.272178649902344
2001-10-29,25.676666259765625,24.9233341217041,25.643333435058594,25.366666793823242,2777700.0,21.009902954101562
2001-10-30,25.43000030517578,24.700000762939453,25.366666793823242,24.81333351135254,2061300.0,20.55160140991211
2001-10-31,25.0,24.0,25.0,24.299999237060547,3896100.0,20.126434326171875
2001-11-01,24.299999237060547,23.286666870117188,24.299999237060547,23.8700008392334,7809600.0,19.77029037475586
2001-11-02,27.196666717529297,25.5,25.5,26.633333206176758,10817400.0,22.05901336669922
2001-11-05,27.5,26.899999618530273,26.91666603088379,26.969999313354492,3627000.0,22.337858200073242
2001-11-06,28.24333381652832,26.986665725708008,26.986665725708008,27.829999923706055,3017100.0,23.050153732299805
2001-11-07,27.983333587646484,26.700000762939453,27.83333396911621,26.700000762939453,4857000.0,22.114233016967773
2001-11-08,27.626667022705078,26.753334045410156,26.753334045410156,27.25,2370900.0,22.569774627685547
2001-11-09,27.446666717529297,26.983333587646484,27.25,27.020000457763672,2519100.0,22.379270553588867
2001-11-12,27.700000762939453,26.670000076293945,27.10333251953125,27.30666732788086,1878600.0,22.616695404052734
2001-11-13,28.329999923706055,27.5,27.5,28.03333282470703,2097600.0,23.218557357788086
2001-11-14,28.600000381469727,27.89666748046875,28.16666603088379,27.976667404174805,2266500.0,23.1716251373291
2001-11-15,28.316667556762695,27.816667556762695,28.143333435058594,28.016666412353516,1785300.0,23.20475959777832
2001-11-16,28.78333282470703,28.21666717529297,28.399999618530273,28.616666793823242,2959500.0,23.701704025268555
2001-11-19,29.66666603088379,28.5,28.66666603088379,29.389999389648438,3158700.0,24.342214584350586
2001-11-20,29.733333587646484,28.933332443237305,29.33333396911621,29.299999237060547,2741400.0,24.267677307128906
2001-11-21,30.0,29.133333206176758,29.366666793823242,29.450000762939453,2229900.0,24.39191436767578
2001-11-23,29.91666603088379,29.450000762939453,29.450000762939453,29.746665954589844,710100.0,24.637624740600586
2001-11-26,30.003334045410156,29.566667556762695,30.0,30.0,3115500.0,24.847454071044922
2001-11-27,30.299999237060547,29.5,29.58333396911621,30.133333206176758,3123600.0,24.957889556884766
2001-11-28,30.299999237060547,29.83333396911621,29.83333396911621,30.09666633605957,2418000.0,24.927515029907227
2001-11-29,30.5,29.75,29.933332443237305,30.386667251586914,1782000.0,25.167699813842773
2001-11-30,30.66666603088379,30.200000762939453,30.33333396911621,30.40999984741211,2092800.0,25.18703269958496
2001-12-03,30.59666633605957,29.96666717529297,30.066667556762695,30.383333206176758,2739900.0,25.164941787719727
2001-12-04,30.58333396911621,30.010000228881836,30.399999618530273,30.5,2386200.0,25.26157569885254
2001-12-05,30.60333251953125,29.91666603088379,30.16666603088379,30.383333206176758,2582700.0,25.164941787719727
2001-12-06,31.100000381469727,30.399999618530273,30.549999237060547,30.983333587646484,1641900.0,25.661897659301758
2001-12-07,31.633333206176758,30.66666603088379,30.66666603088379,31.433332443237305,2188800.0,26.034605026245117
2001-12-10,31.233333587646484,30.600000381469727,31.0,30.600000381469727,2025600.0,25.34439468383789
2001-12-11,30.816667556762695,30.56333351135254,30.75,30.64666748046875,1530000.0,25.65130043029785
2001-12-12,30.733333587646484,30.143333435058594,30.64666748046875,30.303333282470703,1418100.0,25.36392593383789
2001-12-13,30.100000381469727,29.803333282470703,30.08333396911621,29.913333892822266,1817100.0,25.125940322875977
2001-12-14,29.933332443237305,29.639999389648438,29.933332443237305,29.799999237060547,2405700.0,25.03074836730957
2001-12-17,30.03333282470703,29.46666717529297,29.58333396911621,29.66666603088379,3026700.0,24.91874885559082
2001-12-18,30.113332748413086,29.823333740234375,29.96666717529297,30.066667556762695,2169900.0,25.254741668701172
2001-12-19,30.6200008392334,29.66666603088379,29.66666603088379,30.59666633605957,1946400.0,25.699918746948242
2001-12-20,30.75,30.133333206176758,30.59666633605957,30.75,1823100.0,25.828710556030273
2001-12-21,30.43000030517578,29.866666793823242,30.350000381469727,29.983333587646484,3242100.0,25.18474006652832
2001-12-24,30.100000381469727,29.66666603088379,29.66666603088379,30.03333282470703,545100.0,25.226730346679688
2001-12-26,30.366666793823242,29.950000762939453,29.950000762939453,30.21666717529297,1036800.0,25.380727767944336
2001-12-27,30.516666412353516,30.0,30.0,30.47333335876465,1152600.0,25.596317291259766
2001-12-28,31.040000915527344,30.53333282470703,30.55666732788086,30.953332901000977,1344900.0,25.999494552612305
2001-12-31,31.299999237060547,30.616666793823242,30.733333587646484,30.883333206176758,1200000.0,25.94070053100586
2002-01-02,30.83333396911621,30.066667556762695,30.83333396911621,30.703332901000977,1578900.0,25.78951072692871
2002-01-03,30.700000762939453,30.10333251953125,30.6200008392334,30.513334274291992,1184100.0,25.62991714477539
2002-01-04,30.829999923706055,30.433332443237305,30.566667556762695,30.746665954589844,1570500.0,25.825912475585938
2002-01-07,30.796667098999023,30.433332443237305,30.633333206176758,30.5,1362600.0,25.61871910095215
2002-01-08,30.41666603088379,29.83333396911621,30.383333206176758,30.33333396911621,1881300.0,25.478727340698242
2002-01-09,31.450000762939453,30.399999618530273,30.41666603088379,31.06999969482422,1790100.0,26.09749412536621
2002-01-10,31.08333396911621,30.58333396911621,30.83333396911621,30.83333396911621,1708800.0,25.89870262145996
2002-01-11,31.266666412353516,30.450000762939453,30.700000762939453,31.066667556762695,1528800.0,26.094696044921875
2002-01-14,31.523332595825195,30.933332443237305,31.066667556762695,31.163333892822266,1507200.0,26.175893783569336
2002-01-15,31.5,30.866666793823242,31.183332443237305,31.46666717529297,1610700.0,26.43067741394043
2002-01-16,31.6733341217041,31.170000076293945,31.399999618530273,31.33333396911621,1415400.0,26.31868553161621
2002-01-17,31.33333396911621,30.883333206176758,31.200000762939453,31.176666259765625,1253400.0,26.187095642089844
2002-01-18,31.316667556762695,30.766666412353516,31.049999237060547,31.043333053588867,1777200.0,26.07509422302246
2002-01-22,30.996665954589844,30.41666603088379,30.996665954589844,30.586666107177734,1429500.0,25.69151496887207
2002-01-23,30.66666603088379,30.329999923706055,30.616666793823242,30.53333282470703,2843400.0,25.64671516418457
2002-01-24,31.03333282470703,30.399999618530273,30.46666717529297,31.03333282470703,1786800.0,26.066692352294922
2002-01-25,31.260000228881836,30.766666412353516,31.03333282470703,31.133333206176758,1839900.0,26.15069580078125
2002-01-28,30.546667098999023,29.766666412353516,30.516666412353516,30.28333282470703,3066600.0,25.436729431152344
2002-01-29,30.450000762939453,29.53333282470703,30.149999618530273,29.809999465942383,1875000.0,25.039152145385742
2002-01-30,29.829999923706055,29.329999923706055,29.549999237060547,29.683332443237305,2959200.0,24.932750701904297
2002-01-31,30.66666603088379,29.65333366394043,29.66666603088379,30.66666603088379,2100900.0,25.758712768554688
2002-02-01,31.049999237060547,30.366666793823242,30.41666603088379,31.049999237060547,2255700.0,26.0806884765625
2002-02-04,31.020000457763672,30.013334274291992,31.016666412353516,30.040000915527344,1475100.0,25.232337951660156
2002-02-05,30.46666717529297,29.83333396911621,30.049999237060547,29.873332977294922,1678800.0,25.092342376708984
2002-02-06,30.03333282470703,29.763334274291992,29.89666748046875,29.856666564941406,1537200.0,25.07834243774414
2002-02-07,30.049999237060547,29.66666603088379,29.856666564941406,29.893333435058594,1830600.0,25.109142303466797
2002-02-08,30.799999237060547,29.66666603088379,30.299999237060547,30.316667556762695,3315900.0,25.4647274017334
2002-02-11,30.75,29.91666603088379,29.91666603088379,30.5,1702200.0,25.61871910095215
2002-02-12,31.06999969482422,30.25,30.683332443237305,30.399999618530273,1336500.0,25.53472328186035
2002-02-13,31.700000762939453,30.540000915527344,30.66666603088379,31.383333206176758,2391300.0,26.36067771911621
2002-02-14,31.66666603088379,31.149999618530273,31.383333206176758,31.536666870117188,1449600.0,26.489473342895508
2002-02-15,31.66666603088379,30.950000762939453,31.536666870117188,31.229999542236328,1540500.0,26.231882095336914
2002-02-19,31.566667556762695,30.633333206176758,31.233333587646484,30.71666717529297,1716600.0,25.800704956054688
2002-02-20,31.253334045410156,30.239999771118164,30.71666717529297,31.226667404174805,1605600.0,26.229087829589844
2002-02-21,31.33333396911621,30.866666793823242,30.866666793823242,31.016666412353516,1574100.0,26.052696228027344
2002-02-22,30.996665954589844,30.633333206176758,30.96666717529297,30.766666412353516,1341300.0,25.842708587646484
2002-02-25,30.96666717529297,30.566667556762695,30.566667556762695,30.83333396911621,1565700.0,25.89870262145996
2002-02-26,31.549999237060547,30.866666793823242,30.883333206176758,31.260000228881836,2250900.0,26.257083892822266
2002-02-27,31.823333740234375,31.0,31.33333396911621,31.293333053588867,1872900.0,26.285093307495117
2002-02-28,32.400001525878906,29.25,31.5,29.899999618530273,15949200.0,25.11474609375
2002-03-01,31.5,30.25,30.5,31.5,7626900.0,26.45867156982422
2002-03-04,32.75,31.33333396911621,31.663333892822266,31.766666412353516,3923100.0,26.682666778564453
2002-03-05,32.68333435058594,31.670000076293945,31.766666412353516,32.150001525878906,2607000.0,27.004648208618164
2002-03-06,32.66666793823242,32.08333206176758,32.29999923706055,32.369998931884766,2200200.0,27.18943977355957
2002-03-07,32.36666488647461,31.600000381469727,32.36666488647461,32.08333206176758,1813800.0,26.948652267456055
2002-03-08,32.79999923706055,32.150001525878906,32.33333206176758,32.19333267211914,2267700.0,27.041048049926758
2002-03-11,32.356666564941406,32.04999923706055,32.13333511352539,32.25,1355400.0,27.36919403076172
2002-03-12,32.349998474121094,32.08333206176758,32.16666793823242,32.349998474121094,1233900.0,27.454059600830078
2002-03-13,32.349998474121094,31.866666793823242,32.349998474121094,32.12666702270508,2104200.0,27.2645263671875
2002-03-14,32.233333587646484,31.766666412353516,31.96666717529297,32.0433349609375,1652100.0,27.19380760192871
2002-03-15,32.10333251953125,31.91666603088379,32.0433349609375,32.0,1823100.0,27.15703010559082
2002-03-18,32.099998474121094,31.899999618530273,32.06666564941406,32.0966682434082,1495800.0,27.239070892333984
2002-03-19,32.41666793823242,32.063331604003906,32.11666488647461,32.233333587646484,2219700.0,27.355051040649414
2002-03-20,33.16666793823242,32.20000076293945,32.233333587646484,32.93333435058594,3828300.0,27.949111938476562
2002-03-21,33.33333206176758,32.73666763305664,32.78333282470703,33.13333511352539,2014800.0,28.11884307861328
2002-03-22,33.086666107177734,32.83333206176758,32.96666717529297,32.970001220703125,2764200.0,27.980228424072266
2002-03-25,33.13333511352539,32.766666412353516,32.83333206176758,32.836666107177734,1380600.0,27.867074966430664
2002-03-26,33.16666793823242,32.62666702270508,32.836666107177734,32.92333221435547,1466400.0,27.940622329711914
2002-03-27,33.43333435058594,32.8033332824707,32.83333206176758,33.27000045776367,1305900.0,28.23482322692871
2002-03-28,33.84000015258789,33.22999954223633,33.25,33.79666519165039,1252500.0,28.68177604675293
2002-04-01,34.0099983215332,33.40666580200195,33.46333312988281,34.0099983215332,1932300.0,28.862825393676758
2002-04-02,34.91666793823242,33.83333206176758,33.83333206176758,34.8466682434082,2505000.0,29.57286834716797
2002-04-03,35.279998779296875,34.5533332824707,34.790000915527344,35.04999923706055,3359100.0,29.74542999267578
2002-04-04,35.51333236694336,34.83333206176758,34.83333206176758,35.29999923706055,2145900.0,29.957603454589844
2002-04-05,35.63333511352539,35.12666702270508,35.16666793823242,35.29666519165039,2081700.0,29.954771041870117
2002-04-08,35.49333190917969,34.983333587646484,35.0,35.3466682434082,2149800.0,29.997211456298828
2002-04-09,35.43333435058594,35.06666564941406,35.32666778564453,35.09333419799805,2003400.0,29.78221893310547
2002-04-10,36.266666412353516,35.13333511352539,35.25,36.11333465576172,3393300.0,30.647844314575195
2002-04-11,36.36333465576172,35.91666793823242,36.21666717529297,36.003334045410156,1978200.0,30.55449867248535
2002-04-12,36.58333206176758,35.880001068115234,36.003334045410156,36.43333435058594,2532900.0,30.919401168823242
2002-04-15,36.36666488647461,35.4900016784668,36.33333206176758,35.62333297729492,1847100.0,30.231998443603516
2002-04-16,35.900001525878906,35.400001525878906,35.62666702270508,35.83000183105469,1915500.0,30.407394409179688
2002-04-17,36.58333206176758,35.78333282470703,35.83000183105469,36.150001525878906,2127900.0,30.678974151611328
2002-04-18,36.53333282470703,36.04999923706055,36.233333587646484,36.22666549682617,2288700.0,30.744020462036133
2002-04-19,36.44333267211914,35.93333435058594,36.22999954223633,36.04666519165039,2292300.0,30.591251373291016
2002-04-22,36.31666564941406,35.900001525878906,36.20000076293945,36.063331604003906,1993500.0,30.605403900146484
2002-04-23,36.0533332824707,35.33000183105469,36.04999923706055,35.33000183105469,1778100.0,29.983062744140625
2002-04-24,35.4900016784668,34.97666549682617,35.0966682434082,35.016666412353516,2686800.0,29.717132568359375
2002-04-25,36.06999969482422,35.016666412353516,35.016666412353516,35.776668548583984,5194500.0,30.362119674682617
2002-04-26,36.08000183105469,35.5,35.63333511352539,35.81999969482422,1545000.0,30.398900985717773
2002-04-29,36.08000183105469,35.56999969482422,35.81999969482422,35.66666793823242,1660500.0,30.268781661987305
2002-04-30,36.68333435058594,35.53333282470703,35.75,36.33333206176758,3678900.0,30.834537506103516
2002-05-01,37.0,36.0433349609375,36.53333282470703,36.94333267211914,2164200.0,31.352224349975586
2002-05-02,36.529998779296875,34.66666793823242,36.33333206176758,34.66666793823242,8746800.0,29.42011260986328
2002-05-03,35.15999984741211,33.95333480834961,34.83000183105469,34.720001220703125,3310500.0,29.465375900268555
2002-05-06,35.099998474121094,33.58333206176758,34.58333206176758,33.62666702270508,2514600.0,28.537511825561523
2002-05-07,33.86666488647461,32.91666793823242,33.58333206176758,33.09333419799805,2451600.0,28.084897994995117
2002-05-08,34.33000183105469,32.93333435058594,33.53333282470703,34.13333511352539,2625900.0,28.96750831604004
2002-05-09,35.03333282470703,34.003334045410156,34.016666412353516,34.20000076293945,1931100.0,29.024080276489258
2002-05-10,34.90666580200195,34.099998474121094,34.5,34.1533317565918,1477800.0,28.984466552734375
2002-05-13,34.62666702270508,34.11666488647461,34.15666580200195,34.380001068115234,2066400.0,29.176834106445312
2002-05-14,35.060001373291016,34.08333206176758,34.66666793823242,34.723331451416016,2439600.0,29.468212127685547
2002-05-15,35.21333312988281,34.61666488647461,34.83333206176758,34.7933349609375,1954500.0,29.527605056762695
2002-05-16,35.209999084472656,33.93333435058594,34.86666488647461,34.380001068115234,3132900.0,29.176834106445312
2002-05-17,35.099998474121094,34.643333435058594,34.66666793823242,34.8466682434082,2884200.0,29.57286834716797
2002-05-20,34.86333465576172,34.16666793823242,34.58333206176758,34.65999984741211,1992300.0,29.414461135864258
2002-05-21,34.96666717529297,33.91666793823242,34.65999984741211,33.91666793823242,2047800.0,28.78362464904785
2002-05-22,34.53333282470703,33.849998474121094,33.849998474121094,34.33333206176758,1404300.0,29.137235641479492
2002-05-23,34.79999923706055,34.503334045410156,34.54999923706055,34.71666717529297,1309500.0,29.46254539489746
2002-05-24,35.0,34.53333282470703,34.68333435058594,34.936668395996094,1056000.0,29.649261474609375
2002-05-28,35.03333282470703,34.50666809082031,34.939998626708984,35.0,1617300.0,29.7030029296875
2002-05-29,35.32666778564453,34.86666488647461,34.93333435058594,35.016666412353516,1405800.0,29.717132568359375
2002-05-30,35.650001525878906,34.93333435058594,34.96666717529297,35.310001373291016,1592700.0,29.966083526611328
2002-05-31,35.733333587646484,35.233333587646484,35.33333206176758,35.349998474121094,2002200.0,30.000032424926758
2002-06-03,35.6533317565918,35.16666793823242,35.35333251953125,35.21666717529297,2069700.0,29.88687515258789
2002-06-04,35.18333435058594,34.323333740234375,35.150001525878906,34.52000045776367,2819400.0,29.295650482177734
2002-06-05,34.75,34.3033332824707,34.45000076293945,34.61666488647461,2184900.0,29.3776798248291
2002-06-06,34.72999954223633,34.176666259765625,34.67333221435547,34.5,1823700.0,29.27867317199707
2002-06-07,34.83333206176758,34.08333206176758,34.5,34.099998474121094,3600300.0,28.939210891723633
2002-06-10,34.33333206176758,33.86666488647461,34.06666564941406,34.073333740234375,2355900.0,29.19915008544922
2002-06-11,34.766666412353516,34.21666717529297,34.599998474121094,34.35333251953125,2377500.0,29.439098358154297
2002-06-12,35.0,34.20000076293945,34.35333251953125,34.81999969482422,2242200.0,29.839006423950195
2002-06-13,34.85333251953125,34.13999938964844,34.5,34.14666748046875,1449300.0,29.26199722290039
2002-06-14,34.14666748046875,32.93333435058594,34.14666748046875,32.970001220703125,3936600.0,28.253646850585938
2002-06-17,34.11666488647461,33.18333435058594,33.20000076293945,34.04999923706055,1873500.0,29.179157257080078
2002-06-18,34.43333435058594,33.71333312988281,34.0,34.30666732788086,1797000.0,29.39910888671875
2002-06-19,34.246665954589844,33.560001373291016,34.0,33.560001373291016,1710600.0,28.759252548217773
2002-06-20,33.61000061035156,32.88666534423828,33.36666488647461,33.08333206176758,3173400.0,28.35076904296875
2002-06-21,33.33000183105469,32.5966682434082,32.91666793823242,32.78333282470703,3113100.0,28.09368324279785
2002-06-24,32.91666793823242,32.03333282470703,32.5,32.233333587646484,3250800.0,27.62236213684082
2002-06-25,32.766666412353516,32.20000076293945,32.233333587646484,32.32666778564453,3145200.0,27.702342987060547
2002-06-26,32.33000183105469,31.616666793823242,32.33000183105469,32.15999984741211,2733300.0,27.55952262878418
2002-06-27,32.83333206176758,32.06666564941406,32.233333587646484,32.65666580200195,1835700.0,27.985136032104492
2002-06-28,33.20000076293945,32.436668395996094,32.619998931884766,32.473331451416016,2604000.0,27.828031539916992
2002-07-01,32.650001525878906,31.989999771118164,32.5,32.040000915527344,2392200.0,27.456689834594727
2002-07-02,32.31666564941406,31.3799991607666,31.96666717529297,31.46666717529297,3026100.0,26.965370178222656
2002-07-03,31.959999084472656,31.433332443237305,31.433332443237305,31.786666870117188,1949400.0,27.23959732055664
2002-07-05,32.75,31.899999618530273,32.0,32.5433349609375,867300.0,27.88802146911621
2002-07-08,32.79999923706055,32.13333511352539,32.5,32.26333236694336,1572900.0,27.648075103759766
2002-07-09,32.5,30.946666717529297,32.21666717529297,30.96666717529297,1524300.0,26.536895751953125
2002-07-10,31.613332748413086,29.899999618530273,31.049999237060547,29.94333267211914,3826500.0,25.659944534301758
2002-07-11,30.600000381469727,29.399999618530273,29.94333267211914,29.83333396911621,4150200.0,25.565683364868164
2002-07-12,30.0,29.450000762939453,30.0,29.75,3766800.0,25.494266510009766
2002-07-15,29.75,28.03333282470703,29.75,29.433332443237305,4641900.0,25.2228946685791
2002-07-16,29.5,28.600000381469727,29.299999237060547,28.77666664123535,3300600.0,24.660175323486328
2002-07-17,29.316667556762695,28.183332443237305,28.799999237060547,28.44333267211914,3083400.0,24.374523162841797
2002-07-18,29.25,27.49333381652832,28.66666603088379,27.600000381469727,3359400.0,23.65182876586914
2002-07-19,27.913333892822266,27.25,27.600000381469727,27.386667251586914,3171300.0,23.469013214111328
2002-07-22,28.33333396911621,26.336666107177734,27.386667251586914,26.463333129882812,3675300.0,22.67776107788086
2002-07-23,26.956666946411133,25.616666793823242,26.399999618530273,25.81333351135254,3605700.0,22.12074089050293
2002-07-24,27.66666603088379,25.016666412353516,25.33333396911621,27.299999237060547,4249800.0,23.39474105834961
2002-07-25,27.983333587646484,26.47333335876465,27.5,27.093334197998047,3739800.0,23.217636108398438
2002-07-26,27.983333587646484,26.950000762939453,27.66666603088379,27.58333396911621,4830000.0,23.63754653930664
2002-07-29,28.866666793823242,27.703332901000977,27.75,28.77666664123535,2817300.0,24.660175323486328
2002-07-30,29.58333396911621,28.116666793823242,28.5,28.626667022705078,4965300.0,24.531635284423828
2002-07-31,30.0,28.516666412353516,28.626667022705078,30.0,4057500.0,25.708511352539062
2002-08-01,30.0,28.91666603088379,30.0,29.15999984741211,3913500.0,24.98866844177246
2002-08-02,28.8700008392334,27.683332443237305,28.866666793823242,27.983333587646484,6292800.0,23.980323791503906
2002-08-05,27.503334045410156,26.450000762939453,27.5,26.486665725708008,4718100.0,22.6977596282959
2002-08-06,27.233333587646484,26.299999237060547,26.700000762939453,26.549999237060547,3411900.0,22.752025604248047
2002-08-07,26.983333587646484,25.799999237060547,26.83333396911621,26.263334274291992,3711300.0,22.506370544433594
2002-08-08,27.41666603088379,26.350000381469727,26.58333396911621,27.373332977294922,3770100.0,23.45758819580078
2002-08-09,27.963333129882812,26.96666717529297,27.373332977294922,27.796667098999023,2545500.0,23.82036590576172
2002-08-12,27.866666793823242,27.16666603088379,27.66666603088379,27.64666748046875,1560900.0,23.691823959350586
2002-08-13,27.663333892822266,26.58333396911621,27.266666412353516,26.719999313354492,1922700.0,22.897708892822266
2002-08-14,27.40999984741211,26.21666717529297,26.799999237060547,27.399999618530273,2282400.0,23.480438232421875
2002-08-15,28.0,27.200000762939453,27.5,27.760000228881836,2243100.0,23.7889404296875
2002-08-16,28.18666648864746,27.573333740234375,27.799999237060547,27.850000381469727,2774700.0,23.866065979003906
2002-08-19,28.65999984741211,27.766666412353516,27.883333206176758,28.593334197998047,1614600.0,24.50305938720703
2002-08-20,28.5766658782959,28.02666664123535,28.516666412353516,28.376667022705078,1472400.0,24.317386627197266
2002-08-21,29.100000381469727,27.996665954589844,28.66666603088379,28.83333396911621,1944300.0,24.708730697631836
2002-08-22,29.71666717529297,28.600000381469727,28.83333396911621,29.58333396911621,2418000.0,25.351444244384766
2002-08-23,29.41666603088379,28.989999771118164,29.383333206176758,29.02666664123535,1578900.0,24.874408721923828
2002-08-26,29.50666618347168,28.836666107177734,29.266666412353516,29.440000534057617,1592400.0,25.228614807128906
2002-08-27,29.58333396911621,28.68666648864746,29.440000534057617,28.766666412353516,1968900.0,24.65160369873047
2002-08-28,28.83333396911621,28.236665725708008,28.766666412353516,28.420000076293945,1733700.0,24.354522705078125
2002-08-29,28.733333587646484,28.040000915527344,28.366666793823242,28.453332901000977,1500000.0,24.383089065551758
2002-08-30,28.920000076293945,28.266666412353516,28.299999237060547,28.373332977294922,861900.0,24.314538955688477
2002-09-03,28.299999237060547,27.540000915527344,28.299999237060547,27.549999237060547,2701800.0,23.60898208618164
2002-09-04,26.739999771118164,25.33333396911621,25.33333396911621,26.66666603088379,12098700.0,22.85201072692871
2002-09-05,26.633333206176758,25.933332443237305,26.33333396911621,26.21666717529297,5981100.0,22.466379165649414
2002-09-06,26.83333396911621,25.683332443237305,26.83333396911621,25.74333381652832,3576300.0,22.060758590698242
2002-09-09,26.24333381652832,25.566667556762695,25.733333587646484,26.15333366394043,3615900.0,22.412105560302734
2002-09-10,26.299999237060547,25.91666603088379,26.126667022705078,26.09000015258789,2337900.0,22.643543243408203
2002-09-11,26.46666717529297,26.229999542236328,26.46666717529297,26.303333282470703,1530300.0,22.82870101928711
2002-09-12,26.6200008392334,26.08333396911621,26.233333587646484,26.106666564941406,1961400.0,22.65801429748535
2002-09-13,26.5,25.899999618530273,26.03333282470703,26.209999084472656,1695600.0,22.747692108154297
2002-09-16,26.30666732788086,25.66666603088379,26.133333206176758,26.22333335876465,1520100.0,22.759265899658203
2002-09-17,26.65333366394043,25.600000381469727,26.55666732788086,25.676666259765625,2131500.0,22.284812927246094
2002-09-18,25.796667098999023,25.303333282470703,25.676666259765625,25.60333251953125,1533900.0,22.221166610717773
2002-09-19,25.5,25.066667556762695,25.450000762939453,25.10333251953125,1855200.0,21.787212371826172
2002-09-20,25.280000686645508,24.053333282470703,25.106666564941406,24.25666618347168,3541800.0,21.052391052246094
2002-09-23,24.6299991607666,24.136667251586914,24.200000762939453,24.52666664123535,2487600.0,21.286724090576172
2002-09-24,24.566667556762695,23.793333053588867,24.530000686645508,23.850000381469727,2869500.0,20.69944953918457
2002-09-25,24.09666633605957,23.53333282470703,24.0,23.733333587646484,2923200.0,20.59819221496582
2002-09-26,24.85333251953125,23.940000534057617,24.100000381469727,24.633333206176758,4444200.0,21.379302978515625
2002-09-27,24.91666603088379,23.85333251953125,24.41666603088379,23.986665725708008,2343000.0,20.81806182861328
2002-09-30,23.996665954589844,23.066667556762695,23.83333396911621,23.58333396911621,3002400.0,20.468006134033203
2002-10-01,24.5766658782959,23.549999237060547,23.83333396911621,24.496665954589844,2587500.0,21.26068878173828
2002-10-02,24.729999542236328,23.91666603088379,24.489999771118164,23.91666603088379,2295300.0,20.757307052612305
2002-10-03,24.399999618530273,23.093334197998047,24.03333282470703,23.100000381469727,2715600.0,20.04851531982422
2002-10-04,23.10333251953125,20.47333335876465,23.10333251953125,20.726667404174805,9686700.0,17.98870277404785
2002-10-07,20.90999984741211,19.266666412353516,20.799999237060547,19.329999923706055,5064600.0,16.776535034179688
2002-10-08,20.53333282470703,19.366666793823242,19.41666603088379,20.299999237060547,5268600.0,17.618396759033203
2002-10-09,19.91666603088379,19.040000915527344,19.91666603088379,19.16666603088379,5272500.0,16.634769439697266
2002-10-10,19.94333267211914,19.266666412353516,19.75,19.450000762939453,5252400.0,16.880680084228516
2002-10-11,20.636667251586914,19.66666603088379,19.66666603088379,20.549999237060547,3988800.0,17.835369110107422
2002-10-14,21.03333282470703,20.510000228881836,20.549999237060547,20.84666633605957,2099700.0,18.092849731445312
2002-10-15,21.816667556762695,21.133333206176758,21.25,21.75,3519900.0,18.87685775756836
2002-10-16,21.75,21.260000228881836,21.683332443237305,21.309999465942383,2607600.0,18.494976043701172
2002-10-17,21.89666748046875,19.933332443237305,21.866666793823242,20.1299991607666,7271400.0,17.47085952758789
2002-10-18,21.329999923706055,20.176666259765625,20.58333396911621,21.066667556762695,4489800.0,18.28378677368164
2002-10-21,21.4233341217041,20.816667556762695,20.933332443237305,21.260000228881836,3856800.0,18.451580047607422
2002-10-22,22.43000030517578,21.263334274291992,21.263334274291992,21.99333381652832,4445700.0,19.08804702758789
2002-10-23,21.96666717529297,21.25,21.933332443237305,21.68666648864746,3086400.0,18.821884155273438
2002-10-24,21.703332901000977,21.00666618347168,21.66666603088379,21.200000762939453,2661300.0,18.39950942993164
2002-10-25,14.666666984558105,11.566666603088379,14.050000190734863,12.333333015441895,110733900.0,10.704116821289062
2002-10-28,13.276666641235352,12.100000381469727,13.166666984558105,12.859999656677246,30358200.0,11.161211967468262
2002-10-29,13.079999923706055,12.173333168029785,12.800000190734863,12.229999542236328,18549300.0,10.614432334899902
2002-10-30,12.40999984741211,11.986666679382324,12.263333320617676,12.033333778381348,9393300.0,10.443744659423828
2002-10-31,12.300000190734863,11.966666221618652,12.149999618530273,12.046667098999023,9904800.0,10.455316543579102
2002-11-01,12.800000190734863,11.383333206176758,12.050000190734863,12.800000190734863,13934100.0,11.109137535095215
2002-11-04,13.303333282470703,12.550000190734863,12.883333206176758,12.956666946411133,7624500.0,11.24510669708252
2002-11-05,13.056666374206543,12.75333309173584,12.956666946411133,12.880000114440918,3854400.0,11.178570747375488
2002-11-06,13.056666374206543,12.520000457763672,13.0,12.856666564941406,5361300.0,11.158318519592285
2002-11-07,12.960000038146973,12.493332862854004,12.890000343322754,12.493332862854004,3351300.0,10.842979431152344
2002-11-08,12.640000343322754,12.029999732971191,12.493332862854004,12.09000015258789,5253600.0,10.492928504943848
2002-11-11,12.25,11.933333396911621,12.123332977294922,12.029999732971191,2691600.0,10.440851211547852
2002-11-12,12.226666450500488,11.899999618530273,11.899999618530273,12.140000343322754,3270900.0,10.536322593688965
2002-11-13,12.526666641235352,12.09000015258789,12.15666675567627,12.33666706085205,3372300.0,10.707012176513672
2002-11-14,12.66333293914795,12.393333435058594,12.399999618530273,12.463333129882812,3336900.0,10.816944122314453
2002-11-15,12.760000228881836,12.463333129882812,12.473333358764648,12.693333625793457,3657600.0,11.016561508178711
2002-11-18,12.803333282470703,12.646666526794434,12.75,12.65999984741211,2590800.0,10.987627983093262
2002-11-19,13.026666641235352,12.600000381469727,12.800000190734863,12.84666633605957,3329700.0,11.149636268615723
2002-11-20,13.286666870117188,12.733333587646484,12.850000381469727,13.283333778381348,4217100.0,11.528623580932617
2002-11-21,13.666666984558105,13.399999618530273,13.666666984558105,13.486666679382324,5460600.0,11.705098152160645
2002-11-22,14.013333320617676,13.573333740234375,13.683333396911621,13.850000381469727,3712200.0,12.02043342590332
2002-11-25,13.733333587646484,13.319999694824219,13.550000190734863,13.463333129882812,4697100.0,11.684844017028809
2002-11-26,13.733333587646484,13.466666221618652,13.5,13.506667137145996,2760300.0,11.722452163696289
2002-11-27,14.193333625793457,13.666666984558105,13.75,14.180000305175781,3010200.0,12.306842803955078
2002-11-29,14.926666259765625,14.306666374206543,14.333333015441895,14.510000228881836,2475900.0,12.593249320983887
2002-12-02,14.75333309173584,14.180000305175781,14.633333206176758,14.416666984558105,3755100.0,12.51224422454834
2002-12-03,14.550000190734863,14.283333778381348,14.380000114440918,14.386666297912598,3381000.0,12.486205101013184
2002-12-04,14.556666374206543,14.239999771118164,14.333333015441895,14.326666831970215,4328400.0,12.434134483337402
2002-12-05,14.463333129882812,14.239999771118164,14.333333015441895,14.396666526794434,2417400.0,12.49488639831543
2002-12-06,14.576666831970215,14.303333282470703,14.333333015441895,14.479999542236328,2456400.0,12.567209243774414
2002-12-09,14.510000228881836,14.25,14.443333625793457,14.263333320617676,2361000.0,12.379165649414062
2002-12-10,14.416666984558105,14.263333320617676,14.263333320617676,14.416666984558105,2268000.0,12.51224422454834
2002-12-11,14.453332901000977,14.300000190734863,14.326666831970215,14.380000114440918,1419900.0,12.77279281616211
2002-12-12,14.649999618530273,14.306666374206543,14.359999656677246,14.423333168029785,1453200.0,12.811280250549316
2002-12-13,14.199999809265137,13.766666412353516,13.916666984558105,14.010000228881836,3368400.0,12.444147109985352
2002-12-16,14.300000190734863,14.033333778381348,14.033333778381348,14.260000228881836,1870200.0,12.666205406188965
2002-12-17,14.399999618530273,14.296667098999023,14.306666374206543,14.333333015441895,2114700.0,12.731338500976562
2002-12-18,14.489999771118164,14.3100004196167,14.399999618530273,14.326666831970215,2347500.0,12.725420951843262
2002-12-19,14.506667137145996,14.216666221618652,14.300000190734863,14.216666221618652,2646600.0,12.627711296081543
2002-12-20,14.566666603088379,14.203332901000977,14.416666984558105,14.313333511352539,4492800.0,12.713578224182129
2002-12-23,14.40666675567627,14.216666221618652,14.300000190734863,14.283333778381348,2441700.0,12.686929702758789
2002-12-24,14.353333473205566,14.233333587646484,14.283333778381348,14.289999961853027,892200.0,12.692852020263672
2002-12-26,14.446666717529297,14.036666870117188,14.289999961853027,14.166666984558105,2319000.0,12.583300590515137
2002-12-27,14.233333587646484,14.119999885559082,14.193333625793457,14.170000076293945,2193300.0,12.586263656616211
2002-12-30,14.140000343322754,13.603333473205566,14.136666297912598,13.726666450500488,6372300.0,12.192482948303223
2002-12-31,13.826666831970215,13.646666526794434,13.699999809265137,13.706666946411133,2748000.0,12.174713134765625
2003-01-02,14.166666984558105,13.6899995803833,13.706666946411133,14.166666984558105,3875100.0,12.583300590515137
2003-01-03,14.023333549499512,13.773333549499512,13.916666984558105,13.793333053588867,5518200.0,12.25169563293457
2003-01-06,14.013333320617676,13.699999809265137,13.793333053588867,13.833333015441895,4910400.0,12.287225723266602
2003-01-07,13.943333625793457,13.699999809265137,13.833333015441895,13.766666412353516,4477200.0,12.228010177612305
2003-01-08,14.363333702087402,13.8100004196167,13.833333015441895,14.193333625793457,4872300.0,12.606988906860352
2003-01-09,14.703332901000977,14.193333625793457,14.193333625793457,14.533333778381348,3000000.0,12.908987045288086
2003-01-10,14.966666221618652,14.239999771118164,14.483333587646484,14.770000457763672,5000100.0,13.119205474853516
2003-01-13,14.983333587646484,14.710000038146973,14.773333549499512,14.869999885559082,2854500.0,13.208025932312012
2003-01-14,15.563333511352539,14.75,14.816666603088379,15.25,5011500.0,13.54555606842041
2003-01-15,15.303333282470703,15.016666412353516,15.25333309173584,15.166666984558105,2706300.0,13.471531867980957
2003-01-16,15.476666450500488,15.180000305175781,15.266666412353516,15.423333168029785,3065100.0,13.699516296386719
2003-01-17,15.553333282470703,15.233333587646484,15.300000190734863,15.40999984741211,3012600.0,13.687670707702637
2003-01-21,15.529999732971191,15.043333053588867,15.493332862854004,15.056666374206543,3115200.0,13.37382984161377
2003-01-22,15.0600004196167,14.716666221618652,15.0600004196167,14.74666690826416,2656200.0,13.098477363586426
2003-01-23,15.033333778381348,14.733333587646484,14.733333587646484,14.953332901000977,2603700.0,13.282045364379883
2003-01-24,14.960000038146973,14.489999771118164,14.949999809265137,14.5,2785800.0,12.879379272460938
2003-01-27,14.5,14.083333015441895,14.5,14.083333015441895,3169200.0,12.509281158447266
2003-01-28,14.276666641235352,13.816666603088379,14.166666984558105,13.979999542236328,3621300.0,12.417498588562012
2003-01-29,14.386666297912598,13.800000190734863,13.983333587646484,14.319999694824219,3548700.0,12.719501495361328
2003-01-30,14.476666450500488,14.283333778381348,14.319999694824219,14.323333740234375,3511200.0,12.72246265411377
2003-01-31,14.609999656677246,14.300000190734863,14.300000190734863,14.556666374206543,3219600.0,12.929715156555176
2003-02-03,14.65666675567627,14.069999694824219,14.649999618530273,14.133333206176758,3952800.0,12.553695678710938
2003-02-04,14.136666297912598,13.539999961853027,14.136666297912598,13.646666526794434,7458900.0,12.121421813964844
2003-02-05,13.84666633605957,13.573333740234375,13.65999984741211,13.576666831970215,5913900.0,12.059245109558105
2003-02-06,13.623332977294922,13.033333778381348,13.616666793823242,13.073333740234375,4608000.0,11.612165451049805
2003-02-07,14.600000381469727,13.833333015441895,13.833333015441895,14.34000015258789,13252800.0,12.737263679504395
2003-02-10,14.516666412353516,14.199999809265137,14.34333324432373,14.270000457763672,4706700.0,12.675087928771973
2003-02-11,14.806666374206543,14.273333549499512,14.273333549499512,14.380000114440918,5057700.0,12.77279281616211
2003-02-12,14.416666984558105,14.079999923706055,14.266666412353516,14.109999656677246,3755700.0,12.532968521118164
2003-02-13,14.306666374206543,13.866666793823242,14.166666984558105,14.029999732971191,2914800.0,12.461912155151367
2003-02-14,14.083333015441895,13.756667137145996,14.016666412353516,14.010000228881836,4036500.0,12.444147109985352
2003-02-18,14.670000076293945,14.066666603088379,14.066666603088379,14.486666679382324,3014100.0,12.867536544799805
2003-02-19,14.616666793823242,14.399999618530273,14.550000190734863,14.49666690826416,3629100.0,12.876420974731445
2003-02-20,14.533333778381348,14.216666221618652,14.533333778381348,14.266666412353516,4000200.0,12.672125816345215
2003-02-21,14.430000305175781,14.0600004196167,14.233333587646484,14.396666526794434,4182300.0,12.787596702575684
2003-02-24,14.356666564941406,14.0,14.333333015441895,14.123332977294922,4069800.0,12.544812202453613
2003-02-25,14.076666831970215,13.893333435058594,14.0,14.013333320617676,3831600.0,12.44710636138916
2003-02-26,14.073333740234375,13.873332977294922,14.013333320617676,14.0,4202700.0,12.435263633728027
2003-02-27,14.140000343322754,13.859999656677246,14.033333778381348,14.066666603088379,3442200.0,12.49448013305664
2003-02-28,14.333333015441895,14.066666603088379,14.136666297912598,14.323333740234375,2741700.0,12.72246265411377
2003-03-03,14.5600004196167,14.270000457763672,14.366666793823242,14.319999694824219,2514000.0,12.719501495361328
2003-03-04,14.286666870117188,14.043333053588867,14.283333778381348,14.046667098999023,2250000.0,12.476715087890625
2003-03-05,14.213333129882812,13.9399995803833,14.083333015441895,14.149999618530273,2947500.0,12.568495750427246
2003-03-06,14.140000343322754,13.936666488647461,14.116666793823242,14.0,3751200.0,12.435263633728027
2003-03-07,14.053333282470703,13.723333358764648,13.84000015258789,14.016666412353516,3717600.0,12.75062084197998
2003-03-10,14.0,13.433333396911621,14.0,13.516666412353516,2923500.0,12.295777320861816
2003-03-11,13.65333366394043,13.286666870117188,13.516666412353516,13.326666831970215,3368400.0,12.122940063476562
2003-03-12,13.536666870117188,13.176666259765625,13.333333015441895,13.516666412353516,2989500.0,12.295777320861816
2003-03-13,13.883333206176758,13.606666564941406,13.633333206176758,13.880000114440918,3618000.0,12.626296043395996
2003-03-14,14.266666412353516,13.899999618530273,14.033333778381348,13.960000038146973,3661200.0,12.699069023132324
2003-03-17,14.533333778381348,13.856666564941406,13.933333396911621,14.473333358764648,4778100.0,13.166033744812012
2003-03-18,14.523333549499512,14.239999771118164,14.456666946411133,14.3100004196167,3553800.0,13.0174560546875
2003-03-19,14.826666831970215,14.34666633605957,14.393333435058594,14.739999771118164,3845100.0,13.408613204956055
2003-03-20,15.036666870117188,14.533333778381348,14.800000190734863,15.00333309173584,3482100.0,13.648161888122559
2003-03-21,15.463333129882812,15.020000457763672,15.166666984558105,15.426666259765625,3715200.0,14.0332612991333
2003-03-24,15.233333587646484,14.84666633605957,15.16333293914795,14.890000343322754,2558700.0,13.545068740844727
2003-03-25,15.369999885559082,14.866666793823242,14.926666259765625,15.193333625793457,2364300.0,13.821005821228027
2003-03-26,15.263333320617676,14.970000267028809,15.206666946411133,15.126667022705078,2346300.0,13.760360717773438
2003-03-27,15.293333053588867,14.920000076293945,14.9399995803833,15.183333396911621,2122200.0,13.811903953552246
2003-03-28,15.386666297912598,15.046667098999023,15.183333396911621,15.273333549499512,2229600.0,13.893776893615723
2003-03-31,15.376667022705078,14.66333293914795,14.66333293914795,15.239999771118164,4049400.0,13.863454818725586
2003-04-01,15.613333702087402,15.170000076293945,15.266666412353516,15.449999809265137,3813300.0,14.054484367370605
2003-04-02,15.829999923706055,15.5600004196167,15.59333324432373,15.716666221618652,2051400.0,14.297065734863281
2003-04-03,15.993332862854004,15.526666641235352,15.716666221618652,15.890000343322754,3033600.0,14.454744338989258
2003-04-04,16.106666564941406,15.866666793823242,15.973333358764648,16.06999969482422,3102300.0,14.618487358093262
2003-04-07,16.5766658782959,16.0,16.383333206176758,16.010000228881836,2192100.0,14.563904762268066
2003-04-08,16.06333351135254,15.720000267028809,16.013334274291992,15.796667098999023,2524500.0,14.369842529296875
2003-04-09,16.03333282470703,15.430000305175781,15.800000190734863,15.556666374206543,2094900.0,14.151517868041992
2003-04-10,15.716666221618652,15.229999542236328,15.556666374206543,15.666666984558105,3411000.0,14.25158405303955
2003-04-11,15.953332901000977,15.569999694824219,15.670000076293945,15.65999984741211,1435500.0,14.245518684387207
2003-04-14,15.84666633605957,15.603333473205566,15.65999984741211,15.833333015441895,2013300.0,14.403196334838867
2003-04-15,16.1733341217041,15.486666679382324,15.833333015441895,16.136667251586914,1861500.0,14.679131507873535
2003-04-16,16.286666870117188,15.583333015441895,16.200000762939453,15.626667022705078,3753000.0,14.215197563171387
2003-04-17,15.883333206176758,15.643333435058594,15.706666946411133,15.883333206176758,2492700.0,14.448678016662598
2003-04-21,15.970000267028809,15.633333206176758,15.916666984558105,15.686666488647461,2546400.0,14.269777297973633
2003-04-22,16.27666664123535,15.50333309173584,15.686666488647461,16.270000457763672,3339000.0,14.800421714782715
2003-04-23,16.450000762939453,15.99666690826416,16.350000381469727,16.426666259765625,2374200.0,14.942934036254883
2003-04-24,16.799999237060547,16.15999984741211,16.676666259765625,16.623332977294922,4273500.0,15.121837615966797
2003-04-25,16.66666603088379,16.266666412353516,16.600000381469727,16.28333282470703,2102400.0,14.812546730041504
2003-04-28,16.793333053588867,16.28333282470703,16.290000915527344,16.780000686645508,2387100.0,15.26435375213623
2003-04-29,16.913333892822266,16.540000915527344,16.856666564941406,16.793333053588867,3035700.0,15.27648639678955
2003-04-30,17.60333251953125,16.84000015258789,16.876667022705078,17.433332443237305,4336200.0,15.85867691040039
2003-05-01,17.983333587646484,17.06333351135254,17.43666648864746,17.883333206176758,6268200.0,16.268028259277344
2003-05-02,17.60333251953125,16.323333740234375,17.33333396911621,16.926666259765625,13533900.0,15.397774696350098
2003-05-05,17.30666732788086,16.863332748413086,16.96666717529297,17.163333892822266,4655400.0,15.613065719604492
2003-05-06,17.979999542236328,17.013334274291992,17.16666603088379,17.796667098999023,5770200.0,16.189189910888672
2003-05-07,17.90999984741211,17.626667022705078,17.796667098999023,17.68000030517578,3087300.0,16.08306312561035
2003-05-08,17.713333129882812,17.260000228881836,17.683332443237305,17.3266658782959,2764800.0,15.761637687683105
2003-05-09,17.433332443237305,17.10333251953125,17.33333396911621,17.149999618530273,3660900.0,15.600934982299805
2003-05-12,17.290000915527344,17.0,17.149999618530273,17.163333892822266,4331100.0,15.613065719604492
2003-05-13,17.446666717529297,17.100000381469727,17.163333892822266,17.299999237060547,2233800.0,15.737385749816895
2003-05-14,17.649999618530273,17.293333053588867,17.299999237060547,17.600000381469727,2555100.0,16.010292053222656
2003-05-15,17.773332595825195,17.41666603088379,17.766666412353516,17.656665802001953,2751300.0,16.06183624267578
2003-05-16,18.149999618530273,17.5,17.64666748046875,18.1200008392334,4251600.0,16.48331642150879
2003-05-19,18.049999237060547,17.66666603088379,17.96666717529297,17.66666603088379,2748600.0,16.070934295654297
2003-05-20,18.299999237060547,17.766666412353516,17.83333396911621,18.06333351135254,4163700.0,16.431772232055664
2003-05-21,18.5,18.00666618347168,18.06333351135254,18.3700008392334,4358700.0,16.71074104309082
2003-05-22,18.649999618530273,18.260000228881836,18.3700008392334,18.386667251586914,2900400.0,16.72589874267578
2003-05-23,18.383333206176758,18.10333251953125,18.323333740234375,18.233333587646484,1867500.0,16.586414337158203
2003-05-27,18.59000015258789,18.06999969482422,18.156665802001953,18.59000015258789,1972800.0,16.91086769104004
2003-05-28,18.829999923706055,18.600000381469727,18.649999618530273,18.683332443237305,2359200.0,16.995771408081055
2003-05-29,18.799999237060547,18.196666717529297,18.6733341217041,18.31333351135254,2688600.0,16.659191131591797
2003-05-30,18.700000762939453,18.336666107177734,18.366666793823242,18.700000762939453,3894300.0,17.01093101501465
2003-06-02,19.136667251586914,17.649999618530273,18.75,18.0,8810700.0,16.37415885925293
2003-06-03,17.663333892822266,16.796667098999023,17.49333381652832,17.149999618530273,9598800.0,15.600934982299805
2003-06-04,17.58333396911621,17.066667556762695,17.133333206176758,17.55666732788086,3992100.0,15.970870018005371
2003-06-05,17.55666732788086,17.209999084472656,17.209999084472656,17.33333396911621,3430200.0,15.767708778381348
2003-06-06,17.536666870117188,17.053333282470703,17.299999237060547,17.136667251586914,3018300.0,15.891351699829102
2003-06-09,17.25666618347168,16.633333206176758,17.139999389648438,16.780000686645508,4772700.0,15.560604095458984
2003-06-10,16.860000610351562,16.176666259765625,16.733333587646484,16.553333282470703,4777500.0,15.350408554077148
2003-06-11,16.553333282470703,16.280000686645508,16.450000762939453,16.536666870117188,4099200.0,15.334956169128418
2003-06-12,16.66666603088379,15.853333473205566,16.5,16.03333282470703,6287100.0,14.86819839477539
2003-06-13,16.066667556762695,15.566666603088379,15.986666679382324,15.619999885559082,4966800.0,14.48490047454834
2003-06-16,15.83666706085205,15.333333015441895,15.619999885559082,15.75333309173584,6259200.0,14.608548164367676
2003-06-17,16.213333129882812,15.716666221618652,15.833333015441895,16.213333129882812,6939600.0,15.035115242004395
2003-06-18,16.323333740234375,15.91333293914795,16.316667556762695,16.15999984741211,4011600.0,14.985658645629883
2003-06-19,16.266666412353516,16.059999465942383,16.15999984741211,16.24333381652832,6719100.0,15.062933921813965
2003-06-20,16.463333129882812,16.16666603088379,16.33333396911621,16.34000015258789,4413300.0,15.152579307556152
2003-06-23,16.25,15.75,16.200000762939453,15.803333282470703,2542500.0,14.654914855957031
2003-06-24,15.983333587646484,15.636666297912598,15.833333015441895,15.916666984558105,2384700.0,14.760007858276367
2003-06-25,16.09000015258789,15.676666259765625,15.899999618530273,15.736666679382324,2386500.0,14.593091011047363
2003-06-26,15.826666831970215,15.623332977294922,15.736666679382324,15.786666870117188,1572300.0,14.639459609985352
2003-06-27,16.003334045410156,15.649999618530273,15.869999885559082,15.720000267028809,1814400.0,14.577634811401367
2003-06-30,15.856666564941406,15.550000190734863,15.783333778381348,15.646666526794434,2521800.0,14.50963020324707
2003-07-01,15.66333293914795,15.416666984558105,15.646666526794434,15.630000114440918,2646600.0,14.494174003601074
2003-07-02,15.949999809265137,15.630000114440918,15.630000114440918,15.920000076293945,2586000.0,14.763099670410156
2003-07-03,16.066667556762695,15.546667098999023,15.920000076293945,15.616666793823242,2504400.0,14.481809616088867
2003-07-07,15.930000305175781,15.676666259765625,15.699999809265137,15.926666259765625,2364300.0,14.769281387329102
2003-07-08,16.226667404174805,15.766666412353516,15.893333435058594,16.219999313354492,2823300.0,15.041298866271973
2003-07-09,16.66666603088379,16.213333129882812,16.219999313354492,16.350000381469727,3903000.0,15.16185188293457
2003-07-10,16.143333435058594,15.350000381469727,16.100000381469727,15.539999961853027,5138400.0,14.410712242126465
2003-07-11,15.850000381469727,14.666666984558105,15.616666793823242,14.829999923706055,11516400.0,13.75230884552002
2003-07-14,14.366666793823242,13.673333168029785,13.819999694824219,13.680000305175781,24924900.0,12.68587875366211
2003-07-15,14.073333740234375,13.693333625793457,13.733333587646484,13.760000228881836,8054400.0,12.760066032409668
2003-07-16,13.883333206176758,13.373332977294922,13.783333778381348,13.383333206176758,4846200.0,12.410770416259766
2003-07-17,13.680000305175781,13.333333015441895,13.366666793823242,13.516666412353516,5640900.0,12.534414291381836
2003-07-18,13.756667137145996,13.533333778381348,13.536666870117188,13.703332901000977,3912000.0,12.70751953125
2003-07-21,13.703332901000977,13.446666717529297,13.6899995803833,13.516666412353516,2201400.0,12.534414291381836
2003-07-22,13.65999984741211,13.399999618530273,13.583333015441895,13.633333206176758,2972700.0,12.64260482788086
2003-07-23,13.826666831970215,13.566666603088379,13.766666412353516,13.600000381469727,2586600.0,12.611693382263184
2003-07-24,13.960000038146973,13.59000015258789,13.736666679382324,13.600000381469727,4671300.0,12.611693382263184
2003-07-25,13.883333206176758,13.579999923706055,13.58666706085205,13.84000015258789,1532100.0,12.834254264831543
2003-07-28,14.016666412353516,13.773333549499512,13.859999656677246,13.883333206176758,3159900.0,12.87443733215332
2003-07-29,14.046667098999023,13.833333015441895,13.986666679382324,13.933333396911621,3370200.0,12.92080307006836
2003-07-30,15.166666984558105,14.006667137145996,14.006667137145996,15.123332977294922,20169600.0,14.02432632446289
2003-07-31,15.833333015441895,15.0600004196167,15.366666793823242,15.59333324432373,10229700.0,14.460172653198242
2003-08-01,15.396666526794434,14.850000381469727,14.850000381469727,15.183333396911621,5124900.0,14.07996654510498
2003-08-04,15.1899995803833,14.646666526794434,15.106666564941406,14.91333293914795,4977900.0,13.829588890075684
2003-08-05,15.229999542236328,14.883333206176758,14.91333293914795,14.966666221618652,4536600.0,13.879043579101562
2003-08-06,14.966666221618652,14.513333320617676,14.966666221618652,14.583333015441895,6945600.0,13.523565292358398
2003-08-07,14.816666603088379,14.539999961853027,14.583333015441895,14.760000228881836,5130300.0,13.687397003173828
2003-08-08,14.890000343322754,14.716666221618652,14.760000228881836,14.826666831970215,2498700.0,13.749220848083496
2003-08-11,15.113333702087402,14.713333129882812,14.806666374206543,14.786666870117188,2357400.0,13.712125778198242
2003-08-12,14.91333293914795,14.706666946411133,14.91333293914795,14.883333206176758,2451300.0,13.80176830291748
2003-08-13,15.043333053588867,14.766666412353516,14.916666984558105,14.829999923706055,2616000.0,13.75230884552002
2003-08-14,15.166666984558105,14.826666831970215,14.866666793823242,15.130000114440918,2001600.0,14.030508995056152
2003-08-15,15.116666793823242,14.91333293914795,15.116666793823242,14.983333587646484,1459200.0,13.894499778747559
2003-08-18,15.083333015441895,14.876667022705078,14.983333587646484,14.91333293914795,2180400.0,13.829588890075684
2003-08-19,15.016666412353516,14.859999656677246,15.0,14.986666679382324,2034000.0,13.89759349822998
2003-08-20,15.706666946411133,14.973333358764648,14.986666679382324,15.516666412353516,5850900.0,14.389078140258789
2003-08-21,16.02666664123535,15.616666793823242,15.75,15.666666984558105,4531500.0,14.528178215026855
2003-08-22,15.829999923706055,15.449999809265137,15.699999809265137,15.449999809265137,1865100.0,14.327254295349121
2003-08-25,15.550000190734863,15.316666603088379,15.476666450500488,15.363333702087402,2515200.0,14.246888160705566
2003-08-26,15.573333740234375,14.986666679382324,15.25,15.536666870117188,3511200.0,14.407624244689941
2003-08-27,16.013334274291992,15.513333320617676,15.556666374206543,15.683333396911621,5319600.0,14.543630599975586
2003-08-28,16.016666412353516,15.666666984558105,15.6899995803833,15.873332977294922,3957300.0,14.71982192993164
2003-08-29,15.979999542236328,15.84666633605957,15.873332977294922,15.893333435058594,1545600.0,14.738371849060059
2003-09-02,15.883333206176758,15.466666221618652,15.800000190734863,15.829999923706055,3238800.0,14.679641723632812
2003-09-03,16.3799991607666,15.800000190734863,15.850000381469727,16.336666107177734,4379400.0,15.149487495422363
2003-09-04,16.5766658782959,16.299999237060547,16.336666107177734,16.456666946411133,4866900.0,15.260764122009277
2003-09-05,16.486665725708008,16.303333282470703,16.350000381469727,16.350000381469727,3404100.0,15.16185188293457
2003-09-08,16.393333435058594,16.133333206176758,16.383333206176758,16.25,3198000.0,15.06911849975586
2003-09-09,16.219999313354492,15.873332977294922,16.14666748046875,16.020000457763672,3072600.0,15.163777351379395
2003-09-10,16.06999969482422,15.966666221618652,15.983333587646484,16.016666412353516,2144700.0,15.16061782836914
2003-09-11,16.03333282470703,15.893333435058594,16.03333282470703,15.893333435058594,2933100.0,15.043880462646484
2003-09-12,16.06333351135254,15.84000015258789,15.883333206176758,15.973333358764648,2467800.0,15.119603157043457
2003-09-15,16.0,15.829999923706055,15.956666946411133,15.979999542236328,1381200.0,15.1259126663208
2003-09-16,16.020000457763672,15.856666564941406,15.973333358764648,15.983333587646484,1359000.0,15.129068374633789
2003-09-17,15.983333587646484,15.803333282470703,15.983333587646484,15.933333396911621,1713300.0,15.081738471984863
2003-09-18,15.859999656677246,15.630000114440918,15.833333015441895,15.763333320617676,3423300.0,14.920827865600586
2003-09-19,15.766666412353516,15.646666526794434,15.766666412353516,15.716666221618652,3417600.0,14.876652717590332
2003-09-22,15.75333309173584,15.59000015258789,15.699999809265137,15.619999885559082,3183000.0,14.785154342651367
2003-09-23,15.729999542236328,15.58666706085205,15.643333435058594,15.65333366394043,2525100.0,14.816705703735352
2003-09-24,15.706666946411133,15.319999694824219,15.666666984558105,15.333333015441895,2628900.0,14.513810157775879
2003-09-25,15.333333015441895,14.856666564941406,15.329999923706055,14.880000114440918,4664100.0,14.084705352783203
2003-09-26,14.90666675567627,14.636666297912598,14.796667098999023,14.766666412353516,2925900.0,13.977426528930664
2003-09-29,14.90333366394043,14.713333129882812,14.800000190734863,14.800000190734863,3338700.0,14.008978843688965
2003-09-30,14.993332862854004,14.583333015441895,14.800000190734863,14.883333206176758,3151500.0,14.087862014770508
2003-10-01,14.926666259765625,14.706666946411133,14.90666675567627,14.833333015441895,4200600.0,14.040531158447266
2003-10-02,14.833333015441895,14.699999809265137,14.833333015441895,14.75,3021600.0,13.961651802062988
2003-10-03,15.536666870117188,15.023333549499512,15.033333778381348,15.319999694824219,8898900.0,14.501188278198242
2003-10-06,15.383333206176758,15.173333168029785,15.319999694824219,15.366666793823242,3489000.0,14.54536247253418
2003-10-07,15.436666488647461,15.199999809265137,15.34000015258789,15.383333206176758,4133100.0,14.561136245727539
2003-10-08,15.526666641235352,15.3100004196167,15.350000381469727,15.456666946411133,5597400.0,14.630549430847168
2003-10-09,15.6899995803833,15.49666690826416,15.5,15.59666633605957,5033400.0,14.763067245483398
2003-10-10,15.673333168029785,15.449999809265137,15.5600004196167,15.550000190734863,2015100.0,14.71889591217041
2003-10-13,15.686666488647461,15.563333511352539,15.633333206176758,15.633333206176758,2679900.0,14.797775268554688
2003-10-14,15.946666717529297,15.609999656677246,15.649999618530273,15.899999618530273,5115000.0,15.050189018249512
2003-10-15,15.899999618530273,15.603333473205566,15.899999618530273,15.699999809265137,2966700.0,14.860877990722656
2003-10-16,15.829999923706055,15.603333473205566,15.683333396911621,15.766666412353516,3149400.0,14.92398452758789
2003-10-17,15.800000190734863,15.693333625793457,15.773333549499512,15.75333309173584,2165700.0,14.91136360168457
2003-10-20,15.786666870117188,15.626667022705078,15.733333587646484,15.716666221618652,2259900.0,14.876652717590332
2003-10-21,15.886666297912598,15.696666717529297,15.716666221618652,15.789999961853027,2294400.0,14.946066856384277
2003-10-22,15.826666831970215,15.34666633605957,15.789999961853027,15.670000076293945,2354400.0,14.832479476928711
2003-10-23,15.829999923706055,15.623332977294922,15.670000076293945,15.763333320617676,2070900.0,14.920827865600586
2003-10-24,15.793333053588867,15.40333366394043,15.763333320617676,15.58666706085205,3318600.0,14.753602027893066
2003-10-27,15.796667098999023,15.476666450500488,15.59000015258789,15.693333625793457,4407000.0,14.854568481445312
2003-10-28,16.21666717529297,15.710000038146973,15.773333549499512,16.196666717529297,3658800.0,15.330999374389648
2003-10-29,16.639999389648438,16.10333251953125,16.16666603088379,16.639999389648438,4420800.0,15.75063419342041
2003-10-30,16.66666603088379,15.633333206176758,16.639999389648438,15.989999771118164,8223000.0,15.135377883911133
2003-10-31,19.08333396911621,17.350000381469727,17.383333206176758,19.016666412353516,25983300.0,18.000280380249023
2003-11-03,19.149999618530273,18.293333053588867,19.030000686645508,18.623332977294922,10749900.0,17.627965927124023
2003-11-04,18.700000762939453,18.55666732788086,18.623332977294922,18.633333206176758,5200500.0,17.63743019104004
2003-11-05,19.366666793823242,18.543333053588867,18.586666107177734,19.233333587646484,6931500.0,18.205368041992188
2003-11-06,19.52666664123535,19.09666633605957,19.260000228881836,19.399999618530273,3419100.0,18.363121032714844
2003-11-07,19.399999618530273,19.100000381469727,19.399999618530273,19.266666412353516,4702500.0,18.236915588378906
2003-11-10,19.149999618530273,18.799999237060547,19.149999618530273,18.836666107177734,3129900.0,17.829893112182617
2003-11-11,18.90333366394043,18.66666603088379,18.866666793823242,18.799999237060547,2820300.0,17.79518699645996
2003-11-12,18.793333053588867,18.496665954589844,18.766666412353516,18.766666412353516,3561900.0,17.763641357421875
2003-11-13,18.933332443237305,18.6299991607666,18.78333282470703,18.65999984741211,2733900.0,17.66267204284668
2003-11-14,18.996665954589844,18.593334197998047,18.66666603088379,18.676666259765625,3186900.0,17.67844581604004
2003-11-17,18.68000030517578,18.183332443237305,18.68000030517578,18.33333396911621,1987500.0,17.35346794128418
2003-11-18,18.263334274291992,17.700000762939453,18.16666603088379,17.940000534057617,5235900.0,16.981159210205078
2003-11-19,18.0,17.649999618530273,17.926666259765625,17.886667251586914,3498300.0,16.930673599243164
2003-11-20,17.89666748046875,17.670000076293945,17.75,17.83333396911621,3293400.0,16.880189895629883
2003-11-21,17.983333587646484,17.343334197998047,17.56999969482422,17.956666946411133,3228300.0,16.99693489074707
2003-11-24,18.0,17.796667098999023,17.933332443237305,17.866666793823242,2689200.0,16.9117374420166
2003-11-25,18.149999618530273,17.856666564941406,17.899999618530273,17.913333892822266,2955600.0,16.955913543701172
2003-11-26,18.100000381469727,17.75,17.933332443237305,18.03333282470703,2128800.0,17.069501876831055
2003-11-28,17.969999313354492,17.84000015258789,17.933332443237305,17.883333206176758,1428300.0,16.927518844604492
2003-12-01,18.09666633605957,17.889999389648438,17.979999542236328,18.036666870117188,1893600.0,17.07265853881836
2003-12-02,18.75,18.066667556762695,18.06999969482422,18.639999389648438,4642800.0,17.643741607666016
2003-12-03,19.073333740234375,18.43666648864746,18.616666793823242,18.549999237060547,3443400.0,17.558549880981445
2003-12-04,18.636667251586914,18.40999984741211,18.536666870117188,18.58333396911621,1757400.0,17.590103149414062
2003-12-05,18.643333435058594,18.433332443237305,18.516666412353516,18.49333381652832,1177800.0,17.504911422729492
2003-12-08,18.893333435058594,18.450000762939453,18.459999084472656,18.81999969482422,2222100.0,17.81412696838379
2003-12-09,18.78333282470703,18.483333587646484,18.709999084472656,18.5766658782959,1931700.0,17.897619247436523
2003-12-10,18.600000381469727,18.149999618530273,18.5766658782959,18.24333381652832,1703700.0,17.576473236083984
2003-12-11,18.713333129882812,18.200000762939453,18.209999084472656,18.696666717529297,1646100.0,18.013235092163086
2003-12-12,19.023332595825195,18.663333892822266,18.700000762939453,18.836666107177734,2168700.0,18.148115158081055
2003-12-15,18.969999313354492,18.5,18.969999313354492,18.52666664123535,2786100.0,17.849449157714844
2003-12-16,18.540000915527344,18.246665954589844,18.49333381652832,18.386667251586914,2698800.0,17.71456527709961
2003-12-17,18.489999771118164,18.21666717529297,18.406665802001953,18.420000076293945,1521600.0,17.746679306030273
2003-12-18,18.549999237060547,18.3700008392334,18.5,18.46666717529297,2400900.0,17.79164695739746
2003-12-19,18.516666412353516,18.366666793823242,18.516666412353516,18.373332977294922,1607400.0,17.701717376708984
2003-12-22,18.483333587646484,18.200000762939453,18.206666946411133,18.46666717529297,2008800.0,17.79164695739746
2003-12-23,18.649999618530273,18.433332443237305,18.433332443237305,18.636667251586914,2251200.0,17.95542335510254
2003-12-24,18.713333129882812,18.56999969482422,18.636667251586914,18.670000076293945,634500.0,17.9875431060791
2003-12-26,18.69333267211914,18.623332977294922,18.65999984741211,18.65333366394043,560100.0,17.971487045288086
2003-12-29,18.81999969482422,18.6200008392334,18.71666717529297,18.68666648864746,2895600.0,18.00360107421875
2003-12-30,18.996665954589844,18.706666946411133,18.75,18.996665954589844,3687300.0,18.302265167236328
2003-12-31,19.3266658782959,19.016666412353516,19.016666412353516,19.16666603088379,2025600.0,18.466054916381836
2004-01-02,19.25,19.106666564941406,19.19333267211914,19.1200008392334,1715400.0,18.421091079711914
2004-01-05,19.16666603088379,18.786666870117188,19.16666603088379,18.953332901000977,3405300.0,18.26051902770996
2004-01-06,19.18000030517578,18.883333206176758,18.940000534057617,19.116666793823242,2151900.0,18.417882919311523
2004-01-07,19.266666412353516,18.940000534057617,19.113332748413086,19.16666603088379,3050100.0,18.466054916381836
2004-01-08,19.25666618347168,19.08333396911621,19.25,19.133333206176758,3618300.0,18.43393898010254
2004-01-09,19.213333129882812,19.046667098999023,19.073333740234375,19.086666107177734,1559400.0,18.388975143432617
2004-01-12,19.30666732788086,19.06999969482422,19.113332748413086,19.14666748046875,1928700.0,18.446786880493164
2004-01-13,19.3700008392334,19.106666564941406,19.28333282470703,19.200000762939453,2643000.0,18.4981689453125
2004-01-14,19.3266658782959,18.96666717529297,19.3266658782959,19.116666793823242,4113300.0,18.417882919311523
2004-01-15,19.239999771118164,18.75,19.149999618530273,19.16666603088379,2558100.0,18.466054916381836
2004-01-16,19.46666717529297,19.15999984741211,19.16666603088379,19.46666717529297,3822900.0,18.755090713500977
2004-01-20,19.799999237060547,19.479999542236328,19.5,19.520000457763672,3653400.0,18.806472778320312
2004-01-21,19.516666412353516,19.16666603088379,19.516666412353516,19.49333381652832,3390600.0,18.78078269958496
2004-01-22,19.733333587646484,19.433332443237305,19.5,19.676666259765625,2723400.0,18.957408905029297
2004-01-23,20.39666748046875,19.953332901000977,20.066667556762695,20.183332443237305,3579300.0,19.445558547973633
2004-01-26,20.30666732788086,19.773332595825195,20.16666603088379,20.30666732788086,2671200.0,19.564380645751953
2004-01-27,20.360000610351562,19.97333335876465,20.273332595825195,20.280000686645508,2402100.0,19.538698196411133
2004-01-28,20.623332977294922,20.043333053588867,20.28333282470703,20.066667556762695,2900100.0,19.333160400390625
2004-01-29,20.5,19.963333129882812,20.06999969482422,20.303333282470703,3000600.0,19.561168670654297
2004-01-30,20.803333282470703,20.25,20.303333282470703,20.6733341217041,2974500.0,19.917644500732422
2004-02-02,21.31999969482422,20.633333206176758,20.66666603088379,21.030000686645508,4036500.0,20.261276245117188
2004-02-03,21.030000686645508,20.613332748413086,21.030000686645508,20.983333587646484,3303600.0,20.216312408447266
2004-02-04,20.996665954589844,20.66666603088379,20.799999237060547,20.899999618530273,2055000.0,20.136028289794922
2004-02-05,21.066667556762695,20.670000076293945,20.950000762939453,20.700000762939453,2717100.0,19.94333839416504
2004-02-06,19.899999618530273,18.836666107177734,19.049999237060547,18.850000381469727,28281900.0,18.160964965820312
2004-02-09,18.983333587646484,18.233333587646484,18.649999618530273,18.28333282470703,11888100.0,17.615015029907227
2004-02-10,18.30666732788086,18.08333396911621,18.16666603088379,18.100000381469727,6356400.0,17.43838119506836
2004-02-11,18.106666564941406,17.933332443237305,18.100000381469727,18.0766658782959,5604300.0,17.415895462036133
2004-02-12,18.28333282470703,17.793333053588867,18.0766658782959,17.829999923706055,8118300.0,17.178251266479492
2004-02-13,17.883333206176758,17.633333206176758,17.829999923706055,17.683332443237305,5250600.0,17.036943435668945
2004-02-17,18.219999313354492,17.683332443237305,17.683332443237305,18.170000076293945,3528600.0,17.505817413330078
2004-02-18,18.363332748413086,17.963333129882812,18.116666793823242,18.293333053588867,4417200.0,17.624645233154297
2004-02-19,18.453332901000977,18.31333351135254,18.450000762939453,18.350000381469727,4337100.0,17.679241180419922
2004-02-20,18.39666748046875,18.16666603088379,18.316667556762695,18.363332748413086,3627300.0,17.692081451416016
2004-02-23,18.39666748046875,18.290000915527344,18.34000015258789,18.336666107177734,2183700.0,17.666393280029297
2004-02-24,18.49333381652832,18.299999237060547,18.336666107177734,18.426666259765625,3452100.0,17.75310516357422
2004-02-25,18.606666564941406,18.350000381469727,18.426666259765625,18.55666732788086,2682600.0,17.878355026245117
2004-02-26,18.600000381469727,18.299999237060547,18.559999465942383,18.3266658782959,3161400.0,17.656761169433594
2004-02-27,18.613332748413086,18.303333282470703,18.40333366394043,18.476667404174805,2556300.0,17.801280975341797
2004-03-01,18.746665954589844,18.43666648864746,18.55666732788086,18.676666259765625,2630400.0,17.993961334228516
2004-03-02,18.81999969482422,18.579999923706055,18.649999618530273,18.59666633605957,2651400.0,17.91689109802246
2004-03-03,18.959999084472656,18.5,18.566667556762695,18.893333435058594,2419500.0,18.202709197998047
2004-03-04,18.93666648864746,18.786666870117188,18.91666603088379,18.823333740234375,1230000.0,18.135269165039062
2004-03-05,18.91666603088379,18.649999618530273,18.66666603088379,18.72333335876465,2135700.0,18.038930892944336
2004-03-08,18.770000457763672,18.553333282470703,18.766666412353516,18.676666259765625,1497000.0,17.993961334228516
2004-03-09,18.706666946411133,18.450000762939453,18.593334197998047,18.639999389648438,1978500.0,17.958642959594727
2004-03-10,18.600000381469727,18.28333282470703,18.600000381469727,18.28333282470703,1982400.0,17.615015029907227
2004-03-11,18.383333206176758,18.14666748046875,18.239999771118164,18.15999984741211,3474300.0,17.817779541015625
2004-03-12,18.50666618347168,18.21666717529297,18.426666259765625,18.383333206176758,1931700.0,18.03690528869629
2004-03-15,18.58333396911621,18.33333396911621,18.433332443237305,18.453332901000977,2839800.0,18.1055850982666
2004-03-16,18.856666564941406,18.453332901000977,18.463333129882812,18.683332443237305,5341500.0,18.33125877380371
2004-03-17,19.116666793823242,18.5,18.68000030517578,19.05666732788086,2789400.0,18.697555541992188
2004-03-18,19.229999542236328,18.950000762939453,19.0,19.18000030517578,2073000.0,18.818559646606445
2004-03-19,19.263334274291992,18.950000762939453,19.113332748413086,19.05666732788086,2396700.0,18.697555541992188
2004-03-22,19.16666603088379,18.690000534057617,19.066667556762695,18.766666412353516,1959900.0,18.413013458251953
2004-03-23,18.90333366394043,18.549999237060547,18.75666618347168,18.706666946411133,2691900.0,18.35415267944336
2004-03-24,19.139999389648438,18.5,18.733333587646484,19.02666664123535,3111600.0,18.668115615844727
2004-03-25,19.08333396911621,18.68666648864746,19.00666618347168,18.893333435058594,2673900.0,18.537296295166016
2004-03-26,19.316667556762695,18.733333587646484,18.883333206176758,19.143333435058594,1935900.0,18.782581329345703
2004-03-29,19.206666946411133,18.986665725708008,19.163333892822266,19.023332595825195,1826700.0,18.66485023498535
2004-03-30,19.489999771118164,18.986665725708008,19.0,19.406665802001953,2145300.0,19.040956497192383
2004-03-31,19.823333740234375,19.360000610351562,19.440000534057617,19.6733341217041,3127200.0,19.30259895324707
2004-04-01,19.946666717529297,19.606666564941406,19.6733341217041,19.93666648864746,3147000.0,19.560970306396484
2004-04-02,20.219999313354492,19.94333267211914,20.0,20.21666717529297,3197100.0,19.835693359375
2004-04-05,22.996665954589844,21.91666603088379,21.91666603088379,22.516666412353516,17910000.0,22.09235382080078
2004-04-06,22.5,22.236665725708008,22.5,22.456666946411133,4963200.0,22.03348159790039
2004-04-07,23.02666664123535,22.399999618530273,22.5,23.0,5621700.0,22.566572189331055
2004-04-08,23.513334274291992,22.8266658782959,23.003334045410156,22.83333396911621,5232900.0,22.403047561645508
2004-04-12,23.163333892822266,22.893333435058594,23.0,23.053333282470703,2466300.0,22.618900299072266
2004-04-13,23.44333267211914,22.913333892822266,23.136667251586914,23.00666618347168,3455700.0,22.573118209838867
2004-04-14,23.1299991607666,22.6200008392334,22.933332443237305,22.75,4184400.0,22.321290969848633
2004-04-15,22.75,21.790000915527344,22.75,22.003334045410156,6183300.0,21.58868980407715
2004-04-16,22.003334045410156,21.636667251586914,22.003334045410156,21.739999771118164,4140600.0,21.330320358276367
2004-04-19,22.059999465942383,21.753334045410156,21.80666732788086,22.036666870117188,3872100.0,21.621395111083984
2004-04-20,22.3266658782959,22.003334045410156,22.086666107177734,22.059999465942383,3378900.0,21.644290924072266
2004-04-21,22.133333206176758,21.676666259765625,22.03333282470703,21.96666717529297,3502200.0,21.552717208862305
2004-04-22,22.41666603088379,21.883333206176758,21.969999313354492,22.33333396911621,3971100.0,21.912471771240234
2004-04-23,22.433332443237305,22.14666748046875,22.299999237060547,22.25,3753900.0,21.830707550048828
2004-04-26,22.41666603088379,21.899999618530273,22.21666717529297,21.940000534057617,2971800.0,21.526546478271484
2004-04-27,22.05666732788086,21.81999969482422,21.940000534057617,22.036666870117188,3354900.0,21.621395111083984
2004-04-28,22.68666648864746,21.459999084472656,22.68666648864746,22.016666412353516,3574200.0,21.601774215698242
2004-04-29,22.190000534057617,21.536666870117188,22.020000457763672,21.606666564941406,3355200.0,21.199499130249023
2004-04-30,21.766666412353516,20.799999237060547,21.610000610351562,21.503334045410156,6643500.0,21.098114013671875
2004-05-03,21.97333335876465,21.299999237060547,21.420000076293945,21.96666717529297,3853500.0,21.552717208862305
2004-05-04,22.073333740234375,21.690000534057617,21.96666717529297,21.946666717529297,3759600.0,21.533092498779297
2004-05-05,22.299999237060547,21.899999618530273,21.946666717529297,22.156665802001953,3987600.0,21.7391300201416
2004-05-06,22.253334045410156,21.920000076293945,22.156665802001953,22.15333366394043,4359300.0,21.735862731933594
2004-05-07,22.149999618530273,21.959999084472656,22.1200008392334,21.99333381652832,4294500.0,21.578882217407227
2004-05-10,21.856666564941406,21.200000762939453,21.83333396911621,21.323333740234375,5779200.0,20.9215030670166
2004-05-11,21.433332443237305,21.236665725708008,21.290000915527344,21.420000076293945,4287300.0,21.016345977783203
2004-05-12,21.68000030517578,21.08333396911621,21.420000076293945,21.68000030517578,3158100.0,21.271448135375977
2004-05-13,22.316667556762695,21.59666633605957,21.59666633605957,22.296667098999023,4692600.0,21.876502990722656
2004-05-14,22.479999542236328,22.0,22.16666603088379,22.316667556762695,2810700.0,21.896120071411133
2004-05-17,22.293333053588867,21.906665802001953,22.28333282470703,21.99333381652832,2966400.0,21.578882217407227
2004-05-18,22.1200008392334,21.829999923706055,21.99333381652832,21.883333206176758,3719100.0,21.470956802368164
2004-05-19,22.09000015258789,21.700000762939453,21.96666717529297,21.713333129882812,3264900.0,21.304153442382812
2004-05-20,21.829999923706055,21.536666870117188,21.68666648864746,21.709999084472656,2207100.0,21.300878524780273
2004-05-21,21.979999542236328,21.68000030517578,21.700000762939453,21.84666633605957,2123400.0,21.43497657775879
2004-05-24,22.020000457763672,21.84000015258789,21.946666717529297,21.920000076293945,2245500.0,21.506929397583008
2004-05-25,22.073333740234375,21.600000381469727,21.803333282470703,22.03333282470703,2433600.0,21.618122100830078
2004-05-26,22.246665954589844,21.99333381652832,22.0,22.200000762939453,2323500.0,21.78165626525879
2004-05-27,22.450000762939453,22.133333206176758,22.21666717529297,22.420000076293945,3588600.0,21.997501373291016
2004-05-28,22.65999984741211,22.31999969482422,22.420000076293945,22.600000381469727,2275200.0,22.174114227294922
2004-06-01,22.700000762939453,22.50666618347168,22.600000381469727,22.633333206176758,3775500.0,22.206819534301758
2004-06-02,22.816667556762695,22.46666717529297,22.606666564941406,22.706666946411133,2173200.0,22.27877426147461
2004-06-03,22.933332443237305,22.553333282470703,22.709999084472656,22.77666664123535,2694600.0,22.347450256347656
2004-06-04,23.106666564941406,22.780000686645508,22.823333740234375,22.946666717529297,1766400.0,22.514244079589844
2004-06-07,23.15333366394043,22.83333396911621,22.899999618530273,23.0,1994400.0,22.566572189331055
2004-06-08,22.96666717529297,22.786666870117188,22.91666603088379,22.953332901000977,2007600.0,22.520790100097656
2004-06-09,23.013334274291992,22.71666717529297,22.899999618530273,22.71666717529297,2087700.0,22.28858184814453
2004-06-10,22.979999542236328,22.66666603088379,22.66666603088379,22.959999084472656,1609200.0,22.552148818969727
2004-06-14,22.866666793823242,22.690000534057617,22.83333396911621,22.75,2101200.0,22.345882415771484
2004-06-15,23.15333366394043,22.816667556762695,22.816667556762695,22.983333587646484,2646900.0,22.575069427490234
2004-06-16,23.316667556762695,22.866666793823242,22.933332443237305,23.113332748413086,2653500.0,22.702760696411133
2004-06-17,23.113332748413086,22.5766658782959,23.113332748413086,22.81333351135254,3490500.0,22.4080867767334
2004-06-18,23.163333892822266,22.786666870117188,22.816667556762695,23.049999237060547,1815600.0,22.640544891357422
2004-06-21,23.0,22.329999923706055,23.0,22.41666603088379,4509000.0,22.018463134765625
2004-06-22,22.58333396911621,22.33333396911621,22.33333396911621,22.440000534057617,3347100.0,22.041385650634766
2004-06-23,22.773332595825195,22.41666603088379,22.433332443237305,22.746665954589844,1754400.0,22.34260368347168
2004-06-24,22.80666732788086,22.299999237060547,22.733333587646484,22.376667022705078,2444700.0,21.97917366027832
2004-06-25,22.39666748046875,22.06333351135254,22.209999084472656,22.39666748046875,3843900.0,21.99881935119629
2004-06-28,22.766666412353516,22.209999084472656,22.5,22.266666412353516,2166000.0,21.871129989624023
2004-06-29,22.986665725708008,22.200000762939453,22.233333587646484,22.883333206176758,3029700.0,22.47684097290039
2004-06-30,23.040000915527344,22.766666412353516,22.950000762939453,22.93666648864746,1726500.0,22.52923011779785
2004-07-01,22.920000076293945,22.5766658782959,22.8700008392334,22.739999771118164,2562900.0,22.336055755615234
2004-07-02,22.96666717529297,22.6200008392334,22.683332443237305,22.93666648864746,1755000.0,22.52923011779785
2004-07-06,22.836666107177734,22.540000915527344,22.81999969482422,22.579999923706055,2050500.0,22.17889976501465
2004-07-07,22.816667556762695,22.40333366394043,22.58333396911621,22.600000381469727,2471700.0,22.198543548583984
2004-07-08,22.586666107177734,22.16666603088379,22.53333282470703,22.196666717529297,2129100.0,21.8023738861084
2004-07-09,22.273332595825195,21.753334045410156,22.25,21.81999969482422,4283400.0,21.432397842407227
2004-07-12,22.163333892822266,21.736665725708008,21.81999969482422,22.110000610351562,3627300.0,21.717247009277344
2004-07-13,22.53333282470703,21.996665954589844,22.163333892822266,22.110000610351562,2512200.0,21.717247009277344
2004-07-14,22.28333282470703,21.90333366394043,21.94333267211914,21.953332901000977,2073000.0,21.56336784362793
2004-07-15,22.08333396911621,21.709999084472656,21.953332901000977,21.93666648864746,2794800.0,21.546993255615234
2004-07-16,22.066667556762695,21.71666717529297,21.983333587646484,21.71666717529297,1887600.0,21.33089828491211
2004-07-19,22.023332595825195,21.626667022705078,21.766666412353516,21.950000762939453,1846800.0,21.560091018676758
2004-07-20,21.963333129882812,21.549999237060547,21.950000762939453,21.71666717529297,2116200.0,21.33089828491211
2004-07-21,21.963333129882812,21.549999237060547,21.719999313354492,21.549999237060547,1672500.0,21.167200088500977
2004-07-22,21.5,21.03333282470703,21.5,21.316667556762695,2066700.0,20.938007354736328
2004-07-23,21.263334274291992,20.913333892822266,21.260000228881836,20.983333587646484,2195100.0,20.610591888427734
2004-07-26,21.03333282470703,20.809999465942383,20.986665725708008,21.020000457763672,2725200.0,20.646608352661133
2004-07-27,21.020000457763672,19.913333892822266,21.020000457763672,20.426666259765625,6233700.0,20.063817977905273
2004-07-28,20.46666717529297,19.953332901000977,20.27666664123535,20.253334045410156,3299700.0,19.89356231689453
2004-07-29,20.85333251953125,20.366666793823242,20.5,20.770000457763672,2853000.0,20.401050567626953
2004-07-30,20.773332595825195,20.496665954589844,20.766666412353516,20.670000076293945,1637700.0,20.30282211303711
2004-08-02,20.739999771118164,20.44333267211914,20.649999618530273,20.683332443237305,2392800.0,20.31592559814453
2004-08-03,21.183332443237305,20.613332748413086,20.66666603088379,20.860000610351562,3476400.0,20.489459991455078
2004-08-04,21.496665954589844,20.183332443237305,21.496665954589844,20.200000762939453,9767700.0,19.841176986694336
2004-08-05,20.760000228881836,19.99333381652832,20.25,20.043333053588867,3296700.0,19.68729591369629
2004-08-06,20.036666870117188,19.643333435058594,19.863332748413086,19.733333587646484,2915400.0,19.382801055908203
2004-08-09,20.280000686645508,19.726667404174805,19.866666793823242,20.183332443237305,2854200.0,19.82480239868164
2004-08-10,20.793333053588867,20.226667404174805,20.233333587646484,20.77666664123535,3131700.0,20.407602310180664
2004-08-11,20.950000762939453,20.46666717529297,20.733333587646484,20.899999618530273,2761800.0,20.528738021850586
2004-08-12,20.899999618530273,20.53333282470703,20.899999618530273,20.843334197998047,2984400.0,20.473079681396484
2004-08-13,20.986665725708008,20.816667556762695,20.860000610351562,20.956666946411133,2057700.0,20.584400177001953
2004-08-16,21.293333053588867,20.866666793823242,20.91666603088379,21.219999313354492,2621700.0,20.843055725097656
2004-08-17,21.406665802001953,21.1733341217041,21.219999313354492,21.25,2947200.0,20.87252426147461
2004-08-18,21.303333282470703,20.90333366394043,21.229999542236328,21.233333587646484,3209700.0,20.856155395507812
2004-08-19,21.41666603088379,21.200000762939453,21.233333587646484,21.3799991607666,1695600.0,21.000215530395508
2004-08-20,21.5,21.133333206176758,21.280000686645508,21.479999542236328,2080500.0,21.09843635559082
2004-08-23,21.579999923706055,21.25666618347168,21.463333129882812,21.366666793823242,2365800.0,20.987123489379883
2004-08-24,21.546667098999023,21.33333396911621,21.383333206176758,21.516666412353516,2496600.0,21.13445472717285
2004-08-25,21.913333892822266,21.440000534057617,21.50666618347168,21.883333206176758,2110200.0,21.494609832763672
2004-08-26,22.010000228881836,21.75,21.883333206176758,21.983333587646484,1743300.0,21.592832565307617
2004-08-27,22.19333267211914,21.889999389648438,21.96666717529297,22.100000381469727,2136300.0,21.70743179321289
2004-08-30,22.233333587646484,22.049999237060547,22.133333206176758,22.08333396911621,1982100.0,21.691059112548828
2004-08-31,22.226667404174805,22.010000228881836,22.116666793823242,22.18666648864746,2903700.0,21.79254913330078
2004-09-01,22.50666618347168,22.016666412353516,22.126667022705078,22.479999542236328,2494200.0,22.08067512512207
2004-09-02,22.933332443237305,22.343334197998047,22.479999542236328,22.856666564941406,2851500.0,22.45064926147461
2004-09-03,23.049999237060547,22.8266658782959,22.866666793823242,22.953332901000977,1936200.0,22.54559898376465
2004-09-07,23.31333351135254,22.950000762939453,23.15333366394043,23.0,4663800.0,22.59143829345703
2004-09-08,23.0,22.700000762939453,22.899999618530273,22.726667404174805,3489300.0,22.322961807250977
2004-09-09,22.8799991607666,22.5766658782959,22.746665954589844,22.623332977294922,2820000.0,22.245935440063477
2004-09-10,22.850000381469727,22.549999237060547,22.59000015258789,22.65999984741211,1886700.0,22.281991958618164
2004-09-13,22.893333435058594,22.386667251586914,22.49333381652832,22.893333435058594,2460600.0,22.511428833007812
2004-09-14,23.016666412353516,22.69333267211914,22.926666259765625,22.829999923706055,2659200.0,22.44915199279785
2004-09-15,23.030000686645508,22.763334274291992,22.953332901000977,22.996665954589844,2790900.0,22.613039016723633
2004-09-16,23.246665954589844,22.946666717529297,23.0,23.110000610351562,2421900.0,22.724483489990234
2004-09-17,23.263334274291992,22.933332443237305,23.113332748413086,23.156665802001953,3709500.0,22.770370483398438
2004-09-20,23.39666748046875,23.079999923706055,23.079999923706055,23.34666633605957,2606700.0,22.95720100402832
2004-09-21,23.46666717529297,23.190000534057617,23.39666748046875,23.376667022705078,3458400.0,22.98670196533203
2004-09-22,23.24333381652832,22.866666793823242,23.24333381652832,22.90999984741211,2184600.0,22.527816772460938
2004-09-23,22.913333892822266,22.469999313354492,22.913333892822266,22.56999969482422,3420600.0,22.19348907470703
2004-09-24,22.56999969482422,22.386667251586914,22.56999969482422,22.426666259765625,4143900.0,22.052549362182617
2004-09-27,22.746665954589844,22.469999313354492,22.5,22.53333282470703,2304600.0,22.157432556152344
2004-09-28,22.920000076293945,22.53333282470703,22.600000381469727,22.889999389648438,2519700.0,22.508150100708008
2004-09-29,23.079999923706055,22.700000762939453,22.889999389648438,23.03333282470703,1841400.0,22.649091720581055
2004-09-30,23.3266658782959,22.933332443237305,22.969999313354492,23.209999084472656,4004100.0,22.82280921936035
2004-10-01,23.53333282470703,23.15333366394043,23.213333129882812,23.53333282470703,2627700.0,23.140750885009766
2004-10-04,24.066667556762695,23.53333282470703,23.55666732788086,24.003334045410156,5448000.0,23.602914810180664
2004-10-05,24.260000228881836,23.766666412353516,24.016666412353516,23.809999465942383,2975100.0,23.41280174255371
2004-10-06,23.979999542236328,23.536666870117188,23.979999542236328,23.953332901000977,2444100.0,23.55374526977539
2004-10-07,24.209999084472656,23.376667022705078,23.91666603088379,23.43666648864746,4393200.0,23.045698165893555
2004-10-08,23.489999771118164,23.206666946411133,23.43666648864746,23.309999465942383,3085500.0,22.921140670776367
2004-10-11,23.6299991607666,23.183332443237305,23.393333435058594,23.239999771118164,2296800.0,22.85230827331543
2004-10-12,23.21666717529297,22.8799991607666,23.1733341217041,23.046667098999023,2999700.0,22.66220474243164
2004-10-13,23.206666946411133,22.809999465942383,23.16666603088379,22.946666717529297,2237100.0,22.563873291015625
2004-10-14,23.246665954589844,22.753334045410156,23.113332748413086,22.77666664123535,4378800.0,22.396711349487305
2004-10-15,22.77666664123535,21.84000015258789,22.773332595825195,22.360000610351562,6565800.0,21.986995697021484
2004-10-18,22.39666748046875,22.149999618530273,22.393333435058594,22.19333267211914,3025200.0,21.823104858398438
2004-10-19,22.100000381469727,19.33333396911621,22.100000381469727,19.90999984741211,25899600.0,19.577857971191406
2004-10-20,20.3799991607666,19.43000030517578,19.860000610351562,19.963333129882812,15062700.0,19.63031005859375
2004-10-21,20.200000762939453,19.503334045410156,19.963333129882812,19.523332595825195,7250400.0,19.19764518737793
2004-10-22,20.100000381469727,19.40333366394043,19.52666664123535,19.616666793823242,3329400.0,19.2894229888916
2004-10-25,20.18666648864746,19.543333053588867,19.58333396911621,19.93666648864746,3534000.0,19.604087829589844
2004-10-26,21.25,20.566667556762695,20.66666603088379,21.16666603088379,5926500.0,20.813566207885742
2004-10-27,21.476667404174805,20.786666870117188,21.03333282470703,21.386667251586914,3625200.0,21.0299015045166
2004-10-28,21.356666564941406,20.75,21.35333251953125,21.030000686645508,4988400.0,20.67917823791504
2004-10-29,21.260000228881836,20.93666648864746,20.979999542236328,21.15333366394043,3053700.0,20.800460815429688
2004-11-01,21.213333129882812,20.946666717529297,21.16666603088379,21.049999237060547,2868600.0,20.69884490966797
2004-11-02,21.363332748413086,20.933332443237305,21.016666412353516,21.149999618530273,2964600.0,20.79718017578125
2004-11-03,22.483333587646484,21.366666793823242,21.5,21.763334274291992,8859300.0,21.4002742767334
2004-11-04,22.163333892822266,21.66666603088379,21.66666603088379,22.1299991607666,4563900.0,21.760828018188477
2004-11-05,22.226667404174805,21.623332977294922,22.14666748046875,21.91666603088379,4047600.0,21.551054000854492
2004-11-08,22.25666618347168,21.906665802001953,21.91666603088379,22.21666717529297,2443200.0,21.846059799194336
2004-11-09,23.566667556762695,22.933332443237305,23.086666107177734,23.049999237060547,9682200.0,22.665477752685547
2004-11-10,23.329999923706055,22.89666748046875,23.046667098999023,23.18666648864746,3118800.0,22.79986572265625
2004-11-11,23.399999618530273,23.046667098999023,23.270000457763672,23.35333251953125,2135400.0,22.963754653930664
2004-11-12,23.343334197998047,22.66666603088379,23.303333282470703,23.309999465942383,4664100.0,22.921140670776367
2004-11-15,23.963333129882812,23.25,23.266666412353516,23.566667556762695,4749600.0,23.173524856567383
2004-11-16,23.600000381469727,23.09000015258789,23.4233341217041,23.170000076293945,2748000.0,22.783483505249023
2004-11-17,23.406665802001953,22.93666648864746,23.170000076293945,23.059999465942383,3489600.0,22.675315856933594
2004-11-18,23.3266658782959,22.75666618347168,23.200000762939453,22.823333740234375,3605400.0,22.44259262084961
2004-11-19,23.036666870117188,22.66666603088379,22.823333740234375,22.706666946411133,3313500.0,22.327877044677734
2004-11-22,23.133333206176758,22.303333282470703,22.626667022705078,23.040000915527344,4091700.0,22.655649185180664
2004-11-23,23.453332901000977,23.040000915527344,23.040000915527344,23.406665802001953,3813300.0,23.016197204589844
2004-11-24,23.43666648864746,23.16666603088379,23.433332443237305,23.336666107177734,1865400.0,22.94736671447754
2004-11-26,23.553333282470703,23.28333282470703,23.28333282470703,23.433332443237305,461100.0,23.042421340942383
2004-11-29,23.559999465942383,22.770000457763672,23.3799991607666,23.356666564941406,3560400.0,22.96703338623047
2004-11-30,23.426666259765625,23.049999237060547,23.25,23.34000015258789,3360600.0,22.950645446777344
2004-12-01,25.81999969482422,24.200000762939453,24.200000762939453,25.266666412353516,14924400.0,24.84517478942871
2004-12-02,25.399999618530273,24.753334045410156,25.299999237060547,24.956666946411133,5271900.0,24.540346145629883
2004-12-03,25.036666870117188,24.81333351135254,24.959999084472656,24.950000762939453,2383800.0,24.533788681030273
2004-12-06,25.18000030517578,24.633333206176758,24.799999237060547,25.15333366394043,3122100.0,24.73372459411621
2004-12-07,25.33333396911621,25.010000228881836,25.15333366394043,25.08333396911621,3775200.0,24.664899826049805
2004-12-08,25.733333587646484,25.116666793823242,25.133333206176758,25.71666717529297,4185000.0,25.287662506103516
2004-12-09,26.700000762939453,25.53333282470703,25.706666946411133,26.6733341217041,6136200.0,26.253890991210938
2004-12-10,27.15333366394043,26.516666412353516,27.15333366394043,27.0,5564700.0,26.575422286987305
2004-12-13,27.21666717529297,26.83333396911621,27.0,26.899999618530273,4450800.0,26.47699737548828
2004-12-14,27.049999237060547,26.773332595825195,26.899999618530273,26.899999618530273,2981100.0,26.47699737548828
2004-12-15,27.266666412353516,26.883333206176758,27.0,27.10333251953125,3415200.0,26.677135467529297
2004-12-16,27.086666107177734,26.3266658782959,27.03333282470703,26.633333206176758,5543400.0,26.214523315429688
2004-12-17,26.59666633605957,26.28333282470703,26.41666603088379,26.366666793823242,3969000.0,25.952051162719727
2004-12-20,26.799999237060547,26.5,26.5,26.66666603088379,3545700.0,26.247329711914062
2004-12-21,26.959999084472656,26.46666717529297,26.58333396911621,26.89666748046875,3533700.0,26.473711013793945
2004-12-22,26.899999618530273,26.643333435058594,26.883333206176758,26.68000030517578,3096600.0,26.260456085205078
2004-12-23,26.739999771118164,26.50666618347168,26.64666748046875,26.663333892822266,2079300.0,26.244054794311523
2004-12-27,26.773332595825195,26.553333282470703,26.66666603088379,26.683332443237305,1741800.0,26.26374053955078
2004-12-28,27.75666618347168,26.60333251953125,26.66666603088379,27.40333366394043,3486300.0,26.972412109375
2004-12-29,27.366666793823242,27.139999389648438,27.233333587646484,27.21666717529297,1875900.0,26.788681030273438
2004-12-30,27.219999313354492,26.956666946411133,27.219999313354492,27.049999237060547,1664700.0,26.6246395111084
2004-12-31,27.31999969482422,26.793333053588867,27.049999237060547,27.190000534057617,1350000.0,26.762435913085938
2005-01-03,27.316667556762695,26.633333206176758,27.183332443237305,26.66666603088379,2595600.0,26.247329711914062
2005-01-04,26.649999618530273,26.299999237060547,26.649999618530273,26.47333335876465,4178100.0,26.057037353515625
2005-01-05,26.760000228881836,26.286666870117188,26.540000915527344,26.30666732788086,3882300.0,25.892995834350586
2005-01-06,26.35333251953125,26.036666870117188,26.25666618347168,26.31999969482422,4538700.0,25.906112670898438
2005-01-07,26.5,26.15333366394043,26.299999237060547,26.273332595825195,3200100.0,25.860177993774414
2005-01-10,26.690000534057617,26.233333587646484,26.233333587646484,26.676666259765625,3730800.0,26.25717544555664
2005-01-11,27.116666793823242,26.483333587646484,26.643333435058594,26.996665954589844,3846900.0,26.572139739990234
2005-01-12,27.52666664123535,27.123332977294922,27.229999542236328,27.5,4672200.0,27.06756019592285
2005-01-13,27.6733341217041,27.496665954589844,27.566667556762695,27.540000915527344,3714000.0,27.10693359375
2005-01-14,27.809999465942383,27.486665725708008,27.540000915527344,27.77666664123535,3041700.0,27.339881896972656
2005-01-18,27.843334197998047,27.49333381652832,27.543333053588867,27.64666748046875,2911200.0,27.21192741394043
2005-01-19,27.65999984741211,27.28333282470703,27.649999618530273,27.31333351135254,2277600.0,26.883831024169922
2005-01-20,27.343334197998047,26.739999771118164,27.280000686645508,27.023332595825195,2811900.0,26.598388671875
2005-01-21,27.18000030517578,26.69333267211914,26.889999389648438,26.72333335876465,1585500.0,26.303112030029297
2005-01-24,26.950000762939453,26.540000915527344,26.726667404174805,26.68666648864746,2053800.0,26.267017364501953
2005-01-25,26.93666648864746,26.530000686645508,26.690000534057617,26.60333251953125,1957200.0,26.184995651245117
2005-01-26,26.676666259765625,26.50666618347168,26.5766658782959,26.606666564941406,2028000.0,26.18827247619629
2005-01-27,27.016666412353516,26.586666107177734,26.6299991607666,26.850000381469727,2062800.0,26.427785873413086
2005-01-28,26.876667022705078,26.200000762939453,26.83333396911621,26.200000762939453,2776800.0,25.78800392150879
2005-01-31,26.78333282470703,26.366666793823242,26.366666793823242,26.75,2280000.0,26.32935905456543
2005-02-01,27.536666870117188,26.876667022705078,26.883333206176758,27.516666412353516,3382200.0,27.083969116210938
2005-02-02,27.56333351135254,27.270000457763672,27.516666412353516,27.366666793823242,2040900.0,26.93632698059082
2005-02-03,27.3799991607666,27.163333892822266,27.25,27.30666732788086,1887300.0,26.877267837524414
2005-02-04,27.790000915527344,27.266666412353516,27.350000381469727,27.726667404174805,3249600.0,27.29066276550293
2005-02-07,27.793333053588867,27.16666603088379,27.559999465942383,27.64666748046875,4119900.0,27.21192741394043
2005-02-08,27.986665725708008,27.5,27.643333435058594,27.97333335876465,2849700.0,27.533451080322266
2005-02-09,29.33333396911621,28.08333396911621,28.75,28.450000762939453,9861900.0,28.002622604370117
2005-02-10,29.246665954589844,28.610000610351562,29.100000381469727,28.989999771118164,4767900.0,28.534133911132812
2005-02-11,29.91666603088379,28.940000534057617,29.053333282470703,29.886667251586914,4859100.0,29.416698455810547
2005-02-14,29.889999389648438,29.586666107177734,29.600000381469727,29.799999237060547,5880300.0,29.331392288208008
2005-02-15,30.143333435058594,29.670000076293945,29.683332443237305,30.049999237060547,3840900.0,29.57746124267578
2005-02-16,30.079999923706055,29.85333251953125,29.899999618530273,29.899999618530273,3741600.0,29.42982292175293
2005-02-17,29.8266658782959,29.453332901000977,29.649999618530273,29.566667556762695,4416300.0,29.101728439331055
2005-02-18,30.229999542236328,29.566667556762695,29.5766658782959,29.989999771118164,3240600.0,29.518404006958008
2005-02-22,29.739999771118164,29.219999313354492,29.72333335876465,29.399999618530273,5035200.0,28.93768310546875
2005-02-23,29.873332977294922,29.34666633605957,29.366666793823242,29.836666107177734,2990700.0,29.36748504638672
2005-02-24,30.013334274291992,29.600000381469727,29.753334045410156,29.899999618530273,2177100.0,29.42982292175293
2005-02-25,30.49333381652832,29.753334045410156,29.78333282470703,30.46666717529297,2850900.0,29.98758316040039
2005-02-28,30.47333335876465,29.83333396911621,29.96666717529297,30.266666412353516,2934900.0,29.790721893310547
2005-03-01,30.803333282470703,30.116666793823242,30.116666793823242,30.593334197998047,2238900.0,30.11225128173828
2005-03-02,30.913333892822266,30.1733341217041,30.3266658782959,30.616666793823242,2436000.0,30.13521957397461
2005-03-03,30.74333381652832,29.983333587646484,30.616666793823242,29.989999771118164,3435300.0,29.518404006958008
2005-03-04,30.30666732788086,29.983333587646484,30.123332977294922,30.05666732788086,4232100.0,29.58402442932129
2005-03-07,30.06999969482422,29.75,30.05666732788086,29.91666603088379,3903600.0,29.44622802734375
2005-03-08,30.0,29.530000686645508,29.950000762939453,29.5766658782959,2981700.0,29.1115665435791
2005-03-09,29.72333335876465,29.030000686645508,29.5,29.183332443237305,3307200.0,28.724424362182617
2005-03-10,29.383333206176758,29.100000381469727,29.1733341217041,29.316667556762695,3095700.0,28.880403518676758
2005-03-11,29.446666717529297,29.03333282470703,29.350000381469727,29.066667556762695,2922000.0,28.634122848510742
2005-03-14,29.399999618530273,28.829999923706055,29.116666793823242,28.850000381469727,3636000.0,28.42068099975586
2005-03-15,29.360000610351562,28.866666793823242,28.866666793823242,28.99333381652832,4321500.0,28.561880111694336
2005-03-16,28.913333892822266,28.253334045410156,28.8799991607666,28.450000762939453,2933400.0,28.026634216308594
2005-03-17,28.8266658782959,28.19333267211914,28.549999237060547,28.633333206176758,2016000.0,28.207233428955078
2005-03-18,28.75,28.46666717529297,28.566667556762695,28.706666946411133,2493000.0,28.279478073120117
2005-03-21,28.866666793823242,28.446666717529297,28.709999084472656,28.786666870117188,2919600.0,28.358291625976562
2005-03-22,29.113332748413086,28.196666717529297,28.703332901000977,28.33333396911621,2964300.0,27.91169548034668
2005-03-23,28.950000762939453,28.33333396911621,28.75,28.709999084472656,4040700.0,28.282760620117188
2005-03-24,29.0,28.530000686645508,28.626667022705078,28.75,1798800.0,28.32216453552246
2005-03-28,29.149999618530273,28.616666793823242,28.75,28.963333129882812,2275200.0,28.532320022583008
2005-03-29,29.21666717529297,28.593334197998047,29.066667556762695,28.66666603088379,2310300.0,28.24007225036621
2005-03-30,29.463333129882812,28.540000915527344,28.83333396911621,29.463333129882812,3396900.0,29.02488899230957
2005-03-31,29.899999618530273,29.376667022705078,29.489999771118164,29.766666412353516,3739800.0,29.323699951171875
2005-04-01,30.010000228881836,29.5766658782959,29.799999237060547,29.649999618530273,3709800.0,29.20877456665039
2005-04-04,29.616666793823242,29.246665954589844,29.616666793823242,29.329999923706055,3819900.0,28.893531799316406
2005-04-05,29.809999465942383,29.270000457763672,29.290000915527344,29.71666717529297,2887500.0,29.274444580078125
2005-04-06,30.453332901000977,29.799999237060547,29.799999237060547,30.30666732788086,3039300.0,29.855670928955078
2005-04-07,30.489999771118164,30.066667556762695,30.25,30.399999618530273,1737900.0,29.947614669799805
2005-04-08,30.6299991607666,30.100000381469727,30.40333366394043,30.113332748413086,1936200.0,29.66520881652832
2005-04-11,30.28333282470703,29.969999313354492,30.113332748413086,30.110000610351562,1962900.0,29.661930084228516
2005-04-12,30.950000762939453,30.18000030517578,30.209999084472656,30.836666107177734,5028600.0,30.37778091430664
2005-04-13,30.906665802001953,30.399999618530273,30.836666107177734,30.530000686645508,2548500.0,30.0756778717041
2005-04-14,30.53333282470703,29.579999923706055,30.53333282470703,29.8799991607666,4028100.0,29.43535041809082
2005-04-15,30.520000457763672,29.706666946411133,29.8799991607666,30.010000228881836,4022700.0,29.56341552734375
2005-04-18,30.08333396911621,28.546667098999023,29.700000762939453,28.989999771118164,6077100.0,28.558595657348633
2005-04-19,29.579999923706055,29.0,29.073333740234375,29.53333282470703,2522700.0,29.093843460083008
2005-04-20,29.60333251953125,29.049999237060547,29.53333282470703,29.293333053588867,2819700.0,28.8574161529541
2005-04-21,29.719999313354492,29.149999618530273,29.46666717529297,29.700000762939453,2097900.0,29.258026123046875
2005-04-22,29.78333282470703,29.25666618347168,29.586666107177734,29.33333396911621,1802700.0,28.896820068359375
2005-04-25,29.84000015258789,29.39666748046875,29.413333892822266,29.69333267211914,1857900.0,29.25146484375
2005-04-26,29.770000457763672,29.16666603088379,29.700000762939453,29.16666603088379,1727400.0,28.732637405395508
2005-04-27,30.25666618347168,29.043333053588867,29.1733341217041,30.18000030517578,3533400.0,29.73088264465332
2005-04-28,30.273332595825195,29.6299991607666,30.213333129882812,29.643333435058594,1992600.0,29.20220947265625
2005-04-29,30.78333282470703,29.703332901000977,29.790000915527344,30.65999984741211,3894300.0,30.20374298095703
2005-05-02,31.15999984741211,30.46666717529297,30.66666603088379,30.729999542236328,2961600.0,30.272701263427734
2005-05-03,31.53333282470703,30.643333435058594,30.696666717529297,31.483333587646484,4533600.0,31.014822006225586
2005-05-04,33.0,31.77666664123535,32.13999938964844,32.25666809082031,7896000.0,31.776653289794922
2005-05-05,32.5,31.876667022705078,32.05666732788086,32.13333511352539,3090300.0,31.655149459838867
2005-05-06,32.619998931884766,32.16666793823242,32.21333312988281,32.4900016784668,2507400.0,32.006507873535156
2005-05-09,32.88333511352539,32.0,32.15666580200195,32.779998779296875,3158400.0,32.292205810546875
2005-05-10,32.86666488647461,32.34333419799805,32.54666519165039,32.41999816894531,2459100.0,31.937557220458984
2005-05-11,32.540000915527344,32.060001373291016,32.27000045776367,32.30666732788086,3316500.0,31.82591438293457
2005-05-12,32.436668395996094,32.14666748046875,32.38666534423828,32.2066650390625,2786400.0,31.72739028930664
2005-05-13,32.2400016784668,31.030000686645508,32.2400016784668,31.579999923706055,3029100.0,31.110050201416016
2005-05-16,31.84666633605957,31.53333282470703,31.53333282470703,31.793333053588867,3447300.0,31.320207595825195
2005-05-17,32.31999969482422,31.476667404174805,31.69333267211914,32.19333267211914,3137100.0,31.714258193969727
2005-05-18,32.689998626708984,31.963333129882812,32.44333267211914,32.16999816894531,3658200.0,31.69127082824707
2005-05-19,32.31999969482422,31.976667404174805,32.11666488647461,32.20000076293945,2902500.0,31.720829010009766
2005-05-20,32.49333190917969,32.16666793823242,32.20000076293945,32.46666717529297,2671200.0,31.9835262298584
2005-05-23,32.50666809082031,32.06999969482422,32.5,32.310001373291016,3511200.0,31.829179763793945
2005-05-24,32.38333511352539,32.150001525878906,32.15999984741211,32.33333206176758,2985300.0,31.852169036865234
2005-05-25,32.516666412353516,32.130001068115234,32.31666564941406,32.34000015258789,2269500.0,31.858739852905273
2005-05-26,32.98666763305664,32.40999984741211,32.426666259765625,32.90999984741211,2314800.0,32.420265197753906
2005-05-27,33.03333282470703,32.709999084472656,32.84333419799805,32.96333312988281,2002500.0,32.472801208496094
2005-05-31,32.97999954223633,32.41666793823242,32.959999084472656,32.41666793823242,4208400.0,31.934274673461914
2005-06-01,32.936668395996094,32.29999923706055,32.43333435058594,32.7933349609375,3228600.0,32.30533218383789
2005-06-02,32.78333282470703,32.3466682434082,32.66666793823242,32.5,2972100.0,32.016361236572266
2005-06-03,32.9900016784668,32.3033332824707,32.31666564941406,32.86000061035156,2722500.0,32.371009826660156
2005-06-06,33.52333450317383,32.5966682434082,32.77333450317383,33.400001525878906,4548900.0,32.90297317504883
2005-06-07,33.74333190917969,33.253334045410156,33.33333206176758,33.56999969482422,3570600.0,33.0704345703125
2005-06-08,33.65999984741211,33.36333465576172,33.56999969482422,33.516666412353516,2440500.0,33.01789093017578
2005-06-09,34.34000015258789,33.46333312988281,33.46333312988281,34.34000015258789,3896400.0,33.85423278808594
2005-06-10,34.599998474121094,34.21666717529297,34.279998779296875,34.393333435058594,4478700.0,33.90680694580078
2005-06-13,34.436668395996094,34.16999816894531,34.266666412353516,34.436668395996094,3594000.0,33.94953536987305
2005-06-14,35.119998931884766,34.42333221435547,34.426666259765625,35.03333282470703,5998500.0,34.53776168823242
2005-06-15,35.31666564941406,34.85333251953125,35.04999923706055,35.28666687011719,3090300.0,34.787506103515625
2005-06-16,35.516666412353516,35.119998931884766,35.16666793823242,35.41666793823242,2848500.0,34.91566848754883
2005-06-17,35.779998779296875,35.5,35.650001525878906,35.57666778564453,3439500.0,35.07341003417969
2005-06-20,35.66666793823242,35.026668548583984,35.38333511352539,35.47999954223633,2720400.0,34.978111267089844
2005-06-21,35.76333236694336,35.41666793823242,35.496665954589844,35.5533332824707,2128200.0,35.05040740966797
2005-06-22,35.93000030517578,35.45333480834961,35.83333206176758,35.6533317565918,2405100.0,35.148983001708984
2005-06-23,35.81999969482422,35.483333587646484,35.61333465576172,35.66666793823242,2425200.0,35.162132263183594
2005-06-24,35.776668548583984,35.37333297729492,35.53333282470703,35.61333465576172,2477100.0,35.10955810546875
2005-06-27,35.573333740234375,35.15999984741211,35.573333740234375,35.25666809082031,2933100.0,34.7579345703125
2005-06-28,36.02000045776367,35.223331451416016,35.34000015258789,35.88333511352539,3046800.0,35.375732421875
2005-06-29,36.28333282470703,35.810001373291016,35.96666717529297,36.0,1913700.0,35.49074935913086
2005-06-30,36.483333587646484,35.676666259765625,36.20000076293945,35.676666259765625,2415900.0,35.171993255615234
2005-07-01,35.746665954589844,35.3466682434082,35.65999984741211,35.59333419799805,2084400.0,35.089839935302734
2005-07-05,36.18000030517578,35.47666549682617,35.62666702270508,36.06666564941406,2213400.0,35.55647277832031
2005-07-06,36.83333206176758,35.88666534423828,36.016666412353516,36.10333251953125,3707100.0,35.592620849609375
2005-07-07,36.349998474121094,35.66666793823242,35.70333480834961,36.209999084472656,2393100.0,35.697776794433594
2005-07-08,36.58000183105469,36.0433349609375,36.11666488647461,36.37333297729492,2102400.0,35.858802795410156
2005-07-11,36.87333297729492,36.53666687011719,36.650001525878906,36.746665954589844,3183300.0,36.22685623168945
2005-07-12,36.9566650390625,36.53333282470703,36.71333312988281,36.83333206176758,2686800.0,36.31229782104492
2005-07-13,36.97666549682617,36.253334045410156,36.86666488647461,36.34000015258789,3439200.0,35.82593536376953
2005-07-14,36.63666534423828,36.08333206176758,36.42333221435547,36.246665954589844,2840400.0,35.733924865722656
2005-07-15,36.83000183105469,36.29999923706055,36.29999923706055,36.650001525878906,2986800.0,36.131553649902344
2005-07-18,36.939998626708984,36.5,36.599998474121094,36.76333236694336,2106000.0,36.243289947509766
2005-07-19,36.900001525878906,36.15666580200195,36.8466682434082,36.3466682434082,2966700.0,35.83251953125
2005-07-20,36.58333206176758,36.016666412353516,36.279998779296875,36.06666564941406,2033100.0,35.55647277832031
2005-07-21,35.290000915527344,34.29999923706055,35.16666793823242,34.58333206176758,6872700.0,34.09412384033203
2005-07-22,34.776668548583984,34.33000183105469,34.57666778564453,34.63666534423828,3441900.0,34.146697998046875
2005-07-25,34.9566650390625,34.63333511352539,34.723331451416016,34.676666259765625,2486700.0,34.18614196777344
2005-07-26,34.91999816894531,34.47999954223633,34.676666259765625,34.5966682434082,2352600.0,34.10726547241211
2005-07-27,34.75,34.27333450317383,34.57666778564453,34.5,2872200.0,34.01197814941406
2005-07-28,36.0533332824707,34.66666793823242,34.66666793823242,35.573333740234375,4067400.0,35.07011413574219
2005-07-29,35.82666778564453,35.37333297729492,35.52333450317383,35.58333206176758,1772700.0,35.079978942871094
2005-08-01,36.16666793823242,35.68000030517578,35.81666564941406,35.880001068115234,2137800.0,35.37245559692383
2005-08-02,36.393333435058594,35.94333267211914,36.11000061035156,36.13333511352539,3932700.0,35.62220001220703
2005-08-03,39.14666748046875,37.25,37.66666793823242,38.52333450317383,10286700.0,37.9783935546875
2005-08-04,38.099998474121094,37.58333206176758,37.83333206176758,37.790000915527344,6067500.0,37.25543212890625
2005-08-05,37.619998931884766,36.9900016784668,37.48666763305664,37.086666107177734,2737800.0,36.562049865722656
2005-08-08,37.266666412353516,36.400001525878906,37.0,36.483333587646484,2313000.0,35.967254638671875
2005-08-09,36.7400016784668,36.37666702270508,36.56666564941406,36.599998474121094,2884800.0,36.08226776123047
2005-08-10,37.65666580200195,36.709999084472656,36.766666412353516,37.503334045410156,4162200.0,36.97280502319336
2005-08-11,37.9466667175293,37.22666549682617,37.23666763305664,37.9033317565918,2669400.0,37.36716079711914
2005-08-12,38.42333221435547,37.34000015258789,37.5,37.80666732788086,3339300.0,37.27186584472656
2005-08-15,38.25,37.663333892822266,37.68333435058594,37.88666534423828,2292600.0,37.350738525390625
2005-08-16,37.90999984741211,37.380001068115234,37.766666412353516,37.5433349609375,1936200.0,37.01225662231445
2005-08-17,37.776668548583984,37.38333511352539,37.46666717529297,37.516666412353516,1658400.0,36.985965728759766
2005-08-18,37.599998474121094,37.2066650390625,37.33333206176758,37.39666748046875,1435800.0,36.86765670776367
2005-08-19,37.83333206176758,37.336666107177734,37.39666748046875,37.630001068115234,1576200.0,37.09769821166992
2005-08-22,37.9466667175293,37.586666107177734,37.63333511352539,37.71333312988281,2413500.0,37.179847717285156
2005-08-23,37.91666793823242,37.599998474121094,37.79666519165039,37.70000076293945,2126700.0,37.16669845581055
2005-08-24,37.880001068115234,37.49333190917969,37.58333206176758,37.619998931884766,1975200.0,37.08782958984375
2005-08-25,37.81666564941406,37.52000045776367,37.62333297729492,37.71333312988281,1428000.0,37.179847717285156
2005-08-26,37.9033317565918,37.54999923706055,37.68333435058594,37.599998474121094,2923200.0,37.068115234375
2005-08-29,38.08333206176758,37.369998931884766,37.46666717529297,37.75666809082031,2272500.0,37.222572326660156
2005-08-30,38.25,37.68333435058594,37.766666412353516,38.189998626708984,2647200.0,37.6497688293457
2005-08-31,38.540000915527344,37.913333892822266,38.0,38.439998626708984,2550300.0,37.896240234375
2005-09-01,38.7066650390625,38.276668548583984,38.439998626708984,38.47999954223633,3716400.0,37.9356689453125
2005-09-02,38.70000076293945,38.176666259765625,38.413333892822266,38.53333282470703,2168400.0,37.988250732421875
2005-09-06,38.753334045410156,38.28333282470703,38.516666412353516,38.70000076293945,2880000.0,38.152557373046875
2005-09-07,38.75,38.25666809082031,38.54999923706055,38.56999969482422,3962700.0,38.02439498901367
2005-09-08,38.413333892822266,37.663333892822266,37.66666793823242,38.163333892822266,3795600.0,37.647891998291016
2005-09-09,38.643333435058594,38.30666732788086,38.33000183105469,38.39666748046875,3030000.0,37.87805938720703
2005-09-12,38.540000915527344,38.03666687011719,38.5099983215332,38.233333587646484,2844600.0,37.716941833496094
2005-09-13,38.310001373291016,37.5966682434082,38.266666412353516,37.766666412353516,4005900.0,37.25657653808594
2005-09-14,38.34333419799805,37.849998474121094,37.900001525878906,38.20333480834961,3317700.0,37.68735122680664
2005-09-15,38.41666793823242,37.936668395996094,38.20000076293945,37.973331451416016,3223200.0,37.460445404052734
2005-09-16,38.5099983215332,37.96333312988281,37.9900016784668,38.36666488647461,2376300.0,37.848472595214844
2005-09-19,38.323333740234375,37.9566650390625,38.28333282470703,38.18000030517578,1994100.0,37.66433334350586
2005-09-20,38.25,37.48666763305664,38.2066650390625,37.54999923706055,2737800.0,37.04283905029297
2005-09-21,37.56666564941406,37.220001220703125,37.46666717529297,37.31666564941406,2929800.0,36.81264877319336
2005-09-22,37.643333435058594,37.18333435058594,37.266666412353516,37.643333435058594,4280700.0,37.134910583496094
2005-09-23,38.64666748046875,37.5,37.5,38.163333892822266,4272300.0,37.647891998291016
2005-09-26,38.41666793823242,37.83000183105469,38.336666107177734,38.18333435058594,2169600.0,37.66761779785156
2005-09-27,38.56666564941406,38.0099983215332,38.33000183105469,38.29999923706055,2881800.0,37.78270721435547
2005-09-28,38.790000915527344,38.310001373291016,38.516666412353516,38.71333312988281,3012000.0,38.190460205078125
2005-09-29,39.1966667175293,38.02333450317383,38.16666793823242,39.14666748046875,2929500.0,38.6179313659668
2005-09-30,39.413333892822266,39.06666564941406,39.16666793823242,39.28666687011719,2404200.0,38.75605010986328
2005-10-03,39.563331604003906,38.66666793823242,38.66666793823242,39.39666748046875,2847600.0,38.864559173583984
2005-10-04,39.939998626708984,39.336666107177734,39.336666107177734,39.766666412353516,3655500.0,39.22957229614258
2005-10-05,39.619998931884766,38.599998474121094,39.46666717529297,38.68333435058594,5130300.0,38.160865783691406
2005-10-06,38.7933349609375,38.16666793823242,38.766666412353516,38.58333206176758,2806800.0,38.06222152709961
2005-10-07,38.746665954589844,38.34000015258789,38.62333297729492,38.59000015258789,2247300.0,38.06878662109375
2005-10-10,38.766666412353516,38.266666412353516,38.50666809082031,38.266666412353516,2900100.0,37.74982833862305
2005-10-11,38.39666748046875,37.43333435058594,38.33333206176758,37.473331451416016,3814500.0,36.967201232910156
2005-10-12,37.49333190917969,35.90999984741211,37.473331451416016,36.28666687011719,7461000.0,35.796566009521484
2005-10-13,36.61666488647461,36.28666687011719,36.28666687011719,36.53333282470703,3844200.0,36.039894104003906
2005-10-14,37.2599983215332,36.86333465576172,36.88333511352539,37.1966667175293,3438300.0,36.69427490234375
2005-10-17,37.60333251953125,36.90999984741211,37.36666488647461,37.50666809082031,2180100.0,37.000091552734375
2005-10-18,37.92333221435547,37.34333419799805,37.663333892822266,37.43333435058594,2568000.0,36.927738189697266
2005-10-19,38.28333282470703,37.12666702270508,37.29999923706055,38.23666763305664,2363400.0,37.72023010253906
2005-10-20,38.61000061035156,37.836666107177734,38.016666412353516,37.893333435058594,2398500.0,37.381526947021484
2005-10-21,38.246665954589844,37.58333206176758,37.98666763305664,38.11666488647461,2340300.0,37.60186004638672
2005-10-24,38.54999923706055,38.09333419799805,38.400001525878906,38.5099983215332,2301000.0,37.989864349365234
2005-10-25,38.16666793823242,36.893333435058594,38.099998474121094,37.266666412353516,4039800.0,36.76332473754883
2005-10-26,37.46333312988281,36.63999938964844,37.233333587646484,36.70333480834961,3904500.0,36.207611083984375
2005-10-27,37.459999084472656,36.689998626708984,36.78666687011719,36.71666717529297,2688000.0,36.22075653076172
2005-10-28,38.37333297729492,36.86666488647461,36.86666488647461,38.310001373291016,4492200.0,37.79258346557617
2005-10-31,38.87333297729492,38.143333435058594,38.266666412353516,38.62333297729492,4550100.0,38.10167694091797
2005-11-01,39.35333251953125,38.04999923706055,38.33333206176758,39.18333435058594,5193300.0,38.65411376953125
2005-11-02,37.01333236694336,35.0,36.0,36.790000915527344,21611400.0,36.29310607910156
2005-11-03,37.52333450317383,36.47999954223633,36.880001068115234,37.28333282470703,5631600.0,36.7797737121582
2005-11-04,37.33333206176758,36.8466682434082,37.04999923706055,37.1966667175293,3253200.0,36.69427490234375
2005-11-07,37.36333465576172,36.936668395996094,37.279998779296875,37.279998779296875,3546000.0,36.77647399902344
2005-11-08,37.53666687011719,36.720001220703125,37.003334045410156,37.22666549682617,3634500.0,36.723876953125
2005-11-09,37.25,36.16666793823242,37.25,36.650001525878906,4523700.0,36.15498733520508
2005-11-10,37.13999938964844,36.36666488647461,36.73666763305664,36.939998626708984,2795700.0,36.44106674194336
2005-11-11,37.38333511352539,36.90999984741211,37.00666809082031,37.369998931884766,2086200.0,36.865272521972656
2005-11-14,37.72666549682617,37.356666564941406,37.369998931884766,37.58333206176758,2347200.0,37.075714111328125
2005-11-15,38.33333206176758,37.65666580200195,37.65666580200195,38.15999984741211,3686400.0,37.644596099853516
2005-11-16,38.2400016784668,37.53666687011719,38.15999984741211,38.0,2517600.0,37.486759185791016
2005-11-17,38.16666793823242,37.86666488647461,38.06666564941406,38.10333251953125,1765500.0,37.58869552612305
2005-11-18,38.436668395996094,37.63333511352539,38.10333251953125,37.96666717529297,3441600.0,37.453880310058594
2005-11-21,38.21666717529297,37.643333435058594,38.21666717529297,37.970001220703125,2615400.0,37.45716857910156
2005-11-22,37.72666549682617,37.290000915527344,37.650001525878906,37.369998931884766,4617900.0,36.865272521972656
2005-11-23,38.130001068115234,37.45333480834961,37.45333480834961,37.91666793823242,2697900.0,37.40454864501953
2005-11-25,38.176666259765625,37.9566650390625,38.026668548583984,38.0099983215332,575700.0,37.49662399291992
2005-11-28,38.233333587646484,37.540000915527344,38.13333511352539,37.540000915527344,2082900.0,37.0329704284668
2005-11-29,38.61000061035156,37.7066650390625,37.709999084472656,38.436668395996094,2327100.0,37.91753005981445
2005-11-30,38.74333190917969,37.50666809082031,38.33333206176758,37.50666809082031,4279200.0,37.000091552734375
2005-12-01,38.459999084472656,37.77333450317383,37.79999923706055,38.459999084472656,2856300.0,37.94053649902344
2005-12-02,38.6533317565918,38.25,38.33333206176758,38.43000030517578,3087000.0,37.910953521728516
2005-12-05,38.496665954589844,38.176666259765625,38.26333236694336,38.33333206176758,2626800.0,37.81559371948242
2005-12-06,38.5,37.61333465576172,38.38333511352539,37.689998626708984,4693800.0,37.18093490600586
2005-12-07,38.063331604003906,37.369998931884766,37.53333282470703,37.66666793823242,3350700.0,37.157928466796875
2005-12-08,37.95333480834961,37.310001373291016,37.78333282470703,37.46333312988281,3053400.0,36.98189163208008
2005-12-09,37.73666763305664,37.34000015258789,37.54666519165039,37.46666717529297,2625900.0,36.98517608642578
2005-12-12,37.75,37.06999969482422,37.58333206176758,37.43333435058594,2419500.0,36.9522705078125
2005-12-13,37.55666732788086,36.86666488647461,37.53333282470703,37.06999969482422,4347600.0,36.59360885620117
2005-12-14,37.813331604003906,36.98666763305664,37.06999969482422,37.68000030517578,3053400.0,37.19576644897461
2005-12-15,37.81666564941406,37.37666702270508,37.63333511352539,37.63999938964844,2190300.0,37.15628433227539
2005-12-16,37.75,37.0433349609375,37.70000076293945,37.11666488647461,3864300.0,36.639671325683594
2005-12-19,37.150001525878906,36.03333282470703,37.150001525878906,36.52333450317383,4062600.0,36.05396270751953
2005-12-20,37.41999816894531,36.52333450317383,36.52333450317383,37.29666519165039,3593700.0,36.81735610961914
2005-12-21,37.88666534423828,37.313331604003906,37.36333465576172,37.7933349609375,2805900.0,37.30764389038086
2005-12-22,38.05666732788086,37.49333190917969,37.83333206176758,37.75,2296800.0,37.26486587524414
2005-12-23,37.856666564941406,37.323333740234375,37.79999923706055,37.68333435058594,1686000.0,37.19906234741211
2005-12-27,37.880001068115234,37.380001068115234,37.61666488647461,37.53666687011719,1917900.0,37.05427932739258
2005-12-28,37.87333297729492,37.529998779296875,37.663333892822266,37.67333221435547,1248900.0,37.189186096191406
2005-12-29,38.08000183105469,37.496665954589844,37.51333236694336,37.836666107177734,1558800.0,37.350425720214844
2005-12-30,37.7066650390625,37.073333740234375,37.516666412353516,37.233333587646484,1293900.0,36.75483322143555
2006-01-03,37.4566650390625,36.526668548583984,37.29666519165039,37.43333435058594,3254700.0,36.9522705078125
2006-01-04,38.33000183105469,37.58333206176758,37.599998474121094,38.276668548583984,3629400.0,37.78477096557617
2006-01-05,39.04666519165039,38.31666564941406,38.33333206176758,38.8466682434082,3278100.0,38.34743881225586
2006-01-06,39.12666702270508,38.72999954223633,39.03333282470703,38.996665954589844,2714100.0,38.49551010131836
2006-01-09,39.03666687011719,38.369998931884766,38.99333190917969,38.470001220703125,2896200.0,37.97561264038086
2006-01-10,38.67333221435547,38.34333419799805,38.41666793823242,38.46333312988281,1837500.0,37.969024658203125
2006-01-11,38.73666763305664,38.233333587646484,38.54999923706055,38.42333221435547,2508300.0,37.92954635620117
2006-01-12,38.5966682434082,38.16666793823242,38.233333587646484,38.38999938964844,2444700.0,37.896644592285156
2006-01-13,38.23666763305664,37.66666793823242,37.66666793823242,38.130001068115234,3171000.0,37.63998794555664
2006-01-17,38.22666549682617,37.8466682434082,38.04666519165039,38.186668395996094,2153100.0,37.695919036865234
2006-01-18,38.95000076293945,38.20000076293945,38.20000076293945,38.279998779296875,3408600.0,37.78805160522461
2006-01-19,38.4566650390625,37.66666793823242,38.41666793823242,38.186668395996094,2703000.0,37.695919036865234
2006-01-20,38.003334045410156,37.313331604003906,38.0,37.34000015258789,3358500.0,36.86012649536133
2006-01-23,37.61666488647461,36.81999969482422,37.473331451416016,36.81999969482422,2441400.0,36.3468132019043
2006-01-24,37.35333251953125,36.856666564941406,37.1533317565918,37.0533332824707,2774400.0,36.57715606689453
2006-01-25,37.526668548583984,37.02000045776367,37.31999969482422,37.25,1712100.0,36.77128601074219
2006-01-26,37.893333435058594,37.49333190917969,37.5,37.650001525878906,1947600.0,37.16615676879883
2006-01-27,39.46333312988281,38.70000076293945,38.75,39.349998474121094,5614200.0,38.84431076049805
2006-01-30,39.79666519165039,39.0966682434082,39.349998474121094,39.75,2973600.0,39.239166259765625
2006-01-31,40.599998474121094,39.48666763305664,39.58333206176758,40.53333282470703,4885800.0,40.012428283691406
2006-02-01,40.96666717529297,40.28333282470703,40.38333511352539,40.856666564941406,4865400.0,40.33161163330078
2006-02-02,40.68333435058594,39.87333297729492,40.0,40.560001373291016,3815100.0,40.03876495361328
2006-02-03,40.836666107177734,40.150001525878906,40.33333206176758,40.436668395996094,2702700.0,39.917015075683594
2006-02-06,40.25666809082031,39.58000183105469,40.25,39.75666809082031,2870700.0,39.24574661254883
2006-02-07,40.4900016784668,39.790000915527344,39.79999923706055,39.90999984741211,3603300.0,39.39710998535156
2006-02-08,40.400001525878906,39.0,39.56666564941406,40.349998474121094,4534200.0,39.83145523071289
2006-02-09,41.04999923706055,40.41999816894531,40.46666717529297,40.849998474121094,4012800.0,40.32502365112305
2006-02-10,41.36000061035156,40.70333480834961,40.91666793823242,41.209999084472656,2173500.0,40.680389404296875
2006-02-13,40.53333282470703,39.606666564941406,40.41666793823242,39.89666748046875,3608400.0,39.38393783569336
2006-02-14,40.83000183105469,39.849998474121094,39.95000076293945,40.563331604003906,3233100.0,40.04204559326172
2006-02-15,40.913333892822266,40.47666549682617,40.51333236694336,40.84000015258789,1877700.0,40.31515884399414
2006-02-16,40.52333450317383,40.03333282470703,40.18333435058594,40.52333450317383,1856700.0,40.002559661865234
2006-02-17,40.75,40.25666809082031,40.526668548583984,40.73666763305664,2082300.0,40.2131462097168
2006-02-21,40.98666763305664,40.17333221435547,40.83333206176758,40.1966667175293,1984500.0,39.68009948730469
2006-02-22,40.856666564941406,40.276668548583984,40.349998474121094,40.80666732788086,2221200.0,40.28224563598633
2006-02-23,41.36333465576172,40.5533332824707,40.69333267211914,41.31999969482422,2347200.0,40.78899383544922
2006-02-24,41.66666793823242,41.16666793823242,41.2400016784668,41.52333450317383,1986000.0,40.98971176147461
2006-02-27,41.61333465576172,40.58333206176758,40.58333206176758,41.22666549682617,3324300.0,40.69684982299805
2006-02-28,41.27333450317383,40.8466682434082,40.893333435058594,40.91666793823242,3467400.0,40.39084243774414
2006-03-01,41.029998779296875,40.686668395996094,40.849998474121094,40.95000076293945,1464000.0,40.423736572265625
2006-03-02,41.13666534423828,40.81999969482422,40.869998931884766,41.10333251953125,1708500.0,40.575103759765625
2006-03-03,41.5099983215332,40.90999984741211,40.90999984741211,41.17333221435547,2189400.0,40.64420700073242
2006-03-06,41.24333190917969,40.643333435058594,41.11666488647461,40.67333221435547,1796400.0,40.15062713623047
2006-03-07,41.31999969482422,40.66666793823242,40.66666793823242,41.16666793823242,2020800.0,40.63762664794922
2006-03-08,42.06999969482422,41.13333511352539,41.16666793823242,41.86666488647461,3216600.0,41.3286247253418
2006-03-09,42.03333282470703,41.516666412353516,41.63333511352539,41.86666488647461,2481300.0,41.35332107543945
2006-03-10,43.026668548583984,42.13333511352539,42.150001525878906,42.503334045410156,4535100.0,41.98218536376953
2006-03-13,42.59000015258789,41.91999816894531,42.41666793823242,42.143333435058594,2400000.0,41.6265983581543
2006-03-14,42.53333282470703,42.099998474121094,42.143333435058594,42.41999816894531,2003700.0,41.899871826171875
2006-03-15,43.65999984741211,42.55666732788086,42.599998474121094,43.65999984741211,4078200.0,43.124671936035156
2006-03-16,44.4466667175293,43.64666748046875,43.65999984741211,44.08333206176758,3627600.0,43.54281997680664
2006-03-17,44.34333419799805,43.893333435058594,44.279998779296875,44.176666259765625,4010400.0,43.63499450683594
2006-03-20,44.426666259765625,43.88666534423828,44.16666793823242,44.11000061035156,1923600.0,43.56913757324219
2006-03-21,44.310001373291016,43.47666549682617,44.24333190917969,43.65666580200195,2084400.0,43.12137222290039
2006-03-22,44.04999923706055,43.46666717529297,43.46666717529297,43.973331451416016,2583000.0,43.43415451049805
2006-03-23,43.85333251953125,43.40999984741211,43.83333206176758,43.70000076293945,1813500.0,43.1641845703125
2006-03-24,43.893333435058594,43.61666488647461,43.61666488647461,43.71333312988281,1326900.0,43.17734146118164
2006-03-27,44.33000183105469,43.779998779296875,43.78666687011719,44.20333480834961,1705200.0,43.661346435546875
2006-03-28,44.26333236694336,43.893333435058594,43.93333435058594,43.91666793823242,2033400.0,43.37818908691406
2006-03-29,44.436668395996094,43.84000015258789,43.91999816894531,44.189998626708984,2259300.0,43.64816665649414
2006-03-30,44.59000015258789,43.93333435058594,44.016666412353516,44.41999816894531,2467800.0,43.87534713745117
2006-03-31,44.310001373291016,43.3466682434082,44.25,43.540000915527344,3078600.0,43.00614547729492
2006-04-03,44.016666412353516,43.37666702270508,43.540000915527344,43.91666793823242,1956000.0,43.37818908691406
2006-04-04,44.20000076293945,43.81666564941406,43.96666717529297,44.05666732788086,2442600.0,43.51647186279297
2006-04-05,44.37666702270508,43.66666793823242,44.08333206176758,43.92333221435547,2434800.0,43.3847770690918
2006-04-06,43.893333435058594,42.90999984741211,43.87333297729492,43.44333267211914,2604600.0,42.9106559753418
2006-04-07,43.529998779296875,42.36000061035156,43.400001525878906,42.36000061035156,2315100.0,41.84060287475586
2006-04-10,42.349998474121094,40.973331451416016,42.15999984741211,42.176666259765625,4463700.0,41.659523010253906
2006-04-11,42.33000183105469,40.95000076293945,42.16999816894531,41.16666793823242,4112400.0,40.66191101074219
2006-04-12,41.606666564941406,40.97999954223633,41.106666564941406,41.20333480834961,3622200.0,40.69812774658203
2006-04-13,41.93000030517578,41.28333282470703,41.349998474121094,41.81666564941406,1659600.0,41.303932189941406
2006-04-17,41.78333282470703,41.03666687011719,41.77000045776367,41.400001525878906,1712400.0,40.89237594604492
2006-04-18,42.063331604003906,40.83333206176758,41.733333587646484,41.93333435058594,4373100.0,41.41917037963867
2006-04-19,42.00666809082031,41.02333450317383,41.93333435058594,41.176666259765625,3225900.0,40.671783447265625
2006-04-20,41.776668548583984,40.69333267211914,41.21333312988281,40.849998474121094,3480300.0,40.3491096496582
2006-04-21,40.926666259765625,39.939998626708984,40.926666259765625,40.029998779296875,4079700.0,39.53917694091797
2006-04-24,40.34333419799805,39.79999923706055,39.983333587646484,39.913333892822266,2154300.0,39.42394256591797
2006-04-25,39.983333587646484,39.436668395996094,39.83000183105469,39.5966682434082,2248800.0,39.11115646362305
2006-04-26,39.79999923706055,39.349998474121094,39.78333282470703,39.50666809082031,2959500.0,39.02225875854492
2006-04-27,38.5,34.90666580200195,37.58333206176758,35.526668548583984,12441000.0,35.0910530090332
2006-04-28,36.34000015258789,35.13333511352539,35.33333206176758,35.66666793823242,8010600.0,35.22934341430664
2006-05-01,36.07666778564453,34.93000030517578,35.90666580200195,35.060001373291016,6932100.0,34.63011169433594
2006-05-02,35.31666564941406,33.84000015258789,35.29999923706055,35.16666793823242,8437200.0,34.7354736328125
2006-05-03,33.33333206176758,29.963333129882812,33.33333206176758,30.0,25286400.0,29.632156372070312
2006-05-04,30.83333396911621,29.66666603088379,30.329999923706055,30.066667556762695,14455800.0,29.698007583618164
2006-05-05,30.66666603088379,30.079999923706055,30.33333396911621,30.626667022705078,7497000.0,30.251144409179688
2006-05-08,31.40333366394043,30.75666618347168,31.113332748413086,30.989999771118164,8675400.0,30.610015869140625
2006-05-09,30.96666717529297,29.363332748413086,30.96666717529297,29.5766658782959,12713700.0,29.214012145996094
2006-05-10,31.16666603088379,29.350000381469727,29.866666793823242,30.84000015258789,12797700.0,30.46185874938965
2006-05-11,31.43000030517578,30.656665802001953,30.66666603088379,31.299999237060547,9518400.0,30.916215896606445
2006-05-12,31.41666603088379,30.643333435058594,31.233333587646484,31.16666603088379,7450800.0,30.784515380859375
2006-05-15,31.299999237060547,30.739999771118164,31.133333206176758,30.850000381469727,5557200.0,30.47173309326172
2006-05-16,31.969999313354492,30.850000381469727,30.850000381469727,31.50666618347168,9169800.0,31.120349884033203
2006-05-17,31.6299991607666,30.99333381652832,31.316667556762695,31.06333351135254,6741000.0,30.682453155517578
2006-05-18,31.426666259765625,30.933332443237305,31.0766658782959,31.123332977294922,5028000.0,30.741716384887695
2006-05-19,31.463333129882812,30.84666633605957,31.18666648864746,31.08333396911621,6732600.0,30.70220947265625
2006-05-22,31.053333282470703,30.34666633605957,30.389999389648438,30.873332977294922,5136000.0,30.494781494140625
2006-05-23,31.196666717529297,30.746665954589844,30.860000610351562,30.816667556762695,4357800.0,30.438812255859375
2006-05-24,31.043333053588867,30.399999618530273,30.6733341217041,30.889999389648438,6055500.0,30.51123809814453
2006-05-25,31.236665725708008,30.889999389648438,30.963333129882812,30.933332443237305,3315000.0,30.55404281616211
2006-05-26,31.133333206176758,30.66666603088379,31.0,30.893333435058594,3176400.0,30.514541625976562
2006-05-30,31.40333366394043,30.670000076293945,30.933332443237305,30.700000762939453,4060200.0,30.323575973510742
2006-05-31,31.09666633605957,30.5766658782959,30.83333396911621,30.913333892822266,4046700.0,30.53429412841797
2006-06-01,32.5,31.059999465942383,31.059999465942383,32.400001525878906,4819800.0,32.00273132324219
2006-06-02,32.87333297729492,32.11000061035156,32.36666488647461,32.47999954223633,4901400.0,32.081748962402344
2006-06-05,32.266666412353516,31.106666564941406,32.266666412353516,31.106666564941406,5803800.0,30.725250244140625
2006-06-06,31.663333892822266,31.030000686645508,31.350000381469727,31.28333282470703,3513000.0,30.899755477905273
2006-06-07,31.85333251953125,31.139999389648438,31.28333282470703,31.59000015258789,4256100.0,31.202665328979492
2006-06-08,31.78333282470703,31.209999084472656,31.59000015258789,31.573333740234375,5307600.0,31.210901260375977
2006-06-09,31.863332748413086,31.446666717529297,31.546667098999023,31.566667556762695,3997500.0,31.20430564880371
2006-06-12,31.546667098999023,30.05666732788086,31.366666793823242,30.18666648864746,5831700.0,29.840147018432617
2006-06-13,31.46666717529297,30.226667404174805,30.5,30.309999465942383,6689100.0,29.96207046508789
2006-06-14,30.49333381652832,29.516666412353516,30.233333587646484,29.793333053588867,4563900.0,29.451332092285156
2006-06-15,30.459999084472656,29.700000762939453,29.893333435058594,30.399999618530273,3912600.0,30.051036834716797
2006-06-16,31.360000610351562,30.299999237060547,30.299999237060547,31.149999618530273,6603900.0,30.792423248291016
2006-06-19,31.6200008392334,31.08333396911621,31.233333587646484,31.266666412353516,5315700.0,30.90775489807129
2006-06-20,31.316667556762695,30.280000686645508,31.149999618530273,30.383333206176758,4278000.0,30.034561157226562
2006-06-21,30.886667251586914,30.31999969482422,30.33333396911621,30.746665954589844,2772000.0,30.393722534179688
2006-06-22,31.133333206176758,30.559999465942383,30.579999923706055,30.746665954589844,2508600.0,30.393722534179688
2006-06-23,31.726667404174805,31.0,31.0,31.383333206176758,4001100.0,31.023080825805664
2006-06-26,31.41666603088379,31.106666564941406,31.266666412353516,31.19333267211914,2721000.0,30.835264205932617
2006-06-27,31.399999618530273,30.72333335876465,31.19333267211914,30.836666107177734,2925000.0,30.482688903808594
2006-06-28,31.0766658782959,29.83333396911621,30.920000076293945,30.549999237060547,4823700.0,30.199316024780273
2006-06-29,32.17333221435547,30.963333129882812,30.983333587646484,32.086666107177734,5656500.0,31.718341827392578
2006-06-30,33.33333206176758,32.18333435058594,32.20000076293945,32.836666107177734,5634000.0,32.45972442626953
2006-07-03,33.28333282470703,32.849998474121094,33.10333251953125,33.20333480834961,1680300.0,32.82218551635742
2006-07-05,33.33000183105469,32.89666748046875,32.91666793823242,33.06666564941406,4280400.0,32.687095642089844
2006-07-06,33.5099983215332,33.06666564941406,33.06666564941406,33.3033332824707,4578000.0,32.921043395996094
2006-07-07,33.31999969482422,32.93333435058594,33.099998474121094,33.20000076293945,2722800.0,32.81889343261719
2006-07-10,33.93000030517578,33.35333251953125,33.483333587646484,33.75666809082031,2772000.0,33.369171142578125
2006-07-11,34.163333892822266,33.643333435058594,33.70000076293945,34.029998779296875,4817700.0,33.639366149902344
2006-07-12,34.26333236694336,33.66666793823242,33.97666549682617,33.86000061035156,3257100.0,33.4713134765625
2006-07-13,34.58333206176758,33.823333740234375,33.84333419799805,34.45333480834961,4423800.0,34.05784606933594
2006-07-14,34.41999816894531,33.369998931884766,34.33333206176758,33.68000030517578,3376500.0,33.29338455200195
2006-07-17,34.18333435058594,33.413333892822266,33.58333206176758,33.63333511352539,2347800.0,33.24726104736328
2006-07-18,33.983333587646484,32.849998474121094,33.16666793823242,33.246665954589844,4389000.0,32.865028381347656
2006-07-19,34.753334045410156,33.61666488647461,33.66666793823242,34.46666717529297,4318500.0,34.07102584838867
2006-07-20,34.60333251953125,34.12666702270508,34.54999923706055,34.15999984741211,2083200.0,33.76787567138672
2006-07-21,34.49333190917969,33.70333480834961,34.41666793823242,34.073333740234375,2755800.0,33.68220520019531
2006-07-24,34.88333511352539,34.25,34.29999923706055,34.5533332824707,2260800.0,34.15669631958008
2006-07-25,35.16666793823242,34.52333450317383,34.619998931884766,34.98666763305664,2191200.0,34.58504867553711
2006-07-26,35.08333206176758,34.53333282470703,34.91999816894531,34.72999954223633,2043000.0,34.331336975097656
2006-07-27,32.66666793823242,31.5,32.66666793823242,31.809999465942383,10023300.0,31.444847106933594
2006-07-28,31.633333206176758,30.3700008392334,31.200000762939453,30.549999237060547,11439300.0,30.199316024780273
2006-07-31,31.16666603088379,30.356666564941406,30.683332443237305,30.41666603088379,14791500.0,30.067514419555664
2006-08-01,30.979999542236328,30.350000381469727,30.41666603088379,30.886667251586914,5792400.0,30.532115936279297
2006-08-02,35.26333236694336,33.779998779296875,33.83000183105469,34.03333282470703,14702400.0,33.642662048339844
2006-08-03,34.83000183105469,33.483333587646484,33.5,34.00666809082031,5373300.0,33.616294860839844
2006-08-04,35.163333892822266,34.279998779296875,34.29999923706055,35.01333236694336,4231200.0,34.611412048339844
2006-08-07,35.529998779296875,34.560001373291016,34.83333206176758,35.233333587646484,5401500.0,34.82888412475586
2006-08-08,36.0,35.36666488647461,35.37666702270508,35.83333206176758,5500500.0,35.42198944091797
2006-08-09,36.38999938964844,35.7599983215332,35.91666793823242,35.810001373291016,5761500.0,35.398929595947266
2006-08-10,36.36666488647461,35.55666732788086,35.56666564941406,36.21666717529297,4113000.0,35.800926208496094
2006-08-11,36.29999923706055,35.0433349609375,35.9466667175293,35.313331604003906,4042500.0,34.9079704284668
2006-08-14,35.85333251953125,34.89666748046875,35.64666748046875,35.0,5137200.0,34.598228454589844
2006-08-15,35.586666107177734,35.08333206176758,35.29999923706055,35.37333297729492,3888000.0,34.967281341552734
2006-08-16,36.676666259765625,35.5099983215332,35.599998474121094,36.62666702270508,3549900.0,36.206233978271484
2006-08-17,37.189998626708984,36.34333419799805,36.36333465576172,36.88666534423828,3171000.0,36.46323776245117
2006-08-18,37.233333587646484,36.68000030517578,36.87666702270508,37.233333587646484,2826600.0,36.80592346191406
2006-08-21,37.526668548583984,37.026668548583984,37.099998474121094,37.31999969482422,2043600.0,36.89159393310547
2006-08-22,37.3466682434082,36.650001525878906,37.099998474121094,36.67333221435547,3298800.0,36.252349853515625
2006-08-23,37.03333282470703,36.380001068115234,36.7400016784668,36.496665954589844,3417000.0,36.07772445678711
2006-08-24,37.356666564941406,36.733333587646484,36.75,37.04999923706055,3316200.0,36.62470626831055
2006-08-25,37.25,36.470001220703125,36.91666793823242,36.66666793823242,3470100.0,36.24577331542969
2006-08-28,37.43333435058594,36.599998474121094,36.599998474121094,37.33333206176758,3456900.0,36.9047737121582
2006-08-29,38.393333435058594,37.36333465576172,37.41666793823242,38.37666702270508,4704600.0,37.93613815307617
2006-08-30,39.0966682434082,38.026668548583984,38.83333206176758,38.150001525878906,5411700.0,37.712066650390625
2006-08-31,38.21666717529297,37.5,37.96333312988281,37.689998626708984,4679700.0,37.25735092163086
2006-09-01,38.19333267211914,37.58333206176758,38.03333282470703,37.80666732788086,2046300.0,37.372676849365234
2006-09-05,38.266666412353516,37.50666809082031,37.61666488647461,37.72999954223633,2353200.0,37.29689025878906
2006-09-06,37.70333480834961,36.91666793823242,37.46666717529297,36.926666259765625,3257700.0,36.502784729003906
2006-09-07,37.470001220703125,36.90999984741211,36.93333435058594,37.2066650390625,2763900.0,36.804481506347656
2006-09-08,37.766666412353516,37.189998626708984,37.2066650390625,37.50666809082031,2026200.0,37.10123825073242
2006-09-11,38.25,37.22999954223633,37.266666412353516,38.1966667175293,3085800.0,37.783775329589844
2006-09-12,39.21333312988281,38.063331604003906,38.08333206176758,39.21333312988281,4259700.0,38.789459228515625
2006-09-13,39.23666763305664,38.540000915527344,39.13333511352539,38.98666763305664,3117300.0,38.56523895263672
2006-09-14,39.04666519165039,38.38999938964844,38.81999969482422,38.606666564941406,2271000.0,38.18935775756836
2006-09-15,39.063331604003906,38.35333251953125,38.900001525878906,38.41999816894531,4599300.0,38.00469207763672
2006-09-18,38.96333312988281,38.349998474121094,38.733333587646484,38.35333251953125,3003300.0,37.93875503540039
2006-09-19,39.25,38.413333892822266,38.470001220703125,39.16999816894531,2966100.0,38.746585845947266
2006-09-20,39.753334045410156,39.086666107177734,39.086666107177734,39.61000061035156,3602100.0,39.18183898925781
2006-09-21,39.836666107177734,39.21666717529297,39.526668548583984,39.313331604003906,3438900.0,38.88837432861328
2006-09-22,39.61666488647461,38.96666717529297,39.426666259765625,39.03666687011719,3090600.0,38.61469650268555
2006-09-25,39.823333740234375,38.939998626708984,39.16666793823242,39.61000061035156,3022500.0,39.18183898925781
2006-09-26,39.606666564941406,38.9900016784668,39.310001373291016,39.18333435058594,3188700.0,38.75978469848633
2006-09-27,39.33333206176758,38.6966667175293,39.099998474121094,38.869998931884766,4460400.0,38.4498291015625
2006-09-28,38.9900016784668,38.68333435058594,38.869998931884766,38.869998931884766,3253500.0,38.4498291015625
2006-09-29,39.016666412353516,38.68333435058594,38.790000915527344,38.77333450317383,3376500.0,38.35422134399414
2006-10-02,38.9566650390625,38.4466667175293,38.776668548583984,38.813331604003906,1996200.0,38.393775939941406
2006-10-03,38.86333465576172,36.90666580200195,36.90666580200195,38.380001068115234,2777400.0,37.96512985229492
2006-10-04,38.60333251953125,38.06999969482422,38.25,38.46666717529297,2894100.0,38.05086135864258
2006-10-05,39.849998474121094,38.53333282470703,38.53333282470703,39.586666107177734,3914700.0,39.158756256103516
2006-10-06,39.86000061035156,39.0966682434082,39.503334045410156,39.24333190917969,3107400.0,38.819129943847656
2006-10-09,39.900001525878906,38.96333312988281,39.24333190917969,39.60333251953125,2394600.0,39.175235748291016
2006-10-10,39.68333435058594,39.106666564941406,39.606666564941406,39.276668548583984,3163500.0,38.85211181640625
2006-10-11,39.630001068115234,39.016666412353516,39.099998474121094,39.33333206176758,2989200.0,38.90815734863281
2006-10-12,40.02333450317383,39.34000015258789,39.54999923706055,39.663333892822266,3306000.0,39.234588623046875
2006-10-13,39.81666564941406,38.936668395996094,39.496665954589844,39.28666687011719,2953500.0,38.86199188232422
2006-10-16,39.52000045776367,38.9033317565918,39.16999816894531,39.07666778564453,1587000.0,38.65427780151367
2006-10-17,39.22999954223633,38.643333435058594,39.07666778564453,38.75666809082031,2205000.0,38.33772659301758
2006-10-18,39.61666488647461,38.7599983215332,39.0533332824707,39.516666412353516,2980200.0,39.08951187133789
2006-10-19,39.93333435058594,39.36666488647461,39.70000076293945,39.776668548583984,2256900.0,39.34670639038086
2006-10-20,40.060001373291016,39.790000915527344,39.893333435058594,39.96666717529297,2137500.0,39.53464889526367
2006-10-23,40.393333435058594,39.68333435058594,39.9033317565918,39.9566650390625,1951800.0,39.524749755859375
2006-10-24,39.869998931884766,38.91666793823242,39.75,39.223331451416016,2844600.0,38.79935073852539
2006-10-25,39.176666259765625,38.380001068115234,39.15666580200195,38.75666809082031,2758800.0,38.33772659301758
2006-10-26,39.91666793823242,39.2599983215332,39.66666793823242,39.51333236694336,3104400.0,39.086219787597656
2006-10-27,39.83333206176758,39.143333435058594,39.43333435058594,39.400001525878906,2137500.0,38.9741096496582
2006-10-30,39.69333267211914,38.959999084472656,39.31999969482422,39.09000015258789,3745500.0,38.667457580566406
2006-10-31,39.43000030517578,38.7066650390625,39.323333740234375,38.99333190917969,2953200.0,38.571834564208984
2006-11-01,41.9466667175293,38.60333251953125,41.663333892822266,39.65666580200195,10056900.0,39.22800064086914
2006-11-02,40.753334045410156,39.29999923706055,39.323333740234375,40.54999923706055,4383300.0,40.111671447753906
2006-11-03,40.56666564941406,39.93000030517578,40.56666564941406,40.22666549682617,2244000.0,39.791831970214844
2006-11-06,41.029998779296875,40.00666809082031,40.22999954223633,40.88666534423828,2697000.0,40.44470977783203
2006-11-07,41.04999923706055,40.46666717529297,40.746665954589844,40.753334045410156,2703600.0,40.31282043457031
2006-11-08,40.310001373291016,39.400001525878906,40.233333587646484,39.80666732788086,4947000.0,39.37637710571289
2006-11-09,40.11666488647461,39.08000183105469,39.80666732788086,39.22999954223633,3739500.0,38.805938720703125
2006-11-10,39.81666564941406,39.400001525878906,39.43000030517578,39.71666717529297,2674500.0,39.287349700927734
2006-11-13,40.21666717529297,39.61333465576172,39.61666488647461,40.0,1833900.0,39.56761932373047
2006-11-14,40.58000183105469,40.11000061035156,40.223331451416016,40.4900016784668,3093900.0,40.052330017089844
2006-11-15,40.66666793823242,40.04666519165039,40.25,40.36666488647461,4940100.0,39.930320739746094
2006-11-16,40.823333740234375,40.2933349609375,40.60333251953125,40.3033332824707,2514900.0,39.867679595947266
2006-11-17,40.540000915527344,40.026668548583984,40.18333435058594,40.496665954589844,1857900.0,40.05891418457031
2006-11-20,41.223331451416016,40.266666412353516,40.266666412353516,41.029998779296875,2954100.0,40.58648681640625
2006-11-21,41.836666107177734,41.15999984741211,41.28333282470703,41.36000061035156,3397500.0,40.91291809082031
2006-11-22,41.70000076293945,41.276668548583984,41.276668548583984,41.599998474121094,1309500.0,41.150325775146484
2006-11-24,41.75,41.26333236694336,41.400001525878906,41.563331604003906,628200.0,41.11405944824219
2006-11-27,41.71333312988281,40.869998931884766,41.38333511352539,40.869998931884766,2197500.0,40.428218841552734
2006-11-28,41.44333267211914,40.599998474121094,40.63999938964844,40.82666778564453,2848500.0,40.3853645324707
2006-11-29,41.526668548583984,40.82666778564453,40.90999984741211,40.9900016784668,3843900.0,40.54692459106445
2006-11-30,42.11000061035156,41.099998474121094,41.099998474121094,42.016666412353516,4013400.0,41.56249237060547
2006-12-01,42.28333282470703,41.37333297729492,42.016666412353516,41.79666519165039,2048100.0,41.34486389160156
2006-12-04,42.663333892822266,41.97666549682617,42.0,42.40666580200195,2640600.0,41.948272705078125
2006-12-05,42.599998474121094,42.15999984741211,42.38333511352539,42.40666580200195,1545900.0,41.948272705078125
2006-12-06,42.88666534423828,42.176666259765625,42.33333206176758,42.606666564941406,1873800.0,42.146114349365234
2006-12-07,42.959999084472656,42.473331451416016,42.81666564941406,42.63999938964844,1369500.0,42.20384979248047
2006-12-08,42.87333297729492,42.34000015258789,42.78666687011719,42.66999816894531,1302600.0,42.23353958129883
2006-12-11,43.02000045776367,42.63666534423828,42.81666564941406,42.92333221435547,1261800.0,42.484283447265625
2006-12-12,43.290000915527344,42.753334045410156,43.029998779296875,43.09000015258789,1814700.0,42.64925003051758
2006-12-13,43.21666717529297,42.48666763305664,43.150001525878906,42.7933349609375,2375100.0,42.35560989379883
2006-12-14,43.36000061035156,42.3466682434082,43.12666702270508,43.220001220703125,2378700.0,42.777915954589844
2006-12-15,43.52000045776367,43.08333206176758,43.3033332824707,43.21666717529297,2361300.0,42.774620056152344
2006-12-18,43.53333282470703,42.83333206176758,43.099998474121094,43.253334045410156,1457700.0,42.810916900634766
2006-12-19,44.063331604003906,42.84000015258789,42.85333251953125,43.86000061035156,2620800.0,43.4113655090332
2006-12-20,44.130001068115234,43.733333587646484,43.766666412353516,43.96666717529297,1809900.0,43.51694869995117
2006-12-21,44.163333892822266,43.66999816894531,43.970001220703125,43.97999954223633,1756800.0,43.53013610839844
2006-12-22,43.95000076293945,43.290000915527344,43.95000076293945,43.45000076293945,1526700.0,43.00556564331055
2006-12-26,43.849998474121094,43.400001525878906,43.5,43.599998474121094,1329300.0,43.154022216796875
2006-12-27,44.003334045410156,43.66999816894531,43.68333435058594,43.936668395996094,1222800.0,43.48725128173828
2006-12-28,44.1966667175293,43.78666687011719,43.98666763305664,44.03666687011719,938100.0,43.58622741699219
2006-12-29,44.21666717529297,43.856666564941406,43.95333480834961,43.856666564941406,1128300.0,43.4080696105957
2007-01-03,44.33000183105469,43.52333450317383,44.276668548583984,43.93000030517578,2210400.0,43.480648040771484
2007-01-04,43.926666259765625,42.93333435058594,43.926666259765625,43.099998474121094,3039600.0,42.65914535522461
2007-01-05,42.973331451416016,42.400001525878906,42.900001525878906,42.79666519165039,2873100.0,42.35891342163086
2007-01-08,43.0,42.37333297729492,42.71333312988281,42.880001068115234,2681700.0,42.44139862060547
2007-01-09,43.20000076293945,42.3466682434082,42.3466682434082,42.650001525878906,1892400.0,42.213748931884766
2007-01-10,43.029998779296875,42.33333206176758,42.46666717529297,42.90999984741211,1373400.0,42.47108459472656
2007-01-11,43.5533332824707,42.75,42.90999984741211,43.526668548583984,2303700.0,43.081451416015625
2007-01-12,43.74333190917969,43.356666564941406,43.46666717529297,43.59000015258789,1387800.0,43.144134521484375
2007-01-16,43.7599983215332,43.336666107177734,43.43333435058594,43.586666107177734,1543500.0,43.14083480834961
2007-01-17,43.91666793823242,43.4033317565918,43.599998474121094,43.84333419799805,2141700.0,43.39487075805664
2007-01-18,43.5533332824707,42.823333740234375,43.03333282470703,43.150001525878906,2912100.0,42.708641052246094
2007-01-19,43.4900016784668,43.06666564941406,43.36666488647461,43.313331604003906,2000400.0,42.87029266357422
2007-01-22,43.58333206176758,42.91666793823242,43.313331604003906,43.016666412353516,2011800.0,42.576663970947266
2007-01-23,43.61000061035156,42.79666519165039,43.016666412353516,43.5433349609375,1729500.0,43.09794235229492
2007-01-24,43.209999084472656,42.42333221435547,43.16666793823242,43.18333435058594,5043900.0,42.74162673950195
2007-01-25,43.66666793823242,43.150001525878906,43.18000030517578,43.28333282470703,1925100.0,42.840606689453125
2007-01-26,43.41999816894531,43.12333297729492,43.33000183105469,43.31666564941406,2209500.0,42.873592376708984
2007-01-29,43.9566650390625,43.41666793823242,43.56666564941406,43.70000076293945,2591400.0,43.25300979614258
2007-01-30,44.15666580200195,43.53333282470703,43.68333435058594,44.11000061035156,2458800.0,43.6588134765625
2007-01-31,44.32666778564453,43.79666519165039,44.11000061035156,44.13333511352539,2255700.0,43.68191146850586
2007-02-01,44.90666580200195,43.996665954589844,44.20333480834961,44.86333465576172,2516700.0,44.40443801879883
2007-02-02,45.0,44.606666564941406,44.81666564941406,44.650001525878906,1954200.0,44.193294525146484
2007-02-05,45.32666778564453,44.779998779296875,44.79999923706055,45.16999816894531,3029100.0,44.707969665527344
2007-02-06,45.79999923706055,45.04666519165039,45.2066650390625,45.7066650390625,3500700.0,45.23914337158203
2007-02-07,47.459999084472656,45.81666564941406,46.790000915527344,46.650001525878906,8085300.0,46.17283248901367
2007-02-08,46.88666534423828,46.26333236694336,46.5,46.39666748046875,2334900.0,45.92209243774414
2007-02-09,46.630001068115234,45.813331604003906,46.400001525878906,45.996665954589844,1902300.0,45.52617645263672
2007-02-12,46.66999816894531,45.88333511352539,45.88333511352539,46.63999938964844,2790900.0,46.16292953491211
2007-02-13,47.07666778564453,46.52333450317383,46.93333435058594,47.040000915527344,2891400.0,46.558841705322266
2007-02-14,47.63333511352539,46.939998626708984,47.040000915527344,47.60333251953125,3519900.0,47.11640548706055
2007-02-15,48.130001068115234,47.33333206176758,47.41666793823242,47.96666717529297,2713800.0,47.47603225708008
2007-02-16,48.06999969482422,47.689998626708984,47.733333587646484,47.973331451416016,3162300.0,47.482627868652344
2007-02-20,48.62333297729492,48.040000915527344,48.233333587646484,48.516666412353516,3004200.0,48.02040100097656
2007-02-21,48.483333587646484,48.130001068115234,48.18333435058594,48.1966667175293,2064900.0,47.70367431640625
2007-02-22,48.6533317565918,48.1966667175293,48.36666488647461,48.33333206176758,3291300.0,47.83894348144531
2007-02-23,48.313331604003906,47.85333251953125,48.313331604003906,47.96333312988281,2540400.0,47.47273254394531
2007-02-26,47.68333435058594,47.10333251953125,47.58000183105469,47.53333282470703,2089500.0,47.0471305847168
2007-02-27,48.900001525878906,45.72999954223633,48.900001525878906,46.279998779296875,2919000.0,45.806617736816406
2007-02-28,47.66666793823242,46.099998474121094,46.099998474121094,47.5,4515000.0,47.01413345336914
2007-03-01,47.72999954223633,46.599998474121094,47.349998474121094,47.563331604003906,3909300.0,47.07682418823242
2007-03-02,47.893333435058594,47.003334045410156,47.893333435058594,47.003334045410156,3175200.0,46.52255630493164
2007-03-05,46.88999938964844,46.35333251953125,46.68333435058594,46.369998931884766,3279900.0,45.89569091796875
2007-03-06,46.8466682434082,46.31666564941406,46.663333892822266,46.63666534423828,3759300.0,46.15964126586914
2007-03-07,47.13333511352539,46.33333206176758,47.13333511352539,46.619998931884766,2622600.0,46.14314270019531
2007-03-08,47.2066650390625,46.5099983215332,46.75,46.6966667175293,2316000.0,46.219017028808594
2007-03-09,47.09333419799805,46.56999969482422,46.77000045776367,46.650001525878906,1964400.0,46.19756317138672
2007-03-12,47.08333206176758,46.40666580200195,46.663333892822266,46.6966667175293,2439900.0,46.243778228759766
2007-03-13,46.66666793823242,45.689998626708984,46.36333465576172,45.689998626708984,3196500.0,45.24687576293945
2007-03-14,46.58333206176758,45.70000076293945,45.849998474121094,46.369998931884766,3942600.0,45.9202766418457
2007-03-15,47.03333282470703,46.15666580200195,46.220001220703125,46.959999084472656,2975100.0,46.50455856323242
2007-03-16,47.53666687011719,47.016666412353516,47.253334045410156,47.44333267211914,5088300.0,46.98320770263672
2007-03-19,48.14666748046875,47.46666717529297,47.650001525878906,47.97999954223633,2468100.0,47.514671325683594
2007-03-20,48.44333267211914,47.689998626708984,48.099998474121094,48.29999923706055,2678700.0,47.83156204223633
2007-03-21,49.0433349609375,47.9466667175293,48.19333267211914,48.93333435058594,2497500.0,48.45875549316406
2007-03-22,49.09333419799805,48.560001373291016,48.87666702270508,48.58000183105469,2985600.0,48.108848571777344
2007-03-23,48.9566650390625,48.4033317565918,48.64666748046875,48.8033332824707,2247900.0,48.33000946044922
2007-03-26,49.11000061035156,48.37333297729492,48.59333419799805,49.03333282470703,1479300.0,48.557777404785156
2007-03-27,48.8466682434082,47.926666259765625,48.766666412353516,48.59000015258789,2865000.0,48.118751525878906
2007-03-28,48.53333282470703,47.880001068115234,48.393333435058594,48.220001220703125,1938300.0,47.75233840942383
2007-03-29,48.47666549682617,47.16999816894531,48.22666549682617,47.25,3483600.0,46.791744232177734
2007-03-30,47.753334045410156,47.16666793823242,47.33333206176758,47.5533332824707,2189400.0,47.09212875366211
2007-04-02,48.073333740234375,47.630001068115234,47.71333312988281,47.983333587646484,2239500.0,47.51795959472656
2007-04-03,48.983333587646484,48.130001068115234,48.1533317565918,48.900001525878906,2024100.0,48.42573928833008
2007-04-04,49.2066650390625,48.2599983215332,48.663333892822266,49.1533317565918,2154600.0,48.67660903930664
2007-04-05,49.38666534423828,48.4466667175293,48.86666488647461,49.2066650390625,1947000.0,48.729434967041016
2007-04-09,49.49333190917969,49.04999923706055,49.2066650390625,49.220001220703125,1634400.0,48.74262619018555
2007-04-10,49.663333892822266,48.9900016784668,49.03333282470703,49.51333236694336,2254800.0,49.03312683105469
2007-04-11,49.46666717529297,48.60333251953125,49.369998931884766,48.96333312988281,2317200.0,48.48845291137695
2007-04-12,48.88999938964844,48.233333587646484,48.233333587646484,48.74333190917969,1967700.0,48.270591735839844
2007-04-13,49.70333480834961,48.766666412353516,48.93333435058594,49.643333435058594,2325000.0,49.161865234375
2007-04-16,50.6966667175293,49.56999969482422,49.70000076293945,50.45333480834961,2891400.0,49.964012145996094
2007-04-17,50.93333435058594,50.279998779296875,50.61000061035156,50.68333435058594,2745900.0,50.19178009033203
2007-04-18,51.099998474121094,50.503334045410156,50.630001068115234,50.663333892822266,3269400.0,50.171974182128906
2007-04-19,50.27000045776367,49.7066650390625,49.913333892822266,50.0099983215332,2939700.0,49.52498245239258
2007-04-20,50.880001068115234,50.33333206176758,50.58333206176758,50.75666809082031,2131200.0,50.264404296875
2007-04-23,51.23666763305664,50.540000915527344,50.92333221435547,50.880001068115234,1802700.0,50.38653564453125
2007-04-24,51.09333419799805,50.44333267211914,50.733333587646484,50.91999816894531,2347500.0,50.426151275634766
2007-04-25,51.1533317565918,49.900001525878906,50.46333312988281,51.13999938964844,4303800.0,50.64401626586914
2007-04-26,51.66666793823242,50.60333251953125,51.24333190917969,51.26333236694336,6213300.0,50.766151428222656
2007-04-27,51.54666519165039,50.83000183105469,51.29999923706055,51.47666549682617,1782900.0,50.977413177490234
2007-04-30,52.233333587646484,51.49333190917969,51.64666748046875,51.86333465576172,3330000.0,51.36033630371094
2007-05-01,52.2599983215332,51.61000061035156,52.19333267211914,51.73666763305664,2671200.0,51.23490905761719
2007-05-02,52.93333435058594,50.01333236694336,51.04999923706055,51.279998779296875,6391800.0,50.782657623291016
2007-05-03,52.86333465576172,51.233333587646484,51.650001525878906,52.79666519165039,4838100.0,52.28461456298828
2007-05-04,54.13333511352539,52.733333587646484,52.983333587646484,53.63333511352539,3546000.0,53.11316680908203
2007-05-07,54.16666793823242,53.3033332824707,54.0,53.79666519165039,2791500.0,53.27492904663086
2007-05-08,54.676666259765625,53.619998931884766,53.6533317565918,54.503334045410156,2905500.0,53.9747314453125
2007-05-09,54.290000915527344,53.810001373291016,54.150001525878906,53.86000061035156,4212900.0,53.337646484375
2007-05-10,54.186668395996094,53.54666519165039,53.66666793823242,53.90666580200195,2077800.0,53.38385009765625
2007-05-11,54.53666687011719,53.54999923706055,53.97666549682617,54.5,1735200.0,53.971435546875
2007-05-14,54.99333190917969,54.38333511352539,54.61666488647461,54.7933349609375,2260200.0,54.26192092895508
2007-05-15,55.733333587646484,54.56999969482422,55.0,54.58000183105469,2953200.0,54.050655364990234
2007-05-16,55.380001068115234,54.823333740234375,55.16666793823242,54.913333892822266,2727600.0,54.380760192871094
2007-05-17,55.36000061035156,54.526668548583984,54.83000183105469,55.223331451416016,2594400.0,54.687747955322266
2007-05-18,55.65999984741211,54.926666259765625,55.33333206176758,55.55666732788086,1649400.0,55.01784896850586
2007-05-21,55.176666259765625,54.20333480834961,55.11000061035156,54.516666412353516,4012200.0,53.98794174194336
2007-05-22,54.823333740234375,54.12666702270508,54.516666412353516,54.52000045776367,2491500.0,53.991241455078125
2007-05-23,54.84333419799805,54.27333450317383,54.70000076293945,54.276668548583984,2396400.0,53.75026321411133
2007-05-24,54.82666778564453,54.26333236694336,54.66666793823242,54.3466682434082,2916600.0,53.8195915222168
2007-05-25,55.266666412353516,54.66666793823242,54.83333206176758,55.029998779296875,2580000.0,54.49629211425781
2007-05-29,56.46666717529297,54.86333465576172,54.86333465576172,56.33333206176758,3540600.0,55.786983489990234
2007-05-30,56.02333450317383,55.72666549682617,55.766666412353516,55.81999969482422,2598900.0,55.278629302978516
2007-05-31,56.22666549682617,55.68000030517578,55.7400016784668,55.87666702270508,2546100.0,55.334747314453125
2007-06-01,56.2066650390625,55.84000015258789,55.86666488647461,56.16666793823242,1716300.0,55.6219367980957
2007-06-04,57.61333465576172,55.93333435058594,56.16666793823242,56.016666412353516,2370300.0,55.473388671875
2007-06-05,56.869998931884766,55.709999084472656,56.040000915527344,56.060001373291016,2656600.0,55.51630401611328
2007-06-06,56.68000030517578,55.45000076293945,56.4900016784668,55.7400016784668,3342500.0,55.19940185546875
2007-06-07,55.95000076293945,54.5,55.34000015258789,54.720001220703125,2752900.0,54.189308166503906
2007-06-08,54.900001525878906,54.22999954223633,54.45000076293945,54.900001525878906,2021300.0,54.37749099731445
2007-06-11,55.310001373291016,54.619998931884766,54.900001525878906,54.779998779296875,1958600.0,54.25863265991211
2007-06-12,54.97999954223633,54.34000015258789,54.380001068115234,54.40999984741211,2184800.0,53.89215087890625
2007-06-13,54.70000076293945,53.08000183105469,54.45000076293945,53.83000183105469,3708700.0,53.31767654418945
2007-06-14,54.150001525878906,53.47999954223633,53.84000015258789,53.90999984741211,2126400.0,53.396907806396484
2007-06-15,55.0,53.900001525878906,55.0,54.459999084472656,2514000.0,53.94167709350586
2007-06-18,55.52000045776367,54.54999923706055,55.52000045776367,54.619998931884766,1508300.0,54.100154876708984
2007-06-19,55.439998626708984,54.900001525878906,55.029998779296875,55.29999923706055,2415600.0,54.773681640625
2007-06-20,55.689998626708984,53.93000030517578,55.5099983215332,53.95000076293945,1958500.0,53.4365348815918
2007-06-21,54.470001220703125,53.38999938964844,54.099998474121094,54.04999923706055,1925100.0,53.535579681396484
2007-06-22,53.880001068115234,52.970001220703125,53.61000061035156,52.97999954223633,3493700.0,52.47576141357422
2007-06-25,53.52000045776367,52.33000183105469,52.9900016784668,52.380001068115234,2170900.0,51.881473541259766
2007-06-26,52.720001220703125,51.849998474121094,52.400001525878906,52.220001220703125,2317100.0,51.72299575805664
2007-06-27,52.900001525878906,51.189998626708984,51.75,52.810001373291016,1645000.0,52.307376861572266
2007-06-28,53.20000076293945,52.38999938964844,52.81999969482422,52.7599983215332,1858400.0,52.257843017578125
2007-06-29,53.25,51.91999816894531,52.790000915527344,52.220001220703125,1716200.0,51.72299575805664
2007-07-02,54.029998779296875,52.06999969482422,52.220001220703125,53.869998931884766,1999800.0,53.35728454589844
2007-07-03,54.40999984741211,53.45000076293945,54.130001068115234,53.5,864100.0,52.990821838378906
2007-07-05,55.040000915527344,53.27000045776367,55.040000915527344,54.08000183105469,1444800.0,53.5652961730957
2007-07-06,54.70000076293945,53.61000061035156,53.869998931884766,54.279998779296875,1645500.0,53.76339340209961
2007-07-09,54.599998474121094,53.9900016784668,54.45000076293945,54.08000183105469,1231000.0,53.5652961730957
2007-07-10,54.65999984741211,53.20000076293945,53.540000915527344,53.20000076293945,1910300.0,52.69367218017578
2007-07-11,54.04999923706055,53.33000183105469,53.349998474121094,53.7599983215332,1490400.0,53.24834060668945
2007-07-12,54.540000915527344,53.59000015258789,53.75,54.41999816894531,1681800.0,53.90205383300781
2007-07-13,54.310001373291016,53.58000183105469,54.25,53.88999938964844,1379200.0,53.37710189819336
2007-07-16,54.11000061035156,53.619998931884766,53.88999938964844,53.90999984741211,1245100.0,53.396907806396484
2007-07-17,54.220001220703125,53.5099983215332,54.220001220703125,53.72999954223633,1517200.0,53.2186279296875
2007-07-18,54.68000030517578,53.52000045776367,54.04999923706055,54.0,1844500.0,53.48605728149414
2007-07-19,54.2599983215332,53.5099983215332,53.91999816894531,53.52000045776367,1930600.0,53.0106201171875
2007-07-20,53.54999923706055,52.2400016784668,53.54999923706055,52.369998931884766,2645800.0,51.8715705871582
2007-07-23,53.790000915527344,50.86000061035156,50.86000061035156,53.52000045776367,1948400.0,53.0106201171875
2007-07-24,54.13999938964844,52.95000076293945,53.290000915527344,53.06999969482422,1957700.0,52.564910888671875
2007-07-25,53.36000061035156,52.0,53.060001373291016,52.40999984741211,2559600.0,51.91118621826172
2007-07-26,52.34000015258789,50.90999984741211,52.209999084472656,51.63999938964844,2357400.0,51.14850616455078
2007-07-27,51.66999816894531,50.15999984741211,51.5,50.189998626708984,2040500.0,49.71230697631836
2007-07-30,52.43000030517578,50.29999923706055,51.02000045776367,52.25,2938000.0,51.75270462036133
2007-07-31,52.869998931884766,51.619998931884766,52.75,51.63999938964844,2263100.0,51.14850616455078
2007-08-01,50.0,46.310001373291016,48.77000045776367,48.88999938964844,4693800.0,48.4246940612793
2007-08-02,51.279998779296875,49.22999954223633,49.33000183105469,50.75,3084500.0,50.266971588134766
2007-08-03,50.599998474121094,47.869998931884766,48.56999969482422,47.869998931884766,3622400.0,47.414390563964844
2007-08-06,48.849998474121094,47.810001373291016,48.25,48.79999923706055,2906100.0,48.335540771484375
2007-08-07,50.0,47.5,50.0,47.97999954223633,3252300.0,47.52335739135742
2007-08-08,49.38999938964844,46.560001373291016,48.91999816894531,46.900001525878906,4291900.0,46.45363235473633
2007-08-09,47.349998474121094,45.11000061035156,46.900001525878906,45.11000061035156,4390600.0,44.6806640625
2007-08-10,48.41999816894531,43.0099983215332,44.79999923706055,47.400001525878906,4582600.0,46.94887161254883
2007-08-13,49.84000015258789,46.869998931884766,46.869998931884766,48.4900016784668,2973200.0,48.028499603271484
2007-08-14,49.27000045776367,47.7599983215332,48.880001068115234,47.970001220703125,2555000.0,47.5134391784668
2007-08-15,48.869998931884766,47.220001220703125,47.97999954223633,47.2400016784668,2126700.0,46.79039764404297
2007-08-16,47.540000915527344,45.130001068115234,46.63999938964844,46.65999984741211,2805800.0,46.21591567993164
2007-08-17,48.400001525878906,46.83000183105469,47.790000915527344,47.650001525878906,2856400.0,47.19649124145508
2007-08-20,49.439998626708984,46.189998626708984,48.130001068115234,48.75,1958800.0,48.2860221862793
2007-08-21,48.970001220703125,48.0099983215332,48.040000915527344,48.650001525878906,1721500.0,48.186973571777344
2007-08-22,50.099998474121094,49.16999816894531,49.189998626708984,49.97999954223633,2402900.0,49.50430679321289
2007-08-23,50.7599983215332,49.70000076293945,50.41999816894531,49.88999938964844,1817000.0,49.415164947509766
2007-08-24,50.75,49.18000030517578,49.88999938964844,50.65999984741211,1522600.0,50.1778450012207
2007-08-27,50.79999923706055,49.540000915527344,50.36000061035156,49.58000183105469,1533600.0,49.108123779296875
2007-08-28,50.939998626708984,49.380001068115234,49.380001068115234,50.18000030517578,2357900.0,49.70240783691406
2007-08-29,51.18000030517578,50.25,50.5099983215332,51.18000030517578,2037400.0,50.692893981933594
2007-08-30,51.61000061035156,50.650001525878906,50.91999816894531,51.040000915527344,1588300.0,50.55422592163086
2007-08-31,52.119998931884766,51.290000915527344,51.540000915527344,51.68000030517578,1371500.0,51.18812942504883
2007-09-04,52.63999938964844,51.720001220703125,51.95000076293945,52.34000015258789,1216600.0,51.84185028076172
2007-09-05,52.529998779296875,51.77000045776367,51.81999969482422,52.20000076293945,1843500.0,51.703182220458984
2007-09-06,52.630001068115234,51.83000183105469,52.029998779296875,52.43000030517578,1789600.0,51.930999755859375
2007-09-07,52.7400016784668,51.83000183105469,51.9900016784668,51.900001525878906,1541900.0,51.40604019165039
2007-09-10,52.22999954223633,50.91999816894531,52.22999954223633,51.43000030517578,1147800.0,50.9503288269043
2007-09-11,52.400001525878906,51.5,51.7400016784668,52.220001220703125,1309500.0,51.732967376708984
2007-09-12,54.650001525878906,51.93000030517578,52.16999816894531,54.16999816894531,2799800.0,53.66477966308594
2007-09-13,54.599998474121094,53.869998931884766,54.5099983215332,54.04999923706055,1172100.0,53.545894622802734
2007-09-14,54.650001525878906,53.029998779296875,53.59000015258789,54.34000015258789,1604300.0,53.83319091796875
2007-09-17,54.20000076293945,52.65999984741211,54.029998779296875,53.689998626708984,1361700.0,53.18925094604492
2007-09-18,53.90999984741211,52.9900016784668,53.70000076293945,53.81999969482422,2564600.0,53.31804275512695
2007-09-19,54.34000015258789,53.11000061035156,54.06999969482422,53.40999984741211,2136300.0,52.911861419677734
2007-09-20,53.459999084472656,51.58000183105469,53.459999084472656,51.869998931884766,2507200.0,51.38623046875
2007-09-21,52.9900016784668,51.58000183105469,51.58000183105469,52.869998931884766,2290600.0,52.376895904541016
2007-09-24,53.25,52.2599983215332,52.689998626708984,52.540000915527344,1171900.0,52.04998016357422
2007-09-25,53.0,51.97999954223633,52.29999923706055,52.11000061035156,1532100.0,51.623985290527344
2007-09-26,53.7400016784668,51.689998626708984,52.459999084472656,53.5,1435700.0,53.00102996826172
2007-09-27,54.0,53.08000183105469,53.810001373291016,53.41999816894531,618800.0,52.92177200317383
2007-09-28,53.849998474121094,52.959999084472656,53.61000061035156,53.290000915527344,1288000.0,52.79298782348633
2007-10-01,54.84000015258789,52.93000030517578,53.54999923706055,54.47999954223633,1500400.0,53.971885681152344
2007-10-02,54.970001220703125,53.52000045776367,54.7400016784668,53.650001525878906,1216200.0,53.149635314941406
2007-10-03,53.52000045776367,52.65999984741211,53.290000915527344,53.20000076293945,1245600.0,52.70382308959961
2007-10-04,53.439998626708984,51.77000045776367,53.04999923706055,52.130001068115234,1272100.0,51.64380645751953
2007-10-05,53.09000015258789,52.38999938964844,52.47999954223633,52.77000045776367,815600.0,52.277835845947266
2007-10-08,53.20000076293945,52.66999816894531,52.68000030517578,52.77000045776367,925900.0,52.277835845947266
2007-10-09,53.529998779296875,52.599998474121094,52.650001525878906,53.400001525878906,1826000.0,52.90196228027344
2007-10-10,54.150001525878906,53.040000915527344,53.5,53.58000183105469,1193200.0,53.08028793334961
2007-10-11,54.150001525878906,51.86000061035156,53.91999816894531,52.06999969482422,2069900.0,51.5843620300293
2007-10-12,53.58000183105469,51.95000076293945,52.0,52.869998931884766,1458400.0,52.376895904541016
2007-10-15,53.16999816894531,51.33000183105469,52.869998931884766,51.68000030517578,922200.0,51.198001861572266
2007-10-16,51.790000915527344,51.189998626708984,51.529998779296875,51.34000015258789,900200.0,50.86117172241211
2007-10-17,53.43000030517578,51.849998474121094,51.91999816894531,53.2400016784668,1935500.0,52.74345016479492
2007-10-18,53.869998931884766,52.90999984741211,53.349998474121094,53.2400016784668,1241900.0,52.74345016479492
2007-10-19,53.0099983215332,51.43000030517578,52.81999969482422,51.45000076293945,1569400.0,50.97014236450195
2007-10-22,51.61000061035156,50.25,50.68000030517578,51.47999954223633,856300.0,50.99986267089844
2007-10-23,52.0099983215332,51.349998474121094,51.68000030517578,51.970001220703125,632300.0,51.48529815673828
2007-10-24,51.86000061035156,49.9900016784668,51.61000061035156,50.900001525878906,1600900.0,50.42527389526367
2007-10-25,53.18000030517578,49.59000015258789,51.619998931884766,52.900001525878906,1866500.0,52.406620025634766
2007-10-26,53.5,51.25,53.20000076293945,52.06999969482422,1265000.0,51.5843620300293
2007-10-29,53.970001220703125,52.119998931884766,52.369998931884766,52.220001220703125,1483200.0,51.732967376708984
2007-10-30,52.900001525878906,51.58000183105469,52.209999084472656,51.83000183105469,1182100.0,51.34660339355469
2007-10-31,52.68000030517578,51.470001220703125,52.40999984741211,52.4900016784668,1940400.0,52.00044631958008
2007-11-01,52.7599983215332,51.540000915527344,51.66999816894531,51.75,2366600.0,51.26734161376953
2007-11-02,51.25,48.630001068115234,51.25,49.93000030517578,4239700.0,49.46432113647461
2007-11-05,50.59000015258789,49.0,49.939998626708984,50.27000045776367,2041500.0,49.801151275634766
2007-11-06,50.93000030517578,49.720001220703125,50.27000045776367,50.81999969482422,1278100.0,50.34602737426758
2007-11-07,51.09000015258789,49.439998626708984,50.70000076293945,49.5,1748900.0,49.038333892822266
2007-11-08,50.029998779296875,48.83000183105469,49.540000915527344,49.83000183105469,1587300.0,49.36525344848633
2007-11-09,49.81999969482422,49.0,49.349998474121094,49.279998779296875,1753700.0,48.82038116455078
2007-11-12,50.25,48.59000015258789,49.290000915527344,49.029998779296875,1451300.0,48.572715759277344
2007-11-13,49.34000015258789,48.209999084472656,49.34000015258789,48.900001525878906,1976500.0,48.44392776489258
2007-11-14,50.779998779296875,48.709999084472656,49.29999923706055,49.849998474121094,2274000.0,49.38506317138672
2007-11-15,50.529998779296875,49.130001068115234,49.75,49.470001220703125,1867200.0,49.00861358642578
2007-11-16,50.369998931884766,48.959999084472656,49.900001525878906,49.40999984741211,2286500.0,48.94917297363281
2007-11-19,49.33000183105469,48.630001068115234,49.09000015258789,48.88999938964844,2115400.0,48.434017181396484
2007-11-20,49.88999938964844,48.86000061035156,49.13999938964844,49.61000061035156,1727500.0,49.147308349609375
2007-11-21,49.65999984741211,48.650001525878906,49.099998474121094,48.75,2021800.0,48.29533004760742
2007-11-23,49.43000030517578,48.7599983215332,48.970001220703125,49.029998779296875,731800.0,48.572715759277344
2007-11-26,50.66999816894531,49.16999816894531,49.25,49.310001373291016,1860600.0,48.85010528564453
2007-11-27,50.59000015258789,49.029998779296875,49.470001220703125,50.459999084472656,3409400.0,49.98937225341797
2007-11-28,51.93000030517578,50.15999984741211,50.459999084472656,51.63999938964844,2741100.0,51.15837097167969
2007-11-29,52.63999938964844,51.290000915527344,51.58000183105469,52.29999923706055,2548900.0,51.812217712402344
2007-11-30,54.41999816894531,52.369998931884766,52.900001525878906,53.61000061035156,4118600.0,53.11000061035156
2007-12-03,55.25,53.380001068115234,53.880001068115234,54.65999984741211,3336400.0,54.150211334228516
2007-12-04,54.349998474121094,53.220001220703125,54.22999954223633,53.529998779296875,3417300.0,53.03075408935547
2007-12-05,55.459999084472656,54.290000915527344,54.439998626708984,55.36000061035156,2648900.0,54.843685150146484
2007-12-06,55.59000015258789,54.70000076293945,55.34000015258789,55.380001068115234,2310200.0,54.863494873046875
2007-12-07,56.900001525878906,55.25,55.369998931884766,55.70000076293945,2707000.0,55.18050765991211
2007-12-10,55.970001220703125,55.040000915527344,55.970001220703125,55.29999923706055,1697900.0,54.78424072265625
2007-12-11,55.5,53.150001525878906,55.5,53.43000030517578,3046500.0,52.941253662109375
2007-12-12,55.290000915527344,53.279998779296875,54.7400016784668,53.709999084472656,1986500.0,53.218685150146484
2007-12-13,55.25,53.060001373291016,53.54999923706055,55.20000076293945,2343200.0,54.695068359375
2007-12-14,55.09000015258789,53.63999938964844,54.779998779296875,53.720001220703125,1809000.0,53.228607177734375
2007-12-17,53.5099983215332,52.5099983215332,53.25,52.79999923706055,1699600.0,52.317012786865234
2007-12-18,53.79999923706055,52.380001068115234,53.08000183105469,53.38999938964844,1597200.0,52.9016227722168
2007-12-19,54.349998474121094,52.66999816894531,54.349998474121094,53.130001068115234,1068100.0,52.64399719238281
2007-12-20,54.040000915527344,52.84000015258789,53.630001068115234,53.4900016784668,995600.0,53.00071334838867
2007-12-21,54.630001068115234,53.72999954223633,54.029998779296875,54.400001525878906,2303900.0,53.90238571166992
2007-12-24,54.9900016784668,53.9900016784668,54.34000015258789,54.5,382400.0,54.00147247314453
2007-12-26,54.709999084472656,53.529998779296875,54.2599983215332,54.59000015258789,886500.0,54.09064865112305
2007-12-27,54.83000183105469,54.040000915527344,54.459999084472656,54.400001525878906,1208800.0,53.90238571166992
2007-12-28,54.97999954223633,54.15999984741211,54.97999954223633,54.599998474121094,1647400.0,54.100547790527344
2007-12-31,54.4900016784668,53.52000045776367,54.16999816894531,53.72999954223633,897900.0,53.23851776123047
2008-01-02,54.720001220703125,53.5,53.79999923706055,54.15999984741211,2218200.0,53.66457748413086
2008-01-03,54.61000061035156,53.52000045776367,54.20000076293945,53.52000045776367,1186100.0,53.030433654785156
2008-01-04,53.959999084472656,52.75,53.279998779296875,53.209999084472656,1387800.0,52.723262786865234
2008-01-07,54.77000045776367,52.630001068115234,53.369998931884766,54.630001068115234,1978500.0,54.13027572631836
2008-01-08,55.75,54.630001068115234,54.97999954223633,55.02000045776367,2612700.0,54.5167121887207
2008-01-09,56.47999954223633,54.619998931884766,55.04999923706055,56.36000061035156,2985200.0,55.844451904296875
2008-01-10,56.97999954223633,55.91999816894531,56.04999923706055,56.29999923706055,2405400.0,55.785003662109375
2008-01-11,56.099998474121094,55.0099983215332,55.68000030517578,55.04999923706055,2473800.0,54.54644012451172
2008-01-14,56.130001068115234,54.54999923706055,55.380001068115234,56.04999923706055,2967500.0,55.537288665771484
2008-01-15,56.04999923706055,54.2400016784668,55.470001220703125,54.40999984741211,2438800.0,53.91228485107422
2008-01-16,56.900001525878906,53.970001220703125,54.369998931884766,55.880001068115234,3002800.0,55.36884307861328
2008-01-17,56.11000061035156,52.06999969482422,56.11000061035156,53.279998779296875,5419400.0,52.79262161254883
2008-01-18,55.540000915527344,51.150001525878906,53.5099983215332,51.869998931884766,2768000.0,51.39552307128906
2008-01-22,51.52000045776367,49.54999923706055,49.54999923706055,50.630001068115234,2752700.0,50.16686248779297
2008-01-23,50.060001373291016,48.16999816894531,49.15999984741211,49.61000061035156,4046800.0,49.15620040893555
2008-01-24,49.97999954223633,48.4900016784668,49.619998931884766,49.54999923706055,1701500.0,49.096736907958984
2008-01-25,50.16999816894531,48.439998626708984,49.93000030517578,48.56999969482422,1977300.0,48.125701904296875
2008-01-28,49.81999969482422,47.939998626708984,48.7400016784668,49.7400016784668,1569100.0,49.28500747680664
2008-01-29,51.13999938964844,49.68000030517578,49.7400016784668,50.400001525878906,1378100.0,49.9389762878418
2008-01-30,51.0099983215332,49.560001373291016,50.369998931884766,49.779998779296875,1548200.0,49.32463836669922
2008-01-31,49.95000076293945,48.5099983215332,49.119998931884766,49.189998626708984,2085300.0,48.74003982543945
2008-02-01,50.20000076293945,48.90999984741211,49.65999984741211,49.790000915527344,1926900.0,49.33455276489258
2008-02-04,49.79999923706055,49.20000076293945,49.79999923706055,49.4900016784668,931000.0,49.037296295166016
2008-02-05,49.310001373291016,47.790000915527344,48.88999938964844,47.810001373291016,2073700.0,47.37266159057617
2008-02-06,49.61000061035156,45.56999969482422,45.56999969482422,48.779998779296875,3093300.0,48.33378219604492
2008-02-07,49.029998779296875,46.4900016784668,48.77000045776367,48.22999954223633,3260800.0,47.788818359375
2008-02-08,48.09000015258789,47.2400016784668,48.06999969482422,47.58000183105469,1326000.0,47.144771575927734
2008-02-11,47.93000030517578,46.04999923706055,47.93000030517578,47.13999938964844,1689800.0,46.70879364013672
2008-02-12,47.15999984741211,46.45000076293945,47.15999984741211,47.04999923706055,3135500.0,46.61960983276367
2008-02-13,47.38999938964844,45.06999969482422,46.790000915527344,46.810001373291016,5382100.0,46.38180923461914
2008-02-14,47.15999984741211,45.75,46.91999816894531,45.849998474121094,1797300.0,45.43058776855469
2008-02-15,48.470001220703125,45.7599983215332,45.970001220703125,48.470001220703125,2899200.0,48.026615142822266
2008-02-19,49.06999969482422,47.61000061035156,49.06999969482422,47.84000015258789,1717400.0,47.40238952636719
2008-02-20,48.36000061035156,47.099998474121094,47.52000045776367,48.220001220703125,1471100.0,47.77890396118164
2008-02-21,48.40999984741211,47.04999923706055,48.380001068115234,47.13999938964844,1058700.0,46.70879364013672
2008-02-22,47.470001220703125,46.09000015258789,47.41999816894531,47.369998931884766,1696800.0,46.936683654785156
2008-02-25,47.650001525878906,46.619998931884766,47.45000076293945,47.43000030517578,1372300.0,46.99613571166992
2008-02-26,48.060001373291016,47.16999816894531,47.2599983215332,47.75,2424200.0,47.313209533691406
2008-02-27,48.29999923706055,47.38999938964844,47.38999938964844,47.720001220703125,1035800.0,47.28348159790039
2008-02-28,47.689998626708984,46.290000915527344,47.470001220703125,46.43000030517578,1869000.0,46.005279541015625
2008-02-29,45.959999084472656,44.400001525878906,45.84000015258789,44.58000183105469,2076700.0,44.17220687866211
2008-03-03,44.93000030517578,43.58000183105469,44.439998626708984,44.7400016784668,2019700.0,44.33073806762695
2008-03-04,44.560001373291016,43.779998779296875,44.2400016784668,44.16999816894531,2725800.0,43.765960693359375
2008-03-05,45.130001068115234,44.04999923706055,44.06999969482422,44.91999816894531,1883400.0,44.50909423828125
2008-03-06,44.939998626708984,43.18000030517578,44.63999938964844,43.2599983215332,1623800.0,42.86428451538086
2008-03-07,43.7599983215332,42.66999816894531,42.83000183105469,42.88999938964844,2800000.0,42.53699493408203
2008-03-10,44.5,42.79999923706055,43.0099983215332,42.97999954223633,1596400.0,42.62625503540039
2008-03-11,40.63999938964844,36.75,40.5,38.7599983215332,11468600.0,38.44099044799805
2008-03-12,41.75,37.0099983215332,37.400001525878906,39.95000076293945,9304800.0,39.62119674682617
2008-03-13,41.16999816894531,39.75,40.0,41.040000915527344,5108700.0,40.70222473144531
2008-03-14,41.36000061035156,39.130001068115234,41.36000061035156,39.939998626708984,3942700.0,39.61127471923828
2008-03-17,40.040000915527344,39.0,39.29999923706055,39.43000030517578,3041500.0,39.10547637939453
2008-03-18,40.220001220703125,38.349998474121094,40.0,39.56999969482422,3253600.0,39.244319915771484
2008-03-19,41.060001373291016,39.380001068115234,39.9900016784668,39.380001068115234,2571000.0,39.05588912963867
2008-03-20,41.290000915527344,38.84000015258789,39.380001068115234,39.83000183105469,2434000.0,39.5021858215332
2008-03-24,42.0,40.709999084472656,42.0,41.40999984741211,1898400.0,41.069175720214844
2008-03-25,42.79999923706055,41.380001068115234,42.540000915527344,41.90999984741211,1938800.0,41.5650634765625
2008-03-26,41.75,40.84000015258789,41.75,41.2599983215332,1711700.0,40.92041015625
2008-03-27,41.959999084472656,40.970001220703125,41.36000061035156,41.619998931884766,1675300.0,41.27745056152344
2008-03-28,41.900001525878906,40.97999954223633,41.900001525878906,41.11000061035156,1559400.0,40.771644592285156
2008-03-31,41.52000045776367,40.459999084472656,41.34000015258789,40.56999969482422,2072300.0,40.2360954284668
2008-04-01,44.18000030517578,40.0,41.0,44.18000030517578,3150000.0,43.816383361816406
2008-04-02,44.5,42.959999084472656,44.029998779296875,43.209999084472656,3130100.0,42.854366302490234
2008-04-03,43.849998474121094,42.7599983215332,42.880001068115234,43.08000183105469,2306000.0,42.72543716430664
2008-04-04,43.77000045776367,42.68000030517578,43.47999954223633,43.41999816894531,1480200.0,43.0626335144043
2008-04-07,44.29999923706055,43.33000183105469,43.81999969482422,43.400001525878906,1422000.0,43.04280090332031
2008-04-08,44.119998931884766,43.0099983215332,43.189998626708984,43.59000015258789,1299600.0,43.231239318847656
2008-04-09,44.02000045776367,42.720001220703125,43.75,42.880001068115234,1345800.0,42.52708053588867
2008-04-10,43.380001068115234,42.0,42.2400016784668,42.849998474121094,1708700.0,42.4973258972168
2008-04-11,43.5,41.790000915527344,43.380001068115234,41.849998474121094,1505100.0,41.50555419921875
2008-04-14,42.27000045776367,41.33000183105469,41.68000030517578,41.689998626708984,1475000.0,41.34687423706055
2008-04-15,43.220001220703125,41.43000030517578,41.43000030517578,42.689998626708984,2379300.0,42.338645935058594
2008-04-16,43.34000015258789,40.41999816894531,40.41999816894531,42.63999938964844,1638300.0,42.289058685302734
2008-04-17,43.5,42.5099983215332,42.709999084472656,43.150001525878906,1761000.0,42.79486083984375
2008-04-18,44.2400016784668,42.560001373291016,43.959999084472656,42.70000076293945,1613100.0,42.348567962646484
2008-04-21,42.9900016784668,41.970001220703125,42.38999938964844,42.310001373291016,2159100.0,41.961769104003906
2008-04-22,41.45000076293945,39.400001525878906,41.45000076293945,39.83000183105469,4262100.0,39.5021858215332
2008-04-23,43.31999969482422,39.7599983215332,40.06999969482422,42.880001068115234,5129900.0,42.52708053588867
2008-04-24,43.45000076293945,41.54999923706055,43.45000076293945,42.08000183105469,1956900.0,41.73366928100586
2008-04-25,43.54999923706055,41.810001373291016,42.189998626708984,43.4900016784668,1642100.0,43.13206100463867
2008-04-28,43.959999084472656,42.97999954223633,43.959999084472656,43.33000183105469,1271900.0,42.97336959838867
2008-04-29,44.0,43.0099983215332,43.36000061035156,43.689998626708984,1442300.0,43.33041763305664
2008-04-30,43.939998626708984,42.36000061035156,43.47999954223633,42.709999084472656,2026600.0,42.35847854614258
2008-05-01,42.0,40.31999969482422,41.900001525878906,41.0,4867500.0,40.66255187988281
2008-05-02,42.93000030517578,41.29999923706055,42.93000030517578,42.43000030517578,3066900.0,42.080787658691406
2008-05-05,42.29999923706055,40.970001220703125,42.0,41.18000030517578,3037800.0,40.84107208251953
2008-05-06,41.40999984741211,40.18000030517578,41.40999984741211,41.13999938964844,1960100.0,40.80139923095703
2008-05-07,41.4900016784668,40.540000915527344,41.4900016784668,40.79999923706055,2682800.0,40.464195251464844
2008-05-08,41.25,40.599998474121094,41.029998779296875,41.16999816894531,2068600.0,40.83115768432617
2008-05-09,41.310001373291016,40.5,40.709999084472656,41.279998779296875,1963200.0,40.94024658203125
2008-05-12,41.709999084472656,40.68000030517578,41.29999923706055,40.90999984741211,1991700.0,40.57329177856445
2008-05-13,41.369998931884766,39.41999816894531,41.369998931884766,39.869998931884766,3738400.0,39.541847229003906
2008-05-14,40.2599983215332,39.54999923706055,40.0,40.060001373291016,2963200.0,39.73029708862305
2008-05-15,40.2599983215332,39.56999969482422,40.0099983215332,40.209999084472656,2402100.0,39.879058837890625
2008-05-16,40.900001525878906,39.68000030517578,40.900001525878906,40.459999084472656,3283300.0,40.12699890136719
2008-05-19,40.630001068115234,39.560001373291016,40.560001373291016,39.79999923706055,2693600.0,39.472434997558594
2008-05-20,40.36000061035156,38.869998931884766,40.02000045776367,39.54999923706055,4684000.0,39.224491119384766
2008-05-21,40.47999954223633,39.25,39.2599983215332,39.83000183105469,3066700.0,39.5021858215332
2008-05-22,40.970001220703125,38.54999923706055,38.560001373291016,40.7400016784668,2991500.0,40.404701232910156
2008-05-23,40.939998626708984,40.310001373291016,40.47999954223633,40.59000015258789,2895200.0,40.25592803955078
2008-05-27,40.66999816894531,39.900001525878906,40.33000183105469,40.47999954223633,2676900.0,40.14683151245117
2008-05-28,42.0,40.43000030517578,40.599998474121094,40.650001525878906,1749500.0,40.3154296875
2008-05-29,41.33000183105469,40.349998474121094,40.369998931884766,40.93000030517578,2418900.0,40.5931282043457
2008-05-30,41.29999923706055,40.58000183105469,41.02000045776367,40.599998474121094,1667700.0,40.265838623046875
2008-06-02,40.849998474121094,39.91999816894531,40.5,40.150001525878906,1904900.0,39.819549560546875
2008-06-03,40.63999938964844,39.709999084472656,40.209999084472656,40.20000076293945,2455300.0,39.86913299560547
2008-06-04,41.31999969482422,40.20000076293945,40.20000076293945,40.70000076293945,2769900.0,40.365020751953125
2008-06-05,42.43000030517578,40.06999969482422,40.5099983215332,42.290000915527344,4015500.0,41.94194030761719
2008-06-06,42.119998931884766,41.310001373291016,41.75,41.54999923706055,2879500.0,41.20802307128906
2008-06-09,41.849998474121094,40.470001220703125,41.849998474121094,40.59000015258789,2116700.0,40.25592803955078
2008-06-10,40.560001373291016,39.880001068115234,40.15999984741211,40.34000015258789,2643500.0,40.007991790771484
2008-06-11,40.41999816894531,39.79999923706055,40.290000915527344,39.88999938964844,3081600.0,39.56168746948242
2008-06-12,40.220001220703125,39.7400016784668,40.130001068115234,39.93000030517578,2808900.0,39.60136413574219
2008-06-13,40.97999954223633,39.66999816894531,40.33000183105469,40.650001525878906,2241400.0,40.3154296875
2008-06-16,40.70000076293945,39.20000076293945,39.81999969482422,40.099998474121094,2458000.0,39.769954681396484
2008-06-17,40.790000915527344,39.939998626708984,40.540000915527344,40.099998474121094,2549000.0,39.769954681396484
2008-06-18,40.18000030517578,39.54999923706055,40.18000030517578,39.70000076293945,2396800.0,39.37325668334961
2008-06-19,38.34000015258789,36.25,38.2400016784668,36.939998626708984,8055400.0,36.63596725463867
2008-06-20,37.11000061035156,36.08000183105469,36.90999984741211,36.189998626708984,4006600.0,35.89214324951172
2008-06-23,36.31999969482422,35.06999969482422,36.27000045776367,35.36000061035156,4321500.0,35.06897735595703
2008-06-24,36.29999923706055,35.29999923706055,35.29999923706055,35.869998931884766,3218100.0,35.57477569580078
2008-06-25,36.959999084472656,35.779998779296875,35.779998779296875,36.619998931884766,2735300.0,36.318603515625
2008-06-26,36.41999816894531,35.18000030517578,36.13999938964844,35.22999954223633,2207200.0,34.94004440307617
2008-06-27,36.0099983215332,35.27000045776367,35.36000061035156,35.70000076293945,4276300.0,35.40617370605469
2008-06-30,35.900001525878906,35.279998779296875,35.59000015258789,35.38999938964844,2696600.0,35.098724365234375
2008-07-01,35.650001525878906,34.779998779296875,35.290000915527344,34.95000076293945,3069400.0,34.662349700927734
2008-07-02,36.790000915527344,35.5,35.65999984741211,35.720001220703125,5295100.0,35.42601013183594
2008-07-03,35.689998626708984,33.720001220703125,35.29999923706055,34.40999984741211,3633100.0,34.12678909301758
2008-07-07,35.0,33.849998474121094,34.56999969482422,34.369998931884766,3273400.0,34.087120056152344
2008-07-08,35.86000061035156,34.310001373291016,34.349998474121094,35.849998474121094,2281100.0,35.554935455322266
2008-07-09,36.400001525878906,35.54999923706055,35.81999969482422,35.61000061035156,3001000.0,35.316917419433594
2008-07-10,35.58000183105469,33.5,35.34000015258789,34.290000915527344,5589400.0,34.00777816772461
2008-07-11,34.38999938964844,33.22999954223633,33.88999938964844,33.810001373291016,3048300.0,33.53173065185547
2008-07-14,35.16999816894531,34.150001525878906,34.400001525878906,34.45000076293945,2436300.0,34.166465759277344
2008-07-15,34.40999984741211,32.90999984741211,34.130001068115234,33.619998931884766,3270200.0,33.343292236328125
2008-07-16,33.81999969482422,33.11000061035156,33.599998474121094,33.72999954223633,2585200.0,33.452388763427734
2008-07-17,34.290000915527344,32.81999969482422,33.52000045776367,34.11000061035156,3938100.0,33.829261779785156
2008-07-18,35.04999923706055,33.540000915527344,34.06999969482422,34.970001220703125,2912500.0,34.68218231201172
2008-07-21,35.45000076293945,33.7599983215332,34.79999923706055,34.11000061035156,3137500.0,33.829261779785156
2008-07-22,36.2400016784668,34.0099983215332,34.0099983215332,36.04999923706055,3620200.0,35.75328826904297
2008-07-23,38.0,36.09000015258789,36.52000045776367,37.58000183105469,4047200.0,37.27070236206055
2008-07-24,37.66999816894531,36.68000030517578,37.66999816894531,36.84000015258789,2337900.0,36.53678512573242
2008-07-25,37.4900016784668,36.709999084472656,37.02000045776367,37.099998474121094,2279400.0,36.79465103149414
2008-07-28,37.33000183105469,36.560001373291016,37.099998474121094,36.59000015258789,1705700.0,36.28885269165039
2008-07-29,36.84000015258789,35.880001068115234,36.22999954223633,36.43000030517578,3276700.0,36.130165100097656
2008-07-30,37.2400016784668,36.13999938964844,36.5099983215332,36.86000061035156,1654900.0,36.55663299560547
2008-07-31,37.68000030517578,36.529998779296875,36.7400016784668,37.02000045776367,3938400.0,36.715309143066406
2008-08-01,36.290000915527344,34.099998474121094,36.290000915527344,35.61000061035156,5534900.0,35.316917419433594
2008-08-04,38.119998931884766,35.65999984741211,35.65999984741211,37.47999954223633,3435000.0,37.171531677246094
2008-08-05,39.459999084472656,37.09000015258789,37.349998474121094,39.380001068115234,3386800.0,39.05588912963867
2008-08-06,40.290000915527344,38.810001373291016,39.189998626708984,40.09000015258789,4120300.0,39.76004409790039
2008-08-07,41.11000061035156,39.63999938964844,39.849998474121094,40.65999984741211,3880500.0,40.325355529785156
2008-08-08,42.2599983215332,40.34000015258789,40.65999984741211,42.18000030517578,4587800.0,41.83283996582031
2008-08-11,42.720001220703125,40.0099983215332,42.20000076293945,42.63999938964844,2499900.0,42.289058685302734
2008-08-12,43.31999969482422,41.560001373291016,41.97999954223633,41.75,3257600.0,41.40637969970703
2008-08-13,42.720001220703125,41.529998779296875,41.79999923706055,42.2400016784668,2121300.0,41.89234924316406
2008-08-14,43.11000061035156,41.88999938964844,42.0,42.650001525878906,2242600.0,42.298980712890625
2008-08-15,44.13999938964844,42.54999923706055,42.720001220703125,43.150001525878906,2455200.0,42.79486083984375
2008-08-18,43.45000076293945,41.869998931884766,43.45000076293945,42.20000076293945,1819800.0,41.85268020629883
2008-08-19,42.439998626708984,41.47999954223633,42.04999923706055,41.9900016784668,2293100.0,41.644405364990234
2008-08-20,42.25,41.209999084472656,42.25,41.779998779296875,1639100.0,41.43613815307617
2008-08-21,41.95000076293945,41.11000061035156,41.5,41.47999954223633,1874700.0,41.13860321044922
2008-08-22,42.52000045776367,41.41999816894531,41.560001373291016,42.2599983215332,1900000.0,41.91218185424805
2008-08-25,42.31999969482422,40.68000030517578,41.560001373291016,41.060001373291016,2026400.0,40.72206115722656
2008-08-26,41.84000015258789,40.58000183105469,41.04999923706055,41.529998779296875,1266500.0,41.18819046020508
2008-08-27,42.119998931884766,40.77000045776367,41.650001525878906,41.779998779296875,1739400.0,41.43613815307617
2008-08-28,42.630001068115234,41.810001373291016,41.869998931884766,42.459999084472656,1327900.0,42.11053466796875
2008-08-29,42.90999984741211,41.86000061035156,42.2400016784668,41.880001068115234,1847100.0,41.53531265258789
2008-09-02,43.47999954223633,41.4900016784668,41.88999938964844,41.869998931884766,2838300.0,41.52539825439453
2008-09-03,42.43000030517578,41.18000030517578,41.599998474121094,41.959999084472656,1732000.0,41.614646911621094
2008-09-04,41.72999954223633,39.650001525878906,41.59000015258789,39.66999816894531,2713700.0,39.343502044677734
2008-09-05,39.91999816894531,38.720001220703125,39.38999938964844,39.81999969482422,2075700.0,39.49225616455078
2008-09-08,41.18000030517578,40.380001068115234,40.66999816894531,41.06999969482422,2142800.0,40.73197937011719
2008-09-09,41.439998626708984,39.2400016784668,40.90999984741211,39.36000061035156,3543900.0,39.03605651855469
2008-09-10,40.40999984741211,39.13999938964844,39.560001373291016,39.91999816894531,2696900.0,39.59143829345703
2008-09-11,40.880001068115234,39.06999969482422,39.34000015258789,40.65999984741211,2989800.0,40.325355529785156
2008-09-12,40.83000183105469,39.66999816894531,40.290000915527344,40.65999984741211,2474200.0,40.325355529785156
2008-09-15,40.43000030517578,39.0,39.779998779296875,39.4900016784668,2485800.0,39.16498565673828
2008-09-16,39.2400016784668,36.560001373291016,38.709999084472656,37.939998626708984,4023700.0,37.62773895263672
2008-09-17,37.70000076293945,35.599998474121094,37.150001525878906,35.599998474121094,3176800.0,35.30699920654297
2008-09-18,39.310001373291016,33.9900016784668,36.150001525878906,37.16999816894531,5524700.0,36.864070892333984
2008-09-19,42.75,36.41999816894531,41.650001525878906,36.849998474121094,4649800.0,36.546714782714844
2008-09-22,36.29999923706055,34.16999816894531,35.5,34.529998779296875,2182800.0,34.24580001831055
2008-09-23,35.06999969482422,33.959999084472656,34.54999923706055,34.5099983215332,1722200.0,34.22596740722656
2008-09-24,34.68000030517578,33.72999954223633,34.2599983215332,33.72999954223633,1302400.0,33.452388763427734
2008-09-25,36.150001525878906,33.849998474121094,33.849998474121094,35.310001373291016,1568200.0,35.019386291503906
2008-09-26,37.40999984741211,34.72999954223633,34.72999954223633,36.529998779296875,1322500.0,36.229339599609375
2008-09-29,37.06999969482422,31.690000534057617,35.81999969482422,33.33000183105469,2008200.0,33.05567932128906
2008-09-30,35.25,32.790000915527344,35.25,33.97999954223633,1918700.0,33.70032501220703
2008-10-01,35.290000915527344,32.36000061035156,34.20000076293945,33.7599983215332,1431200.0,33.482139587402344
2008-10-02,33.97999954223633,31.350000381469727,33.619998931884766,32.16999816894531,1651800.0,31.905227661132812
2008-10-03,34.47999954223633,32.66999816894531,32.91999816894531,33.400001525878906,2105000.0,33.12510681152344
2008-10-06,34.0,28.8700008392334,33.459999084472656,30.290000915527344,3571700.0,30.04070472717285
2008-10-07,31.90999984741211,29.6299991607666,31.200000762939453,30.25,2664300.0,30.00103187561035
2008-10-08,30.100000381469727,26.780000686645508,29.190000534057617,27.649999618530273,4564500.0,27.42243194580078
2008-10-09,27.899999618530273,24.799999237060547,27.760000228881836,24.799999237060547,6415800.0,24.59588623046875
2008-10-10,24.889999389648438,21.25,24.420000076293945,22.260000228881836,7715200.0,22.076791763305664
2008-10-13,27.5,22.729999542236328,23.059999465942383,27.5,4876900.0,27.273664474487305
2008-10-14,31.1200008392334,28.420000076293945,28.68000030517578,30.520000457763672,5892800.0,30.268808364868164
2008-10-15,30.770000457763672,26.40999984741211,29.950000762939453,26.5,5699100.0,26.281892776489258
2008-10-16,29.06999969482422,24.360000610351562,26.920000076293945,25.739999771118164,6678300.0,25.528148651123047
2008-10-17,27.229999542236328,25.020000457763672,25.049999237060547,25.219999313354492,8020300.0,25.012428283691406
2008-10-20,27.84000015258789,25.059999465942383,25.530000686645508,27.799999237060547,2735900.0,27.571195602416992
2008-10-21,29.290000915527344,26.34000015258789,27.479999542236328,27.860000610351562,3440100.0,27.630701065063477
2008-10-22,26.200000762939453,23.780000686645508,25.56999969482422,24.43000030517578,4754700.0,24.228927612304688
2008-10-23,25.530000686645508,23.209999084472656,24.510000228881836,24.420000076293945,4609100.0,24.21901512145996
2008-10-24,24.450000762939453,22.15999984741211,22.520000457763672,23.829999923706055,3519800.0,23.633869171142578
2008-10-27,23.43000030517578,20.260000228881836,23.43000030517578,20.729999542236328,5311600.0,20.55938148498535
2008-10-28,22.479999542236328,20.6299991607666,22.479999542236328,22.25,6222300.0,22.066875457763672
2008-10-29,21.940000534057617,19.25,21.90999984741211,19.850000381469727,8399000.0,19.686628341674805
2008-10-30,20.600000381469727,15.079999923706055,20.559999465942383,15.579999923706055,17798700.0,15.451770782470703
2008-10-31,18.079999923706055,9.819999694824219,15.34000015258789,16.299999237060547,51904300.0,16.165842056274414
2008-11-03,19.34000015258789,16.1299991607666,16.40999984741211,19.18000030517578,14618000.0,19.022140502929688
2008-11-04,18.780000686645508,17.010000228881836,18.190000534057617,18.010000228881836,10526700.0,17.861770629882812
2008-11-05,18.530000686645508,16.940000534057617,17.649999618530273,17.149999618530273,5859500.0,17.008852005004883
2008-11-06,16.950000762939453,15.0600004196167,16.809999465942383,15.319999694824219,7503800.0,15.1939115524292
2008-11-07,16.06999969482422,15.229999542236328,15.40999984741211,15.850000381469727,4172800.0,15.719550132751465
2008-11-10,16.549999237060547,14.420000076293945,16.34000015258789,15.050000190734863,4261200.0,14.92613410949707
2008-11-11,15.170000076293945,13.5,15.170000076293945,14.149999618530273,5360300.0,14.033539772033691
2008-11-12,13.880000114440918,12.930000305175781,13.470000267028809,13.010000228881836,4077500.0,12.902923583984375
2008-11-13,13.4399995803833,12.119999885559082,13.130000114440918,13.210000038146973,7320600.0,13.101275444030762
2008-11-14,14.039999961853027,12.489999771118164,13.010000228881836,12.949999809265137,7364400.0,12.843416213989258
2008-11-17,13.350000381469727,12.15999984741211,12.800000190734863,12.180000305175781,5408300.0,12.079752922058105
2008-11-18,12.9399995803833,11.800000190734863,12.180000305175781,12.550000190734863,5006500.0,12.446707725524902
2008-11-19,12.859999656677246,10.670000076293945,12.520000457763672,10.880000114440918,7514600.0,10.790453910827637
2008-11-20,11.0,8.779999732971191,10.850000381469727,8.880000114440918,9602300.0,8.806915283203125
2008-11-21,9.510000228881836,8.0,9.130000114440918,8.819999694824219,16410900.0,8.747407913208008
2008-11-24,10.670000076293945,8.9399995803833,9.109999656677246,10.420000076293945,8491500.0,10.334239959716797
2008-11-25,11.789999961853027,10.079999923706055,10.869999885559082,11.539999961853027,8084800.0,11.445022583007812
2008-11-26,12.470000267028809,10.75,11.3100004196167,12.369999885559082,4743300.0,12.268189430236816
2008-11-28,12.65999984741211,11.859999656677246,12.329999923706055,12.109999656677246,2149900.0,12.010330200195312
2008-12-01,11.930000305175781,11.010000228881836,11.770000457763672,11.15999984741211,4024300.0,11.068148612976074
2008-12-02,12.199999809265137,11.010000228881836,11.010000228881836,11.989999771118164,6034400.0,11.891316413879395
2008-12-03,12.59000015258789,11.319999694824219,11.729999542236328,12.4399995803833,4388900.0,12.337613105773926
2008-12-04,12.789999961853027,11.800000190734863,11.800000190734863,12.3100004196167,5457100.0,12.208683967590332
2008-12-05,14.260000228881836,11.479999542236328,12.130000114440918,14.140000343322754,7954400.0,14.023624420166016
2008-12-08,14.989999771118164,13.84000015258789,14.5,14.699999809265137,6360700.0,14.579012870788574
2008-12-09,16.299999237060547,13.890000343322754,14.5,14.050000190734863,8274500.0,13.934362411499023
2008-12-10,14.760000228881836,13.869999885559082,14.25,14.390000343322754,3565900.0,14.271565437316895
2008-12-11,15.65999984741211,14.380000114440918,14.390000343322754,14.800000190734863,4937000.0,14.678190231323242
2008-12-12,15.539999961853027,13.770000457763672,14.34000015258789,15.539999961853027,7438900.0,15.412099838256836
2008-12-15,16.030000686645508,14.140000343322754,15.630000114440918,14.630000114440918,4648900.0,14.509589195251465
2008-12-16,16.09000015258789,14.130000114440918,14.989999771118164,15.979999542236328,6761600.0,15.84847640991211
2008-12-17,16.3799991607666,15.300000190734863,15.640000343322754,15.84000015258789,3891300.0,15.709630966186523
2008-12-18,16.989999771118164,15.399999618530273,16.059999465942383,15.899999618530273,4233700.0,15.769136428833008
2008-12-19,16.479999542236328,15.220000267028809,15.510000228881836,16.18000030517578,6023600.0,16.046833038330078
2008-12-22,17.440000534057617,15.130000114440918,16.1299991607666,15.529999732971191,2999700.0,15.402182579040527
2008-12-23,16.15999984741211,15.40999984741211,15.729999542236328,15.510000228881836,2117700.0,15.382346153259277
2008-12-24,15.600000381469727,15.09000015258789,15.600000381469727,15.399999618530273,688300.0,15.2732515335083
2008-12-26,15.979999542236328,15.630000114440918,15.729999542236328,15.880000114440918,1422200.0,15.74930191040039
2008-12-29,15.729999542236328,15.15999984741211,15.600000381469727,15.390000343322754,3385200.0,15.263335227966309
2008-12-30,16.520000457763672,15.510000228881836,15.529999732971191,16.489999771118164,2725000.0,16.354280471801758
2008-12-31,16.989999771118164,16.270000457763672,16.469999313354492,16.850000381469727,3100700.0,16.711320877075195
2009-01-02,17.90999984741211,16.780000686645508,16.90999984741211,17.790000915527344,3099700.0,17.643583297729492
2009-01-05,18.780000686645508,17.280000686645508,17.700000762939453,18.149999618530273,4649200.0,18.00061798095703
2009-01-06,18.270000457763672,17.520000457763672,17.65999984741211,18.170000076293945,4732800.0,18.02045440673828
2009-01-07,18.049999237060547,17.0,17.8700008392334,17.09000015258789,3870700.0,16.9493408203125
2009-01-08,17.520000457763672,16.719999313354492,17.040000915527344,17.389999389648438,2715400.0,17.24687385559082
2009-01-09,17.68000030517578,16.530000686645508,17.610000610351562,16.709999084472656,3113500.0,16.572467803955078
2009-01-12,17.15999984741211,15.829999923706055,16.670000076293945,16.030000686645508,3213800.0,15.898065567016602
2009-01-13,16.510000228881836,14.770000457763672,14.770000457763672,15.420000076293945,8594500.0,15.293087005615234
2009-01-14,15.039999961853027,14.3100004196167,15.039999961853027,14.65999984741211,3612100.0,14.539342880249023
2009-01-15,14.970000267028809,14.010000228881836,14.640000343322754,14.720000267028809,5585400.0,14.598848342895508
2009-01-16,15.670000076293945,14.720000267028809,14.8100004196167,15.270000457763672,6182500.0,15.144322395324707
2009-01-20,15.970000267028809,14.039999961853027,15.229999542236328,14.109999656677246,5367000.0,13.993868827819824
2009-01-21,15.0600004196167,14.039999961853027,14.970000267028809,14.850000381469727,4305100.0,14.727779388427734
2009-01-22,15.449999809265137,14.100000381469727,14.520000457763672,14.949999809265137,7596400.0,14.82695484161377
2009-01-23,15.779999732971191,14.119999885559082,14.130000114440918,15.520000457763672,3050800.0,15.392264366149902
2009-01-26,16.110000610351562,15.34000015258789,15.640000343322754,15.600000381469727,2947500.0,15.471607208251953
2009-01-27,16.6299991607666,15.649999618530273,15.729999542236328,16.549999237060547,4230900.0,16.413789749145508
2009-01-28,18.81999969482422,16.010000228881836,16.010000228881836,18.290000915527344,9245600.0,18.139469146728516
2009-01-29,18.25,17.290000915527344,18.1200008392334,17.600000381469727,4551400.0,17.45514488220215
2009-01-30,17.780000686645508,16.65999984741211,17.6200008392334,17.360000610351562,5034100.0,17.217121124267578
2009-02-02,18.049999237060547,16.790000915527344,17.010000228881836,17.65999984741211,6082500.0,17.5146484375
2009-02-03,18.579999923706055,17.600000381469727,17.8700008392334,18.3700008392334,5254600.0,18.218807220458984
2009-02-04,18.6299991607666,17.56999969482422,18.360000610351562,18.020000457763672,5236200.0,17.87169075012207
2009-02-05,21.780000686645508,18.440000534057617,18.440000534057617,21.389999389648438,12772600.0,21.213951110839844
2009-02-06,22.5,20.690000534057617,21.459999084472656,21.729999542236328,5681700.0,21.551149368286133
2009-02-09,23.059999465942383,21.3700008392334,22.0,22.25,4128800.0,22.066875457763672
2009-02-10,22.25,20.06999969482422,21.8799991607666,20.530000686645508,6667800.0,20.36103057861328
2009-02-11,21.239999771118164,20.31999969482422,20.690000534057617,21.139999389648438,4292400.0,20.966007232666016
2009-02-12,21.829999923706055,20.0,20.40999984741211,21.489999771118164,4641800.0,21.313127517700195
2009-02-13,21.959999084472656,20.979999542236328,21.479999542236328,21.299999237060547,3720000.0,21.124692916870117
2009-02-17,20.93000030517578,19.75,20.5,19.920000076293945,5118200.0,19.75605010986328
2009-02-18,20.889999389648438,19.600000381469727,20.079999923706055,20.600000381469727,8543500.0,20.43045425415039
2009-02-19,21.389999389648438,19.190000534057617,20.979999542236328,19.219999313354492,6834200.0,19.061811447143555
2009-02-20,19.329999923706055,18.049999237060547,18.799999237060547,18.670000076293945,7490200.0,18.516338348388672
2009-02-23,18.989999771118164,16.860000610351562,18.229999542236328,17.719999313354492,9185500.0,17.574155807495117
2009-02-24,18.889999389648438,17.860000610351562,18.020000457763672,18.799999237060547,8281200.0,18.645267486572266
2009-02-25,18.75,17.459999084472656,18.709999084472656,17.920000076293945,6033500.0,17.772512435913086
2009-02-26,18.190000534057617,15.760000228881836,18.190000534057617,16.389999389648438,9547200.0,16.255104064941406
2009-02-27,17.139999389648438,15.579999923706055,15.9399995803833,15.760000228881836,7635000.0,15.630290031433105
2009-03-02,15.649999618530273,13.579999923706055,15.649999618530273,14.029999732971191,9812700.0,13.914527893066406
2009-03-03,14.979999542236328,13.020000457763672,14.449999809265137,13.329999923706055,9369000.0,13.22028923034668
2009-03-04,14.75,13.289999961853027,13.6899995803833,14.34000015258789,6897300.0,14.221978187561035
2009-03-05,14.140000343322754,12.680000305175781,13.960000038146973,12.869999885559082,5870800.0,12.764074325561523
2009-03-06,13.619999885559082,12.739999771118164,13.010000228881836,13.4399995803833,7623000.0,13.32938289642334
2009-03-09,14.180000305175781,12.90999984741211,13.399999618530273,13.609999656677246,4825800.0,13.538276672363281
2009-03-10,15.550000190734863,13.84000015258789,14.260000228881836,15.319999694824219,6469100.0,15.239264488220215
2009-03-11,15.859999656677246,14.979999542236328,15.460000038146973,15.289999961853027,6078500.0,15.209423065185547
2009-03-12,17.0,15.180000305175781,15.279999732971191,16.540000915527344,6663700.0,16.452836990356445
2009-03-13,17.520000457763672,16.649999618530273,16.649999618530273,17.239999771118164,5121800.0,17.149147033691406
2009-03-16,17.950000762939453,16.6200008392334,17.360000610351562,16.670000076293945,5365300.0,16.582151412963867
2009-03-17,17.260000228881836,16.399999618530273,16.739999771118164,17.25,4366600.0,17.159095764160156
2009-03-18,19.329999923706055,16.780000686645508,17.1299991607666,18.5,8644400.0,18.402503967285156
2009-03-19,19.200000762939453,17.510000228881836,18.81999969482422,17.81999969482422,5758900.0,17.726091384887695
2009-03-20,17.899999618530273,16.850000381469727,17.8700008392334,17.260000228881836,4736200.0,17.169038772583008
2009-03-23,18.8700008392334,17.559999465942383,17.829999923706055,18.719999313354492,5680300.0,18.621347427368164
2009-03-24,18.709999084472656,17.729999542236328,18.030000686645508,17.760000228881836,4004100.0,17.666406631469727
2009-03-25,18.479999542236328,17.3700008392334,18.350000381469727,17.75,4591400.0,17.65645980834961
2009-03-26,18.709999084472656,17.799999237060547,17.989999771118164,18.639999389648438,3121100.0,18.54176902770996
2009-03-27,18.520000457763672,17.81999969482422,18.440000534057617,17.899999618530273,3154900.0,17.805667877197266
2009-03-30,17.600000381469727,16.700000762939453,17.350000381469727,17.1299991607666,4724300.0,17.03972625732422
2009-03-31,18.209999084472656,17.059999465942383,17.510000228881836,17.59000015258789,4140400.0,17.49730110168457
2009-04-01,18.290000915527344,16.84000015258789,17.200000762939453,17.889999389648438,4763100.0,17.795719146728516
2009-04-02,19.25,18.280000686645508,18.43000030517578,18.600000381469727,4855100.0,18.50197982788086
2009-04-03,19.010000228881836,17.770000457763672,18.59000015258789,18.34000015258789,4245600.0,18.24334716796875
2009-04-06,18.989999771118164,17.709999084472656,18.1299991607666,17.899999618530273,3980500.0,17.805667877197266
2009-04-07,18.360000610351562,16.889999389648438,17.489999771118164,17.850000381469727,5223200.0,17.755931854248047
2009-04-08,19.260000228881836,17.979999542236328,18.280000686645508,19.030000686645508,4902900.0,18.929712295532227
2009-04-09,20.6299991607666,19.31999969482422,19.40999984741211,20.450000762939453,5146700.0,20.34223175048828
2009-04-13,21.309999465942383,20.299999237060547,20.510000228881836,20.43000030517578,4430800.0,20.32234001159668
2009-04-14,20.3799991607666,19.469999313354492,19.84000015258789,19.559999465942383,3570500.0,19.456918716430664
2009-04-15,20.790000915527344,19.510000228881836,19.530000686645508,20.75,5960200.0,20.640649795532227
2009-04-16,21.639999389648438,20.100000381469727,20.6200008392334,21.219999313354492,7099700.0,21.108173370361328
2009-04-17,21.799999237060547,20.829999923706055,21.3799991607666,21.40999984741211,3743000.0,21.29717445373535
2009-04-20,21.350000381469727,19.969999313354492,21.06999969482422,20.049999237060547,3251300.0,19.944337844848633
2009-04-21,20.860000610351562,19.420000076293945,20.350000381469727,20.1200008392334,2938500.0,20.01397132873535
2009-04-22,20.520000457763672,19.510000228881836,19.729999542236328,20.020000457763672,2389400.0,19.91449546813965
2009-04-23,20.520000457763672,18.950000762939453,20.1200008392334,19.56999969482422,2880700.0,19.466867446899414
2009-04-24,20.139999389648438,19.15999984741211,19.459999084472656,19.579999923706055,2716700.0,19.476816177368164
2009-04-27,20.790000915527344,19.489999771118164,20.09000015258789,19.5,3711900.0,19.397239685058594
2009-04-28,21.18000030517578,19.329999923706055,19.329999923706055,20.389999389648438,4424100.0,20.282548904418945
2009-04-29,21.31999969482422,19.829999923706055,20.34000015258789,20.770000457763672,3806500.0,20.66054344177246
2009-04-30,21.1299991607666,19.350000381469727,19.799999237060547,19.709999084472656,5733100.0,19.606128692626953
2009-05-01,20.0,19.31999969482422,19.75,19.489999771118164,2920900.0,19.387285232543945
2009-05-04,19.940000534057617,18.549999237060547,19.940000534057617,19.309999465942383,4898900.0,19.20823860168457
2009-05-05,19.979999542236328,19.020000457763672,19.5,19.229999542236328,5709800.0,19.128658294677734
2009-05-06,20.15999984741211,19.020000457763672,19.5,20.06999969482422,5152900.0,19.9642333984375
2009-05-07,23.489999771118164,20.149999618530273,20.280000686645508,22.34000015258789,10634700.0,22.222270965576172
2009-05-08,24.6299991607666,23.469999313354492,23.510000228881836,23.68000030517578,7163100.0,23.555212020874023
2009-05-11,23.770000457763672,21.3700008392334,23.770000457763672,21.43000030517578,5669400.0,21.317066192626953
2009-05-12,22.0,20.899999618530273,21.6299991607666,21.5,3101400.0,21.386699676513672
2009-05-13,22.260000228881836,20.799999237060547,21.219999313354492,21.209999084472656,4902400.0,21.098222732543945
2009-05-14,22.229999542236328,21.020000457763672,21.739999771118164,21.860000610351562,5318700.0,21.744802474975586
2009-05-15,22.979999542236328,21.479999542236328,21.809999465942383,21.65999984741211,4481800.0,21.545852661132812
2009-05-18,21.90999984741211,20.760000228881836,21.899999618530273,21.469999313354492,5471700.0,21.356855392456055
2009-05-19,21.920000076293945,20.940000534057617,21.469999313354492,21.0,3601400.0,20.88933563232422
2009-05-20,21.979999542236328,20.850000381469727,21.280000686645508,20.940000534057617,3236600.0,20.829648971557617
2009-05-21,21.739999771118164,20.459999084472656,20.610000610351562,20.739999771118164,4399700.0,20.630704879760742
2009-05-22,20.969999313354492,19.889999389648438,20.649999618530273,19.93000030517578,3205600.0,19.824970245361328
2009-05-26,20.670000076293945,19.31999969482422,19.780000686645508,20.469999313354492,3735800.0,20.362125396728516
2009-05-27,21.040000915527344,20.190000534057617,20.309999465942383,20.329999923706055,3652100.0,20.222864151000977
2009-05-28,22.200000762939453,20.540000915527344,20.540000915527344,21.889999389648438,7796100.0,21.774641036987305
2009-05-29,22.299999237060547,21.200000762939453,21.850000381469727,22.170000076293945,4728200.0,22.05316734313965
2009-06-01,23.479999542236328,22.239999771118164,22.450000762939453,23.1200008392334,5222700.0,22.998159408569336
2009-06-02,24.030000686645508,22.600000381469727,22.81999969482422,23.459999084472656,4555700.0,23.336368560791016
2009-06-03,23.299999237060547,22.170000076293945,22.350000381469727,23.200000762939453,5400900.0,23.077741622924805
2009-06-04,23.829999923706055,22.489999771118164,23.469999313354492,23.06999969482422,3872700.0,22.948421478271484
2009-06-05,23.600000381469727,22.670000076293945,23.489999771118164,22.84000015258789,2661000.0,22.719636917114258
2009-06-08,22.780000686645508,21.110000610351562,22.729999542236328,21.270000457763672,7066000.0,21.15791130065918
2009-06-09,21.579999923706055,19.850000381469727,21.549999237060547,20.40999984741211,9191900.0,20.302438735961914
2009-06-10,21.270000457763672,20.170000076293945,20.670000076293945,20.469999313354492,4767600.0,20.362125396728516
2009-06-11,21.1200008392334,20.0,20.239999771118164,20.899999618530273,4763200.0,20.78986167907715
2009-06-12,21.15999984741211,20.209999084472656,20.6299991607666,20.889999389648438,4074800.0,20.7799129486084
2009-06-15,20.770000457763672,20.149999618530273,20.40999984741211,20.399999618530273,3743700.0,20.29249382019043
2009-06-16,21.979999542236328,20.270000457763672,20.299999237060547,21.540000915527344,7074100.0,21.426488876342773
2009-06-17,22.290000915527344,21.100000381469727,21.450000762939453,21.84000015258789,5745400.0,21.724903106689453
2009-06-18,23.739999771118164,21.93000030517578,21.979999542236328,23.65999984741211,8136000.0,23.535314559936523
2009-06-19,25.43000030517578,24.059999465942383,24.18000030517578,25.239999771118164,11455800.0,25.10698699951172
2009-06-22,25.06999969482422,23.59000015258789,24.59000015258789,23.920000076293945,6570600.0,23.793949127197266
2009-06-23,24.25,23.559999465942383,23.979999542236328,23.8799991607666,3476100.0,23.754154205322266
2009-06-24,24.450000762939453,23.56999969482422,24.229999542236328,23.709999084472656,4789600.0,23.58504867553711
2009-06-25,25.600000381469727,23.290000915527344,23.489999771118164,24.979999542236328,6653300.0,24.848358154296875
2009-06-26,25.100000381469727,24.3799991607666,24.899999618530273,24.670000076293945,3506900.0,24.53999137878418
2009-06-29,24.889999389648438,23.860000610351562,24.649999618530273,24.25,4252000.0,24.122203826904297
2009-06-30,24.579999923706055,23.760000228881836,24.270000457763672,24.09000015258789,4565800.0,23.963045120239258
2009-07-01,24.860000610351562,23.540000915527344,23.8799991607666,24.56999969482422,3858600.0,24.44051742553711
2009-07-02,24.389999389648438,23.520000457763672,24.110000610351562,23.65999984741211,4381900.0,23.535314559936523
2009-07-06,23.84000015258789,23.100000381469727,23.540000915527344,23.469999313354492,3497600.0,23.346317291259766
2009-07-07,25.68000030517578,23.459999084472656,23.510000228881836,25.239999771118164,9531900.0,25.10698699951172
2009-07-08,25.520000457763672,23.350000381469727,25.40999984741211,24.1299991607666,7601100.0,24.00283432006836
2009-07-09,24.649999618530273,23.280000686645508,24.219999313354492,24.06999969482422,5048800.0,23.943151473999023
2009-07-10,24.68000030517578,23.799999237060547,23.84000015258789,23.979999542236328,3042900.0,23.853626251220703
2009-07-13,24.729999542236328,23.959999084472656,24.110000610351562,24.68000030517578,3366300.0,24.549938201904297
2009-07-14,25.06999969482422,24.15999984741211,24.649999618530273,24.610000610351562,3304100.0,24.480310440063477
2009-07-15,25.100000381469727,23.489999771118164,24.81999969482422,24.520000457763672,5988400.0,24.39078140258789
2009-07-16,24.979999542236328,23.34000015258789,24.489999771118164,24.75,5800100.0,24.619571685791016
2009-07-17,25.0,24.450000762939453,24.93000030517578,24.8700008392334,4046300.0,24.73893928527832
2009-07-20,25.0,24.290000915527344,24.850000381469727,24.969999313354492,3471900.0,24.838409423828125
2009-07-21,25.670000076293945,24.229999542236328,24.889999389648438,24.6299991607666,4200500.0,24.500202178955078
2009-07-22,24.90999984741211,24.280000686645508,24.59000015258789,24.40999984741211,4760100.0,24.281360626220703
2009-07-23,25.530000686645508,24.100000381469727,24.3799991607666,25.31999969482422,4698600.0,25.186567306518555
2009-07-24,26.350000381469727,25.34000015258789,25.510000228881836,26.200000762939453,4097500.0,26.061931610107422
2009-07-27,26.979999542236328,25.559999465942383,25.790000915527344,26.440000534057617,3716700.0,26.300662994384766
2009-07-28,28.989999771118164,26.3799991607666,26.8700008392334,28.469999313354492,9700000.0,28.319965362548828
2009-07-29,29.0,26.040000915527344,28.149999618530273,26.579999923706055,9498800.0,26.439926147460938
2009-07-30,29.15999984741211,27.229999542236328,28.209999084472656,27.760000228881836,9443400.0,27.613706588745117
2009-07-31,28.639999389648438,27.56999969482422,27.729999542236328,28.399999618530273,5099700.0,28.250335693359375
2009-08-03,28.75,27.31999969482422,28.270000457763672,28.049999237060547,5811200.0,27.902177810668945
2009-08-04,28.649999618530273,27.40999984741211,27.8799991607666,27.93000030517578,4566500.0,27.782814025878906
2009-08-05,28.030000686645508,27.309999465942383,28.020000457763672,27.549999237060547,3076600.0,27.404813766479492
2009-08-06,27.860000610351562,26.489999771118164,27.56999969482422,26.84000015258789,5862800.0,26.69855499267578
2009-08-07,28.239999771118164,27.100000381469727,27.290000915527344,27.649999618530273,3421600.0,27.504287719726562
2009-08-10,28.010000228881836,27.350000381469727,27.600000381469727,28.010000228881836,2708200.0,27.862388610839844
2009-08-11,28.579999923706055,27.549999237060547,28.030000686645508,28.1299991607666,4224300.0,27.98175621032715
2009-08-12,29.049999237060547,27.690000534057617,28.1200008392334,28.719999313354492,3162000.0,28.568645477294922
2009-08-13,29.510000228881836,28.5,28.719999313354492,29.049999237060547,4341700.0,28.896909713745117
2009-08-14,29.25,28.309999465942383,29.049999237060547,28.81999969482422,2985200.0,28.668121337890625
2009-08-17,30.6299991607666,28.360000610351562,28.40999984741211,29.68000030517578,8161300.0,29.523588180541992
2009-08-18,29.93000030517578,28.780000686645508,29.93000030517578,29.469999313354492,3026300.0,29.3146915435791
2009-08-19,29.25,28.239999771118164,28.489999771118164,29.1200008392334,3919000.0,28.966543197631836
2009-08-20,30.549999237060547,28.809999465942383,28.809999465942383,29.920000076293945,4715000.0,29.762325286865234
2009-08-21,30.280000686645508,29.260000228881836,30.280000686645508,29.8700008392334,4213900.0,29.712589263916016
2009-08-24,30.34000015258789,29.690000534057617,30.18000030517578,30.0,3266900.0,29.841899871826172
2009-08-25,30.5,29.829999923706055,30.010000228881836,30.399999618530273,3746000.0,30.239795684814453
2009-08-26,30.6299991607666,29.65999984741211,30.6299991607666,29.969999313354492,3112700.0,29.81205940246582
2009-08-27,30.639999389648438,29.979999542236328,30.200000762939453,30.56999969482422,3840300.0,30.40890121459961
2009-08-28,30.940000534057617,29.530000686645508,30.799999237060547,29.670000076293945,2977900.0,29.51364517211914
2009-08-31,30.299999237060547,29.1299991607666,29.350000381469727,29.43000030517578,2549600.0,29.27490997314453
2009-09-01,29.700000762939453,28.520000457763672,29.420000076293945,28.690000534057617,3676000.0,28.53880500793457
2009-09-02,29.860000610351562,28.3700008392334,28.639999389648438,29.700000762939453,5367100.0,29.543485641479492
2009-09-03,29.81999969482422,28.760000228881836,29.719999313354492,29.639999389648438,3318300.0,29.483802795410156
2009-09-04,30.25,29.510000228881836,29.6200008392334,29.899999618530273,2079600.0,29.742433547973633
2009-09-08,29.770000457763672,28.850000381469727,29.75,29.399999618530273,3667900.0,29.245065689086914
2009-09-09,29.799999237060547,28.579999923706055,29.459999084472656,29.40999984741211,4699300.0,29.2550106048584
2009-09-10,31.079999923706055,29.209999084472656,29.270000457763672,31.059999465942383,6178300.0,30.896312713623047
2009-09-11,31.450000762939453,30.850000381469727,31.09000015258789,31.329999923706055,3488000.0,31.164892196655273
2009-09-14,32.13999938964844,31.110000610351562,31.420000076293945,32.08000183105469,4609000.0,31.910945892333984
2009-09-15,32.25,31.360000610351562,32.209999084472656,31.389999389648438,4228300.0,31.224580764770508
2009-09-16,32.540000915527344,30.670000076293945,31.610000610351562,32.540000915527344,4623400.0,32.36852264404297
2009-09-17,33.0,32.06999969482422,32.52000045776367,32.599998474121094,5554200.0,32.42820358276367
2009-09-18,32.939998626708984,31.780000686645508,32.70000076293945,31.84000015258789,4600100.0,31.672208786010742
2009-09-21,32.02000045776367,31.360000610351562,31.56999969482422,31.75,2000200.0,31.582679748535156
2009-09-22,31.979999542236328,30.889999389648438,31.829999923706055,31.309999465942383,5076600.0,31.145002365112305
2009-09-23,31.360000610351562,30.18000030517578,31.229999542236328,30.34000015258789,7950600.0,30.180110931396484
2009-09-24,30.649999618530273,28.829999923706055,30.350000381469727,29.200000762939453,6555200.0,29.046117782592773
2009-09-25,29.520000457763672,28.200000762939453,29.06999969482422,28.309999465942383,5857400.0,28.160810470581055
2009-09-28,29.350000381469727,28.299999237060547,28.5,29.040000915527344,5513900.0,28.886960983276367
2009-09-29,29.420000076293945,27.90999984741211,29.260000228881836,28.600000381469727,9140000.0,28.44927978515625
2009-09-30,28.530000686645508,27.450000762939453,28.530000686645508,28.09000015258789,8036900.0,27.94196891784668
2009-10-01,29.1299991607666,27.649999618530273,27.940000534057617,27.809999465942383,4518500.0,27.66344451904297
2009-10-02,28.31999969482422,26.829999923706055,27.530000686645508,27.81999969482422,4691900.0,27.673389434814453
2009-10-05,28.850000381469727,27.489999771118164,28.020000457763672,28.700000762939453,4534900.0,28.548755645751953
2009-10-06,28.979999542236328,28.010000228881836,28.8700008392334,28.68000030517578,4637300.0,28.528860092163086
2009-10-07,29.920000076293945,28.399999618530273,28.399999618530273,29.559999465942383,5502700.0,29.40422248840332
2009-10-08,29.0,28.100000381469727,28.760000228881836,28.329999923706055,6823300.0,28.180702209472656
2009-10-09,29.6200008392334,28.469999313354492,28.549999237060547,29.520000457763672,5114600.0,29.364431381225586
2009-10-12,30.1200008392334,29.540000915527344,29.84000015258789,29.639999389648438,3095200.0,29.483802795410156
2009-10-13,29.6200008392334,28.479999542236328,29.56999969482422,28.709999084472656,4329500.0,28.558700561523438
2009-10-14,29.809999465942383,28.68000030517578,28.860000610351562,29.709999084472656,3608600.0,29.553428649902344
2009-10-15,30.0,28.670000076293945,29.540000915527344,28.93000030517578,4729300.0,28.777544021606445
2009-10-16,29.020000457763672,28.309999465942383,28.65999984741211,28.3700008392334,2924200.0,28.220495223999023
2009-10-19,28.889999389648438,28.299999237060547,28.399999618530273,28.850000381469727,2709600.0,28.69796371459961
2009-10-20,29.950000762939453,28.829999923706055,28.920000076293945,29.25,4147500.0,29.095855712890625
2009-10-21,29.84000015258789,28.09000015258789,29.239999771118164,28.15999984741211,3901600.0,28.011600494384766
2009-10-22,29.200000762939453,28.100000381469727,28.100000381469727,28.920000076293945,4598800.0,28.767597198486328
2009-10-23,29.360000610351562,28.350000381469727,29.25,28.5,2547000.0,28.349809646606445
2009-10-26,28.889999389648438,27.3799991607666,28.790000915527344,27.5,3670500.0,27.355077743530273
2009-10-27,29.040000915527344,27.200000762939453,27.59000015258789,28.6299991607666,5942400.0,28.479122161865234
2009-10-28,28.59000015258789,27.399999618530273,28.440000534057617,27.549999237060547,4555400.0,27.404813766479492
2009-10-29,28.950000762939453,27.700000762939453,27.700000762939453,28.729999542236328,4219400.0,28.578596115112305
2009-10-30,28.969999313354492,27.84000015258789,28.540000915527344,27.84000015258789,3621500.0,27.693286895751953
2009-11-02,28.549999237060547,27.56999969482422,27.93000030517578,28.030000686645508,3859200.0,27.88228416442871
2009-11-03,28.43000030517578,27.739999771118164,28.170000076293945,28.309999465942383,3007200.0,28.160810470581055
2009-11-04,30.989999771118164,29.149999618530273,29.260000228881836,29.780000686645508,7697900.0,29.623062133789062
2009-11-05,30.649999618530273,29.649999618530273,30.3700008392334,30.440000534057617,3455300.0,30.279584884643555
2009-11-06,30.959999084472656,29.729999542236328,29.729999542236328,30.8799991607666,3432400.0,30.717262268066406
2009-11-09,31.479999542236328,30.239999771118164,30.639999389648438,30.959999084472656,4767100.0,30.796842575073242
2009-11-10,31.25,30.700000762939453,30.90999984741211,30.950000762939453,2575700.0,30.786895751953125
2009-11-11,31.18000030517578,30.440000534057617,31.0,30.899999618530273,3503800.0,30.737157821655273
2009-11-12,31.0,30.079999923706055,30.860000610351562,30.219999313354492,2103500.0,30.060745239257812
2009-11-13,30.90999984741211,30.219999313354492,30.450000762939453,30.59000015258789,2058700.0,30.428796768188477
2009-11-16,31.510000228881836,30.610000610351562,30.780000686645508,30.93000030517578,4268300.0,30.767004013061523
2009-11-17,31.06999969482422,30.3700008392334,30.950000762939453,30.59000015258789,2718000.0,30.428796768188477
2009-11-18,30.770000457763672,30.1200008392334,30.549999237060547,30.18000030517578,2893600.0,30.020957946777344
2009-11-19,30.0,28.950000762939453,29.75,29.84000015258789,3993600.0,29.6827449798584
2009-11-20,30.170000076293945,29.459999084472656,29.459999084472656,30.030000686645508,2970500.0,29.871746063232422
2009-11-23,32.439998626708984,31.190000534057617,31.190000534057617,32.29999923706055,5951300.0,32.12977981567383
2009-11-24,32.79999923706055,31.899999618530273,32.25,32.79999923706055,3780900.0,32.62715148925781
2009-11-25,33.25,32.220001220703125,32.810001373291016,33.15999984741211,3200800.0,32.985252380371094
2009-11-27,32.7599983215332,31.770000457763672,32.08000183105469,32.63999938964844,1683200.0,32.467994689941406
2009-11-30,33.0,31.969999313354492,33.0,32.08000183105469,3620900.0,31.910945892333984
2009-12-01,33.52000045776367,32.08000183105469,32.22999954223633,33.08000183105469,4226000.0,32.90567398071289
2009-12-02,33.369998931884766,32.7599983215332,33.119998931884766,33.369998931884766,3110600.0,33.19414138793945
2009-12-03,33.540000915527344,32.150001525878906,33.47999954223633,32.22999954223633,3364200.0,32.06014633178711
2009-12-04,33.13999938964844,31.940000534057617,32.40999984741211,32.15999984741211,3544600.0,31.990522384643555
2009-12-07,33.84000015258789,31.979999542236328,31.979999542236328,33.2400016784668,4010700.0,33.06482696533203
2009-12-08,34.38999938964844,32.849998474121094,32.849998474121094,33.849998474121094,4924000.0,33.67161178588867
2009-12-09,34.86000061035156,33.279998779296875,34.09000015258789,33.54999923706055,6388200.0,33.373191833496094
2009-12-10,35.75,33.779998779296875,33.779998779296875,35.58000183105469,6448300.0,35.39249038696289
2009-12-11,36.0,35.20000076293945,35.52000045776367,35.560001373291016,2951200.0,35.37260818481445
2009-12-14,36.689998626708984,35.90999984741211,36.13999938964844,36.279998779296875,3510500.0,36.088809967041016
2009-12-15,36.95000076293945,35.560001373291016,36.27000045776367,36.04999923706055,3880400.0,35.860023498535156
2009-12-16,37.04999923706055,36.13999938964844,36.310001373291016,36.79999923706055,4532200.0,36.60606384277344
2009-12-17,36.650001525878906,35.540000915527344,36.27000045776367,36.060001373291016,2945700.0,35.86996841430664
2009-12-18,36.22999954223633,35.349998474121094,36.060001373291016,35.79999923706055,3917600.0,35.61133575439453
2009-12-21,38.119998931884766,36.189998626708984,36.189998626708984,37.189998626708984,4378500.0,36.994014739990234
2009-12-22,37.65999984741211,36.41999816894531,37.38999938964844,36.66999816894531,4316300.0,36.47675323486328
2009-12-23,37.189998626708984,36.45000076293945,36.970001220703125,36.4900016784668,2876300.0,36.29770278930664
2009-12-24,36.650001525878906,35.540000915527344,36.58000183105469,36.33000183105469,1697900.0,36.138545989990234
2009-12-28,36.619998931884766,35.709999084472656,36.2400016784668,36.060001373291016,2040500.0,35.86996841430664
2009-12-29,36.4900016784668,35.93000030517578,36.220001220703125,36.209999084472656,1473600.0,36.01918029785156
2009-12-30,36.06999969482422,35.529998779296875,36.06999969482422,35.81999969482422,1389900.0,35.63123321533203
2009-12-31,36.18000030517578,35.2599983215332,35.869998931884766,35.27000045776367,1112700.0,35.084129333496094
2010-01-04,36.40999984741211,35.18000030517578,35.27000045776367,36.369998931884766,3227300.0,36.17832946777344
2010-01-05,37.5,35.9900016784668,36.41999816894531,36.97999954223633,4564300.0,36.785118103027344
2010-01-06,37.560001373291016,36.540000915527344,36.939998626708984,36.900001525878906,2611900.0,36.705543518066406
2010-01-07,38.400001525878906,36.0,36.16999816894531,38.2599983215332,4950900.0,38.05836868286133
2010-01-08,38.36000061035156,37.5099983215332,38.36000061035156,37.970001220703125,2717900.0,37.76990509033203
2010-01-11,38.25,37.130001068115234,38.04999923706055,37.369998931884766,2409800.0,37.17306137084961
2010-01-12,37.369998931884766,36.13999938964844,37.2400016784668,36.540000915527344,4353800.0,36.34743881225586
2010-01-13,37.04999923706055,35.630001068115234,36.68000030517578,36.45000076293945,5431700.0,36.257904052734375
2010-01-14,36.91999816894531,35.869998931884766,36.31999969482422,36.77000045776367,3356200.0,36.57622528076172
2010-01-15,37.0,35.81999969482422,36.720001220703125,36.84000015258789,4148100.0,36.64585876464844
2010-01-19,38.880001068115234,37.0099983215332,37.15999984741211,37.91999816894531,7779800.0,37.72016143798828
2010-01-20,39.2599983215332,37.93000030517578,38.5,38.20000076293945,6612300.0,37.998695373535156
2010-01-21,38.86000061035156,36.95000076293945,38.310001373291016,37.04999923706055,4185900.0,36.8547477722168
2010-01-22,38.08000183105469,36.529998779296875,36.959999084472656,36.720001220703125,4325200.0,36.526493072509766
2010-01-25,37.209999084472656,36.29999923706055,37.209999084472656,36.349998474121094,3221000.0,36.1584358215332
2010-01-26,35.41999816894531,33.97999954223633,34.720001220703125,34.36000061035156,8537300.0,34.17892837524414
2010-01-27,34.97999954223633,33.75,34.209999084472656,34.59000015258789,4046400.0,34.407711029052734
2010-01-28,35.34000015258789,34.47999954223633,34.79999923706055,34.4900016784668,3673700.0,34.30824279785156
2010-01-29,34.63999938964844,33.709999084472656,34.529998779296875,33.77000045776367,2617100.0,33.592037200927734
2010-02-01,34.439998626708984,33.119998931884766,33.689998626708984,33.790000915527344,4718200.0,33.611934661865234
2010-02-02,35.36000061035156,33.63999938964844,33.83000183105469,35.2400016784668,4455400.0,35.054290771484375
2010-02-03,35.20000076293945,34.0,35.02000045776367,34.7599983215332,4012700.0,34.57681655883789
2010-02-04,35.63999938964844,33.09000015258789,34.630001068115234,33.52000045776367,6359800.0,33.343353271484375
2010-02-05,33.9900016784668,32.70000076293945,33.439998626708984,33.36000061035156,5361000.0,33.18419647216797
2010-02-08,33.84000015258789,32.72999954223633,33.2400016784668,33.08000183105469,2747900.0,32.90567398071289
2010-02-09,33.75,32.68000030517578,33.4900016784668,33.47999954223633,2863900.0,33.303558349609375
2010-02-10,33.5,32.56999969482422,33.31999969482422,33.060001373291016,3263900.0,32.88577651977539
2010-02-11,33.40999984741211,32.59000015258789,32.900001525878906,33.34000015258789,3037900.0,33.164302825927734
2010-02-12,32.93000030517578,32.27000045776367,32.869998931884766,32.7599983215332,4100000.0,32.58735656738281
2010-02-16,32.720001220703125,32.0,32.099998474121094,32.720001220703125,4182000.0,32.547576904296875
2010-02-17,33.720001220703125,32.630001068115234,32.630001068115234,33.189998626708984,5307200.0,33.01509094238281
2010-02-18,33.540000915527344,32.619998931884766,32.619998931884766,33.150001525878906,4585300.0,32.975303649902344
2010-02-19,33.0,32.5,32.95000076293945,32.79999923706055,2729800.0,32.62715148925781
2010-02-22,33.65999984741211,32.63999938964844,32.63999938964844,33.41999816894531,4063300.0,33.2438850402832
2010-02-23,33.34000015258789,32.619998931884766,33.150001525878906,33.0,3433000.0,32.82609558105469
2010-02-24,33.97999954223633,32.540000915527344,33.189998626708984,33.93000030517578,5177500.0,33.75119400024414
2010-02-25,34.20000076293945,32.9900016784668,33.529998779296875,33.869998931884766,4678000.0,33.69151306152344
2010-02-26,34.7599983215332,33.90999984741211,34.040000915527344,34.2599983215332,3212700.0,34.07945251464844
2010-03-01,34.9900016784668,34.029998779296875,34.58000183105469,34.58000183105469,3701100.0,34.397769927978516
2010-03-02,34.79999923706055,34.290000915527344,34.720001220703125,34.439998626708984,4178000.0,34.25850296020508
2010-03-03,35.06999969482422,34.209999084472656,34.5099983215332,34.689998626708984,3145300.0,34.5071907043457
2010-03-04,34.70000076293945,33.58000183105469,34.65999984741211,34.040000915527344,5001000.0,33.86061096191406
2010-03-05,34.81999969482422,33.97999954223633,34.119998931884766,34.77000045776367,3587800.0,34.586769104003906
2010-03-08,34.939998626708984,34.369998931884766,34.7599983215332,34.79999923706055,2347000.0,34.616607666015625
2010-03-09,34.58000183105469,33.779998779296875,33.79999923706055,34.04999923706055,3625400.0,33.909542083740234
2010-03-10,34.63999938964844,33.7400016784668,33.90999984741211,34.33000183105469,2762800.0,34.188385009765625
2010-03-11,34.9900016784668,33.880001068115234,34.18000030517578,34.95000076293945,3317900.0,34.805824279785156
2010-03-12,35.22999954223633,34.290000915527344,34.9900016784668,34.540000915527344,2432700.0,34.39751434326172
2010-03-15,34.439998626708984,33.45000076293945,34.400001525878906,34.290000915527344,2485500.0,34.1485481262207
2010-03-16,35.040000915527344,33.93000030517578,34.33000183105469,34.959999084472656,3322700.0,34.81578063964844
2010-03-17,35.09000015258789,34.41999816894531,35.09000015258789,34.83000183105469,2267400.0,34.68632125854492
2010-03-18,36.02000045776367,34.0,34.25,35.84000015258789,6015600.0,35.69215393066406
2010-03-19,38.0099983215332,35.9900016784668,37.08000183105469,37.08000183105469,7779700.0,36.92703628540039
2010-03-22,37.970001220703125,36.810001373291016,37.38999938964844,37.279998779296875,4975300.0,37.1262092590332
2010-03-23,37.470001220703125,36.66999816894531,37.41999816894531,36.939998626708984,3372900.0,36.78761672973633
2010-03-24,37.08000183105469,36.25,37.02000045776367,36.38999938964844,2617700.0,36.23988723754883
2010-03-25,36.849998474121094,36.029998779296875,36.83000183105469,36.099998474121094,3769200.0,35.95108413696289
2010-03-26,36.47999954223633,35.599998474121094,36.27000045776367,35.900001525878906,2684000.0,35.75190353393555
2010-03-29,36.43000030517578,35.779998779296875,36.040000915527344,36.349998474121094,1591900.0,36.20004653930664
2010-03-30,36.81999969482422,36.16999816894531,36.45000076293945,36.58000183105469,2405600.0,36.42910385131836
2010-03-31,36.66999816894531,36.060001373291016,36.459999084472656,36.58000183105469,2688200.0,36.42910385131836
2010-04-01,37.189998626708984,36.63999938964844,36.63999938964844,37.150001525878906,2346300.0,36.99674606323242
2010-04-05,37.61000061035156,36.970001220703125,37.33000183105469,37.0,2677900.0,36.84736251831055
2010-04-06,37.36000061035156,36.77000045776367,36.93000030517578,37.09000015258789,2011900.0,36.93699264526367
2010-04-07,36.970001220703125,35.88999938964844,36.970001220703125,36.25,3054900.0,36.100460052490234
2010-04-08,36.630001068115234,35.5,36.06999969482422,36.619998931884766,3895300.0,36.468929290771484
2010-04-09,36.70000076293945,36.150001525878906,36.54999923706055,36.630001068115234,3976700.0,36.4788932800293
2010-04-12,36.66999816894531,36.310001373291016,36.56999969482422,36.41999816894531,1864300.0,36.26975631713867
2010-04-13,36.29999923706055,35.220001220703125,36.27000045776367,35.709999084472656,4866200.0,35.562686920166016
2010-04-14,35.75,34.63999938964844,35.75,34.68000030517578,7120000.0,34.53693389892578
2010-04-15,34.880001068115234,34.060001373291016,34.68000030517578,34.720001220703125,5305800.0,34.57677459716797
2010-04-16,35.16999816894531,34.0,34.599998474121094,34.4900016784668,5123200.0,34.34772872924805
2010-04-19,35.70000076293945,34.279998779296875,34.279998779296875,35.29999923706055,4627100.0,35.15437698364258
2010-04-20,36.040000915527344,34.369998931884766,35.58000183105469,34.93000030517578,4115900.0,34.785911560058594
2010-04-21,35.08000183105469,33.810001373291016,34.91999816894531,34.0,4109800.0,33.859745025634766
2010-04-22,33.900001525878906,33.13999938964844,33.849998474121094,33.529998779296875,4793000.0,33.39167785644531
2010-04-23,34.209999084472656,33.279998779296875,33.41999816894531,33.9900016784668,4083900.0,33.84978485107422
2010-04-26,34.2400016784668,32.849998474121094,34.099998474121094,32.880001068115234,4320500.0,32.74436950683594
2010-04-27,33.279998779296875,32.16999816894531,32.5,32.36000061035156,7248800.0,32.22650909423828
2010-04-28,33.36000061035156,32.220001220703125,32.59000015258789,33.099998474121094,6623100.0,32.96345138549805
2010-04-29,34.58000183105469,33.18000030517578,33.18000030517578,33.810001373291016,5997100.0,33.6705207824707
2010-04-30,33.900001525878906,32.0,33.900001525878906,32.060001373291016,7562700.0,31.92774772644043
2010-05-03,32.77000045776367,31.899999618530273,32.38999938964844,32.720001220703125,6332300.0,32.58502960205078
2010-05-04,32.209999084472656,31.149999618530273,32.18000030517578,31.219999313354492,5226200.0,31.091209411621094
2010-05-05,32.2599983215332,30.780000686645508,30.780000686645508,32.0,7035100.0,31.867996215820312
2010-05-06,33.970001220703125,30.780000686645508,32.79999923706055,32.93000030517578,9088800.0,32.794158935546875
2010-05-07,33.060001373291016,30.969999313354492,33.060001373291016,31.389999389648438,8912100.0,31.260509490966797
2010-05-10,33.060001373291016,32.099998474121094,32.45000076293945,32.650001525878906,4642600.0,32.51530838012695
2010-05-11,33.650001525878906,32.16999816894531,32.29999923706055,33.130001068115234,3376400.0,32.99333572387695
2010-05-12,34.119998931884766,33.06999969482422,33.279998779296875,33.959999084472656,3249000.0,33.81990432739258
2010-05-13,34.599998474121094,33.5,33.720001220703125,33.84000015258789,4022200.0,33.700401306152344
2010-05-14,33.7599983215332,32.81999969482422,33.56999969482422,33.43000030517578,3297000.0,33.29209518432617
2010-05-17,33.880001068115234,32.869998931884766,33.33000183105469,33.66999816894531,2924800.0,33.53110122680664
2010-05-18,34.45000076293945,33.630001068115234,33.97999954223633,33.75,4323000.0,33.610774993896484
2010-05-19,34.31999969482422,33.439998626708984,33.5,33.7400016784668,3480200.0,33.60081481933594
2010-05-20,33.400001525878906,32.33000183105469,33.0,32.630001068115234,5477100.0,32.49539566040039
2010-05-21,33.15999984741211,31.8799991607666,31.989999771118164,32.650001525878906,4533400.0,32.51530838012695
2010-05-24,33.2400016784668,32.2599983215332,32.439998626708984,32.709999084472656,3057600.0,32.57506561279297
2010-05-25,32.189998626708984,31.219999313354492,31.610000610351562,32.15999984741211,6186700.0,32.0273323059082
2010-05-26,33.2599983215332,32.34000015258789,32.45000076293945,32.43000030517578,4027500.0,32.29622268676758
2010-05-27,33.709999084472656,32.720001220703125,33.189998626708984,33.68000030517578,2404100.0,33.54106140136719
2010-05-28,33.900001525878906,33.25,33.63999938964844,33.470001220703125,2789300.0,33.331932067871094
2010-06-01,33.970001220703125,32.81999969482422,33.06999969482422,32.86000061035156,3189700.0,32.724449157714844
2010-06-02,33.790000915527344,32.95000076293945,33.09000015258789,33.7599983215332,3289400.0,33.620723724365234
2010-06-03,34.86000061035156,33.70000076293945,33.959999084472656,34.79999923706055,3175400.0,34.65644073486328
2010-06-04,35.7599983215332,33.970001220703125,34.27000045776367,34.06999969482422,4178100.0,33.92945098876953
2010-06-07,34.72999954223633,33.220001220703125,34.029998779296875,33.90999984741211,3489900.0,33.77011489868164
2010-06-08,34.41999816894531,33.0099983215332,34.2599983215332,33.630001068115234,4762600.0,33.491268157958984
2010-06-09,34.15999984741211,33.130001068115234,33.869998931884766,33.290000915527344,2944900.0,33.152671813964844
2010-06-10,34.20000076293945,33.380001068115234,33.720001220703125,34.13999938964844,3104400.0,33.999168395996094
2010-06-11,34.540000915527344,33.540000915527344,33.77000045776367,34.4900016784668,2417900.0,34.34772872924805
2010-06-14,35.189998626708984,34.529998779296875,34.720001220703125,34.54999923706055,2957000.0,34.407470703125
2010-06-15,35.16999816894531,34.7400016784668,34.869998931884766,35.11000061035156,2226500.0,34.96516799926758
2010-06-16,35.4900016784668,34.75,34.79999923706055,35.189998626708984,1764300.0,35.04482650756836
2010-06-17,35.5,34.95000076293945,35.36000061035156,35.34000015258789,2370500.0,35.1942138671875
2010-06-18,35.470001220703125,35.06999969482422,35.38999938964844,35.209999084472656,2718100.0,35.064754486083984
2010-06-21,35.939998626708984,35.08000183105469,35.52000045776367,35.209999084472656,2179800.0,35.064754486083984
2010-06-22,35.40999984741211,34.11000061035156,35.130001068115234,34.209999084472656,4185400.0,34.068878173828125
2010-06-23,34.29999923706055,33.720001220703125,34.15999984741211,33.95000076293945,3243200.0,33.80995178222656
2010-06-24,34.13999938964844,33.279998779296875,33.779998779296875,33.34000015258789,2523800.0,33.20246887207031
2010-06-25,33.47999954223633,32.93000030517578,33.36000061035156,33.290000915527344,4592800.0,33.152671813964844
2010-06-28,33.72999954223633,33.09000015258789,33.29999923706055,33.189998626708984,2183500.0,33.05308532714844
2010-06-29,32.939998626708984,31.649999618530273,32.77000045776367,31.8700008392334,4941600.0,31.738529205322266
2010-06-30,31.969999313354492,30.950000762939453,31.670000076293945,31.059999465942383,4876900.0,30.931867599487305
2010-07-01,31.040000915527344,29.1200008392334,30.979999542236328,29.860000610351562,9695900.0,29.7368221282959
2010-07-02,30.15999984741211,29.579999923706055,29.989999771118164,29.770000457763672,3010600.0,29.647192001342773
2010-07-06,30.739999771118164,29.829999923706055,30.25,30.190000534057617,4533600.0,30.065460205078125
2010-07-07,31.270000457763672,30.170000076293945,30.420000076293945,30.700000762939453,7405500.0,30.57335662841797
2010-07-08,31.290000915527344,30.6299991607666,30.8700008392334,31.010000228881836,2986700.0,30.8820743560791
2010-07-09,31.350000381469727,30.8799991607666,31.1299991607666,31.290000915527344,2148900.0,31.160921096801758
2010-07-12,31.40999984741211,30.889999389648438,31.219999313354492,31.1299991607666,2646500.0,31.001583099365234
2010-07-13,31.709999084472656,31.239999771118164,31.43000030517578,31.3700008392334,2619900.0,31.24059295654297
2010-07-14,31.65999984741211,31.059999465942383,31.329999923706055,31.450000762939453,3576300.0,31.320261001586914
2010-07-15,31.920000076293945,30.8700008392334,31.5,31.610000610351562,3702100.0,31.47960090637207
2010-07-16,31.68000030517578,30.299999237060547,31.389999389648438,30.34000015258789,3732500.0,30.214839935302734
2010-07-19,31.290000915527344,30.459999084472656,30.510000228881836,31.149999618530273,2679600.0,31.021499633789062
2010-07-20,31.31999969482422,30.420000076293945,30.729999542236328,31.25,3722700.0,31.1210880279541
2010-07-21,31.5,30.510000228881836,31.479999542236328,30.690000534057617,3290200.0,30.56339454650879
2010-07-22,31.6299991607666,30.899999618530273,31.030000686645508,31.520000457763672,3399800.0,31.389972686767578
2010-07-23,31.540000915527344,30.81999969482422,31.399999618530273,31.010000228881836,3799300.0,30.8820743560791
2010-07-26,31.850000381469727,30.950000762939453,31.0,31.780000686645508,2197400.0,31.648902893066406
2010-07-27,32.04999923706055,31.459999084472656,31.989999771118164,31.530000686645508,2129400.0,31.399932861328125
2010-07-28,31.65999984741211,30.229999542236328,31.40999984741211,30.3700008392334,3677800.0,30.24471664428711
2010-07-29,31.020000457763672,30.229999542236328,30.6299991607666,30.6200008392334,2944900.0,30.493688583374023
2010-07-30,31.010000228881836,30.059999465942383,30.389999389648438,30.760000228881836,2607100.0,30.633108139038086
2010-08-02,31.649999618530273,30.989999771118164,31.280000686645508,31.59000015258789,2890100.0,31.45968246459961
2010-08-03,32.209999084472656,31.31999969482422,31.399999618530273,31.770000457763672,3151400.0,31.638944625854492
2010-08-04,32.369998931884766,31.719999313354492,31.799999237060547,32.150001525878906,3199300.0,32.01737594604492
2010-08-05,34.029998779296875,32.65999984741211,33.779998779296875,33.959999084472656,5912200.0,33.81990432739258
2010-08-06,34.560001373291016,33.52000045776367,33.619998931884766,34.38999938964844,3242500.0,34.24812698364258
2010-08-09,34.77000045776367,34.380001068115234,34.68000030517578,34.63999938964844,2547200.0,34.497100830078125
2010-08-10,35.0,34.13999938964844,34.349998474121094,34.86000061035156,2727200.0,34.71619415283203
2010-08-11,34.369998931884766,32.84000015258789,34.369998931884766,33.400001525878906,5760200.0,33.2622184753418
2010-08-12,33.560001373291016,32.779998779296875,33.150001525878906,33.41999816894531,2395800.0,33.282135009765625
2010-08-13,33.52000045776367,32.939998626708984,33.279998779296875,33.380001068115234,2110300.0,33.2422981262207
2010-08-16,33.43000030517578,32.54999923706055,33.13999938964844,33.369998931884766,2903000.0,33.23234176635742
2010-08-17,34.13999938964844,33.36000061035156,33.709999084472656,33.779998779296875,1982500.0,33.640655517578125
2010-08-18,33.959999084472656,33.31999969482422,33.709999084472656,33.77000045776367,3029100.0,33.63069534301758
2010-08-19,33.72999954223633,32.61000061035156,33.560001373291016,32.880001068115234,3367700.0,32.74436950683594
2010-08-20,32.95000076293945,32.099998474121094,32.61000061035156,32.40999984741211,1962900.0,32.27629852294922
2010-08-23,33.040000915527344,32.47999954223633,32.58000183105469,32.720001220703125,2619700.0,32.58502960205078
2010-08-24,32.4900016784668,31.770000457763672,32.29999923706055,31.770000457763672,2776900.0,31.638944625854492
2010-08-25,32.470001220703125,31.389999389648438,31.540000915527344,32.33000183105469,2164100.0,32.19662857055664
2010-08-26,32.75,31.90999984741211,32.4900016784668,32.0,1763000.0,31.867996215820312
2010-08-27,32.560001373291016,31.56999969482422,32.15999984741211,32.52000045776367,1816700.0,32.38584899902344
2010-08-30,32.75,31.90999984741211,32.41999816894531,31.90999984741211,1232600.0,31.778366088867188
2010-08-31,32.79999923706055,31.5,31.780000686645508,32.220001220703125,3526800.0,32.08708953857422
2010-09-01,33.58000183105469,32.38999938964844,32.68000030517578,33.56999969482422,2752400.0,33.431514739990234
2010-09-02,33.619998931884766,32.7400016784668,33.40999984741211,33.02000045776367,3325900.0,32.883785247802734
2010-09-03,33.91999816894531,33.279998779296875,33.34000015258789,33.7599983215332,1995100.0,33.620723724365234
2010-09-07,33.7400016784668,33.15999984741211,33.52000045776367,33.47999954223633,1457500.0,33.341880798339844
2010-09-08,33.720001220703125,33.349998474121094,33.47999954223633,33.650001525878906,1692200.0,33.51118469238281
2010-09-09,34.650001525878906,33.900001525878906,34.02000045776367,34.38999938964844,2885900.0,34.24812698364258
2010-09-10,34.689998626708984,34.20000076293945,34.47999954223633,34.63999938964844,1932200.0,34.497100830078125
2010-09-13,35.36000061035156,34.790000915527344,35.15999984741211,35.2599983215332,3383400.0,35.11454391479492
2010-09-14,35.38999938964844,34.90999984741211,35.2400016784668,35.06999969482422,2576000.0,34.92532730102539
2010-09-15,35.0,34.400001525878906,34.900001525878906,34.650001525878906,2900800.0,34.50706481933594
2010-09-16,34.70000076293945,34.25,34.599998474121094,34.63999938964844,1784100.0,34.497100830078125
2010-09-17,34.970001220703125,34.33000183105469,34.900001525878906,34.470001220703125,2055000.0,34.32780075073242
2010-09-20,35.04999923706055,34.43000030517578,34.5099983215332,34.97999954223633,1490200.0,34.83570098876953
2010-09-21,35.880001068115234,34.79999923706055,35.0,35.59000015258789,2260900.0,35.443180084228516
2010-09-22,35.70000076293945,35.08000183105469,35.5099983215332,35.470001220703125,2283400.0,35.32368087768555
2010-09-23,35.83000183105469,35.02000045776367,35.119998931884766,35.13999938964844,2027800.0,34.99503707885742
2010-09-24,36.0099983215332,35.56999969482422,35.650001525878906,36.0099983215332,2213900.0,35.8614501953125
2010-09-27,36.040000915527344,35.630001068115234,35.900001525878906,35.63999938964844,2010400.0,35.492977142333984
2010-09-28,35.7599983215332,35.34000015258789,35.68000030517578,35.540000915527344,2797300.0,35.39339065551758
2010-09-29,35.66999816894531,34.95000076293945,35.47999954223633,35.34000015258789,3037400.0,35.1942138671875
2010-09-30,35.9900016784668,35.400001525878906,35.650001525878906,35.779998779296875,3491900.0,35.63240051269531
2010-10-01,36.18000030517578,35.369998931884766,36.04999923706055,36.029998779296875,2715100.0,35.88136672973633
2010-10-04,36.04999923706055,34.95000076293945,35.91999816894531,35.15999984741211,2334200.0,35.014957427978516
2010-10-05,35.91999816894531,35.22999954223633,35.4900016784668,35.81999969482422,2594100.0,35.67223358154297
2010-10-06,36.040000915527344,34.33000183105469,35.470001220703125,34.58000183105469,3437200.0,34.43735122680664
2010-10-07,35.58000183105469,34.709999084472656,34.7599983215332,35.369998931884766,2378000.0,35.22408676147461
2010-10-08,35.54999923706055,34.9900016784668,35.38999938964844,35.41999816894531,1236900.0,35.27388381958008
2010-10-11,36.220001220703125,35.41999816894531,35.41999816894531,36.04999923706055,1538200.0,35.90129089355469
2010-10-12,36.29999923706055,35.58000183105469,35.95000076293945,36.130001068115234,2790300.0,35.980953216552734
2010-10-13,36.54999923706055,36.0,36.36000061035156,36.189998626708984,3778500.0,36.040706634521484
2010-10-14,36.630001068115234,35.630001068115234,36.189998626708984,35.95000076293945,3294600.0,35.801700592041016
2010-10-15,36.349998474121094,35.540000915527344,36.279998779296875,35.869998931884766,3641300.0,35.722023010253906
2010-10-18,35.95000076293945,35.27000045776367,35.81999969482422,35.709999084472656,3300900.0,35.562686920166016
2010-10-19,35.2400016784668,34.43000030517578,35.18000030517578,34.619998931884766,3314600.0,34.47719192504883
2010-10-20,35.599998474121094,34.619998931884766,34.63999938964844,35.310001373291016,1854100.0,35.164337158203125
2010-10-21,35.65999984741211,35.0099983215332,35.349998474121094,35.65999984741211,2516100.0,35.51289367675781
2010-10-22,36.40999984741211,35.58000183105469,35.65999984741211,36.16999816894531,2239000.0,36.020790100097656
2010-10-25,36.7400016784668,36.31999969482422,36.5099983215332,36.380001068115234,2357800.0,36.229923248291016
2010-10-26,36.380001068115234,35.869998931884766,36.15999984741211,36.130001068115234,2006100.0,35.980953216552734
2010-10-27,36.7599983215332,35.54999923706055,35.84000015258789,35.84000015258789,3782000.0,35.69215393066406
2010-10-28,36.29999923706055,35.34000015258789,36.119998931884766,35.65999984741211,2542500.0,35.51289367675781
2010-10-29,36.11000061035156,35.04999923706055,35.63999938964844,35.15999984741211,3755500.0,35.014957427978516
2010-11-01,35.810001373291016,34.869998931884766,35.31999969482422,35.380001068115234,3565800.0,35.23405075073242
2010-11-02,36.86000061035156,35.720001220703125,35.720001220703125,36.849998474121094,3824100.0,36.6979866027832
2010-11-03,37.47999954223633,36.2400016784668,36.849998474121094,36.81999969482422,3401400.0,36.66810989379883
2010-11-04,37.400001525878906,36.779998779296875,37.20000076293945,37.369998931884766,2172000.0,37.2158317565918
2010-11-05,37.83000183105469,36.88999938964844,37.47999954223633,37.36000061035156,3070700.0,37.20587921142578
2010-11-08,37.599998474121094,36.720001220703125,37.130001068115234,36.83000183105469,3727700.0,36.678070068359375
2010-11-09,37.0099983215332,36.38999938964844,36.880001068115234,36.560001373291016,3275700.0,36.409183502197266
2010-11-10,36.7400016784668,36.06999969482422,36.58000183105469,36.650001525878906,2890900.0,36.498809814453125
2010-11-11,37.119998931884766,36.279998779296875,36.369998931884766,37.0,2938800.0,36.84736251831055
2010-11-12,37.650001525878906,36.90999984741211,37.11000061035156,37.36000061035156,3050000.0,37.20587921142578
2010-11-15,37.52000045776367,36.439998626708984,37.369998931884766,36.459999084472656,3157400.0,36.309593200683594
2010-11-16,36.27000045776367,35.630001068115234,36.150001525878906,35.810001373291016,2208300.0,35.66227340698242
2010-11-17,36.310001373291016,35.459999084472656,35.880001068115234,36.2400016784668,2097400.0,36.09050369262695
2010-11-18,36.93000030517578,35.81999969482422,36.33000183105469,36.5,2086000.0,36.34942626953125
2010-11-19,37.47999954223633,36.099998474121094,36.400001525878906,37.45000076293945,4347800.0,37.29551315307617
2010-11-22,38.54999923706055,36.900001525878906,38.119998931884766,37.5099983215332,4988700.0,37.35525894165039
2010-11-23,37.189998626708984,36.16999816894531,37.09000015258789,36.36000061035156,3449500.0,36.21001052856445
2010-11-24,36.900001525878906,36.47999954223633,36.47999954223633,36.689998626708984,2004100.0,36.53864669799805
2010-11-26,36.65999984741211,36.0099983215332,36.2599983215332,36.209999084472656,1036000.0,36.06062316894531
2010-11-29,36.970001220703125,35.630001068115234,35.95000076293945,36.91999816894531,3442500.0,36.767696380615234
2010-11-30,37.099998474121094,36.349998474121094,36.59000015258789,36.810001373291016,3023100.0,36.65815734863281
2010-12-01,38.0,37.22999954223633,37.22999954223633,38.0,3866300.0,37.843238830566406
2010-12-02,38.34000015258789,37.7400016784668,37.9900016784668,38.2599983215332,3281400.0,38.102169036865234
2010-12-03,38.209999084472656,37.689998626708984,38.209999084472656,37.97999954223633,1845000.0,37.823326110839844
2010-12-06,38.060001373291016,37.529998779296875,37.95000076293945,37.560001373291016,2095000.0,37.40505599975586
2010-12-07,37.900001525878906,36.970001220703125,37.900001525878906,37.029998779296875,4459000.0,36.87724304199219
2010-12-08,37.25,36.70000076293945,37.04999923706055,36.93000030517578,2920100.0,36.77764892578125
2010-12-09,37.88999938964844,37.09000015258789,37.130001068115234,37.619998931884766,3328500.0,37.46480941772461
2010-12-10,37.88999938964844,37.529998779296875,37.77000045776367,37.650001525878906,1729100.0,37.49468231201172
2010-12-13,38.349998474121094,37.2599983215332,37.56999969482422,37.5,3711800.0,37.345306396484375
2010-12-14,37.790000915527344,37.02000045776367,37.540000915527344,37.150001525878906,2783800.0,36.99674606323242
2010-12-15,37.209999084472656,36.349998474121094,37.040000915527344,36.83000183105469,2814600.0,36.678070068359375
2010-12-16,36.91999816894531,35.95000076293945,36.849998474121094,36.34000015258789,3838900.0,36.190086364746094
2010-12-17,36.77000045776367,36.18000030517578,36.33000183105469,36.70000076293945,2769200.0,36.54860305786133
2010-12-20,36.86000061035156,36.5,36.849998474121094,36.7599983215332,1372400.0,36.608360290527344
2010-12-21,37.349998474121094,36.779998779296875,36.849998474121094,37.0,2679600.0,36.84736251831055
2010-12-22,37.06999969482422,36.540000915527344,36.970001220703125,36.650001525878906,1713300.0,36.498809814453125
2010-12-23,36.83000183105469,36.439998626708984,36.66999816894531,36.630001068115234,1265700.0,36.4788932800293
2010-12-27,36.599998474121094,36.15999984741211,36.45000076293945,36.54999923706055,806800.0,36.39922332763672
2010-12-28,36.650001525878906,36.27000045776367,36.56999969482422,36.599998474121094,1070400.0,36.44901657104492
2010-12-29,36.720001220703125,36.40999984741211,36.54999923706055,36.540000915527344,931700.0,36.38926696777344
2010-12-30,36.5,36.189998626708984,36.45000076293945,36.25,1377500.0,36.100460052490234
2010-12-31,36.810001373291016,36.220001220703125,36.2400016784668,36.65999984741211,1330200.0,36.508766174316406
2011-01-03,37.900001525878906,36.7599983215332,36.86000061035156,37.81999969482422,3245600.0,37.66398620605469
2011-01-04,37.91999816894531,37.369998931884766,37.779998779296875,37.47999954223633,2326100.0,37.32538986206055
2011-01-05,37.900001525878906,37.209999084472656,37.310001373291016,37.599998474121094,5450000.0,37.444889068603516
2011-01-06,39.13999938964844,37.97999954223633,38.18000030517578,39.0099983215332,5900600.0,38.84907531738281
2011-01-07,39.45000076293945,38.720001220703125,39.130001068115234,39.40999984741211,3762300.0,39.2474250793457
2011-01-10,39.40999984741211,38.849998474121094,39.130001068115234,39.279998779296875,2579200.0,39.11796188354492
2011-01-11,39.75,39.36000061035156,39.439998626708984,39.5,2805300.0,39.337059020996094
2011-01-12,39.75,39.150001525878906,39.75,39.31999969482422,2319000.0,39.15779495239258
2011-01-13,39.65999984741211,39.220001220703125,39.310001373291016,39.529998779296875,1733000.0,39.3669319152832
2011-01-14,40.439998626708984,39.220001220703125,39.40999984741211,40.029998779296875,2988100.0,39.8648681640625
2011-01-18,41.13999938964844,40.040000915527344,40.11000061035156,41.13999938964844,3869600.0,40.97029113769531
2011-01-19,41.029998779296875,40.209999084472656,40.90999984741211,40.40999984741211,2869700.0,40.24329376220703
2011-01-20,40.86000061035156,40.119998931884766,40.2599983215332,40.849998474121094,3454600.0,40.68148422241211
2011-01-21,41.04999923706055,40.58000183105469,40.88999938964844,40.970001220703125,3069600.0,40.800987243652344
2011-01-24,41.09000015258789,40.36000061035156,40.93000030517578,40.5099983215332,1740200.0,40.34288787841797
2011-01-25,41.77000045776367,40.18000030517578,40.459999084472656,41.619998931884766,4133100.0,41.44831085205078
2011-01-26,42.18000030517578,41.630001068115234,41.630001068115234,42.060001373291016,3293000.0,41.886497497558594
2011-01-27,42.66999816894531,41.900001525878906,41.93000030517578,42.54999923706055,2592300.0,42.374473571777344
2011-01-28,42.650001525878906,41.22999954223633,42.54999923706055,41.2599983215332,2522900.0,41.08979034423828
2011-01-31,42.029998779296875,41.31999969482422,41.400001525878906,42.02000045776367,3575100.0,41.846656799316406
2011-02-01,42.95000076293945,41.9900016784668,42.18000030517578,42.90999984741211,2615400.0,42.73298263549805
2011-02-02,42.7599983215332,42.11000061035156,42.68000030517578,42.2599983215332,3752500.0,42.08567428588867
2011-02-03,43.0,41.380001068115234,42.5099983215332,42.560001373291016,4005700.0,42.38442611694336
2011-02-04,44.0,42.13999938964844,43.2599983215332,42.83000183105469,2923400.0,42.653324127197266
2011-02-07,43.08000183105469,42.25,42.880001068115234,42.310001373291016,1667200.0,42.13546371459961
2011-02-08,42.869998931884766,42.15999984741211,42.369998931884766,42.65999984741211,1662700.0,42.48401641845703
2011-02-09,43.040000915527344,42.34000015258789,42.38999938964844,42.810001373291016,1573300.0,42.633399963378906
2011-02-10,43.15999984741211,42.58000183105469,42.619998931884766,43.0,1450400.0,42.82261657714844
2011-02-11,43.16999816894531,42.59000015258789,42.70000076293945,42.91999816894531,1150800.0,42.742942810058594
2011-02-14,43.06999969482422,42.66999816894531,42.939998626708984,42.970001220703125,929500.0,42.79274368286133
2011-02-15,42.869998931884766,42.36000061035156,42.65999984741211,42.47999954223633,1601000.0,42.30476379394531
2011-02-16,43.349998474121094,42.619998931884766,42.689998626708984,43.0099983215332,1320200.0,42.83257293701172
2011-02-17,43.709999084472656,42.65999984741211,42.959999084472656,43.52000045776367,1638600.0,43.34047317504883
2011-02-18,43.86000061035156,42.9900016784668,43.529998779296875,43.130001068115234,2024400.0,42.952083587646484
2011-02-22,43.13999938964844,42.02000045776367,42.77000045776367,42.20000076293945,2051400.0,42.02591323852539
2011-02-23,42.439998626708984,41.47999954223633,42.209999084472656,41.88999938964844,2655500.0,41.71718978881836
2011-02-24,42.0099983215332,41.060001373291016,41.790000915527344,41.529998779296875,2947700.0,41.35866928100586
2011-02-25,42.310001373291016,41.650001525878906,41.72999954223633,41.9900016784668,2491700.0,41.81678771972656
2011-02-28,42.47999954223633,41.68000030517578,42.11000061035156,42.06999969482422,2360400.0,41.896453857421875
2011-03-01,42.54999923706055,41.83000183105469,42.279998779296875,41.849998474121094,1526200.0,41.6773567199707
2011-03-02,42.970001220703125,41.75,41.81999969482422,42.43000030517578,2184600.0,42.254966735839844
2011-03-03,44.029998779296875,42.68000030517578,42.689998626708984,43.81999969482422,3508400.0,43.63923263549805
2011-03-04,43.90999984741211,42.91999816894531,43.08000183105469,43.81999969482422,2580100.0,43.63923263549805
2011-03-07,43.81999969482422,42.38999938964844,43.619998931884766,43.0,2423300.0,42.82261657714844
2011-03-08,43.66999816894531,42.95000076293945,43.0099983215332,43.470001220703125,2045600.0,43.290679931640625
2011-03-09,44.20000076293945,43.29999923706055,43.29999923706055,44.119998931884766,1888600.0,43.978458404541016
2011-03-10,43.7400016784668,42.790000915527344,43.58000183105469,42.939998626708984,2224100.0,42.80224609375
2011-03-11,43.599998474121094,42.58000183105469,42.959999084472656,43.56999969482422,3121800.0,43.43022537231445
2011-03-14,43.58000183105469,42.66999816894531,43.310001373291016,42.959999084472656,3395500.0,42.82217788696289
2011-03-15,42.650001525878906,40.72999954223633,40.83000183105469,42.400001525878906,2659300.0,42.263980865478516
2011-03-16,42.470001220703125,40.9900016784668,42.470001220703125,41.40999984741211,2260000.0,41.27715301513672
2011-03-17,42.13999938964844,41.290000915527344,41.97999954223633,41.720001220703125,1590700.0,41.58616638183594
2011-03-18,42.36000061035156,41.45000076293945,42.150001525878906,41.61000061035156,2751200.0,41.47651290893555
2011-03-21,42.20000076293945,41.790000915527344,42.16999816894531,41.959999084472656,1955200.0,41.82538604736328
2011-03-22,42.470001220703125,41.880001068115234,42.04999923706055,41.88999938964844,2216000.0,41.755611419677734
2011-03-23,41.81999969482422,41.09000015258789,41.81999969482422,41.439998626708984,2464600.0,41.30705642700195
2011-03-24,42.43000030517578,41.619998931884766,41.65999984741211,42.43000030517578,2043500.0,42.29388427734375
2011-03-25,43.16999816894531,42.36000061035156,42.4900016784668,42.599998474121094,1359500.0,42.46333312988281
2011-03-28,42.77000045776367,42.43000030517578,42.720001220703125,42.56999969482422,1044000.0,42.43343734741211
2011-03-29,42.84000015258789,42.52000045776367,42.58000183105469,42.7599983215332,1146200.0,42.622825622558594
2011-03-30,43.61000061035156,42.66999816894531,42.93000030517578,43.52000045776367,2006700.0,43.38039016723633
2011-03-31,44.290000915527344,43.369998931884766,43.869998931884766,44.279998779296875,3456900.0,44.1379508972168
2011-04-01,45.0,44.220001220703125,44.529998779296875,44.560001373291016,2876800.0,44.41705322265625
2011-04-04,44.880001068115234,44.36000061035156,44.779998779296875,44.439998626708984,1466500.0,44.29743194580078
2011-04-05,44.40999984741211,43.63999938964844,44.40999984741211,43.7599983215332,3056700.0,43.61961364746094
2011-04-06,43.959999084472656,43.220001220703125,43.91999816894531,43.84000015258789,2473200.0,43.699363708496094
2011-04-07,44.150001525878906,43.25,43.66999816894531,43.349998474121094,2831200.0,43.210933685302734
2011-04-08,43.7599983215332,42.900001525878906,43.5099983215332,43.130001068115234,1744700.0,42.99164581298828
2011-04-11,43.97999954223633,43.22999954223633,43.2400016784668,43.97999954223633,2814800.0,43.83890914916992
2011-04-12,44.790000915527344,43.630001068115234,43.7400016784668,44.650001525878906,3054400.0,44.50676345825195
2011-04-13,44.959999084472656,43.9900016784668,44.77000045776367,44.25,2224300.0,44.10804748535156
2011-04-14,44.38999938964844,43.4900016784668,44.0099983215332,44.33000183105469,1946300.0,44.18779373168945
2011-04-15,44.810001373291016,43.93000030517578,44.40999984741211,44.47999954223633,1870300.0,44.337310791015625
2011-04-18,43.95000076293945,42.880001068115234,43.900001525878906,43.13999938964844,1818400.0,43.00160217285156
2011-04-19,43.540000915527344,42.79999923706055,43.279998779296875,43.349998474121094,1660100.0,43.210933685302734
2011-04-20,44.02000045776367,43.689998626708984,43.91999816894531,43.880001068115234,2364500.0,43.739234924316406
2011-04-21,45.97999954223633,44.72999954223633,44.72999954223633,45.290000915527344,2742800.0,45.144710540771484
2011-04-25,45.400001525878906,44.810001373291016,45.2599983215332,45.29999923706055,1484100.0,45.15468215942383
2011-04-26,45.970001220703125,45.22999954223633,45.59000015258789,45.5,2500000.0,45.35403060913086
2011-04-27,46.0,45.33000183105469,45.689998626708984,45.91999816894531,2234000.0,45.77268600463867
2011-04-28,47.189998626708984,46.0,46.08000183105469,46.970001220703125,4131000.0,46.8193244934082
2011-04-29,47.029998779296875,46.45000076293945,47.029998779296875,46.83000183105469,2910900.0,46.67976760864258
2011-05-02,47.66999816894531,46.34000015258789,47.18000030517578,46.400001525878906,3804900.0,46.25115203857422
2011-05-03,46.599998474121094,46.06999969482422,46.41999816894531,46.5,2722800.0,46.350830078125
2011-05-04,46.720001220703125,45.470001220703125,46.59000015258789,45.91999816894531,4014500.0,45.77268600463867
2011-05-05,47.7400016784668,46.56999969482422,47.20000076293945,47.18000030517578,4339700.0,47.02864456176758
2011-05-06,47.7599983215332,46.66999816894531,47.650001525878906,46.880001068115234,3508800.0,46.72960662841797
2011-05-09,47.31999969482422,46.79999923706055,46.93000030517578,47.16999816894531,2551800.0,47.0186767578125
2011-05-10,47.599998474121094,46.93000030517578,47.31999969482422,47.43000030517578,1843700.0,47.27784729003906
2011-05-11,47.95000076293945,47.2400016784668,47.45000076293945,47.720001220703125,2701700.0,47.566917419433594
2011-05-12,48.16999816894531,46.849998474121094,47.529998779296875,48.04999923706055,2112500.0,47.895851135253906
2011-05-13,49.310001373291016,48.09000015258789,48.45000076293945,48.689998626708984,3206500.0,48.5338020324707
2011-05-16,49.20000076293945,48.119998931884766,48.40999984741211,48.58000183105469,1957300.0,48.424156188964844
2011-05-17,48.470001220703125,47.91999816894531,48.33000183105469,48.130001068115234,2649500.0,47.9755973815918
2011-05-18,49.65999984741211,48.08000183105469,48.310001373291016,49.650001525878906,2525700.0,49.49072265625
2011-05-19,49.900001525878906,49.31999969482422,49.709999084472656,49.529998779296875,3205900.0,49.3711051940918
2011-05-20,49.650001525878906,48.83000183105469,49.38999938964844,49.13999938964844,1719000.0,48.982357025146484
2011-05-23,48.779998779296875,47.93000030517578,48.779998779296875,48.4900016784668,1898800.0,48.33444595336914
2011-05-24,48.54999923706055,47.45000076293945,48.54999923706055,47.4900016784668,2676300.0,47.33765411376953
2011-05-25,47.81999969482422,47.279998779296875,47.4900016784668,47.47999954223633,2775400.0,47.32768630981445
2011-05-26,48.810001373291016,46.970001220703125,47.310001373291016,48.70000076293945,3595400.0,48.54377365112305
2011-05-27,49.47999954223633,48.529998779296875,48.66999816894531,49.470001220703125,2560900.0,49.31130599975586
2011-05-31,50.0,49.36000061035156,49.81999969482422,49.88999938964844,2712600.0,49.72995376586914
2011-06-01,50.45000076293945,49.16999816894531,49.869998931884766,49.18000030517578,3078500.0,49.0222282409668
2011-06-02,49.849998474121094,49.04999923706055,49.16999816894531,49.72999954223633,2059200.0,49.570465087890625
2011-06-03,49.81999969482422,48.95000076293945,49.13999938964844,49.61000061035156,2290100.0,49.45084762573242
2011-06-06,49.0099983215332,47.779998779296875,48.400001525878906,47.97999954223633,3383000.0,47.826080322265625
2011-06-07,49.04999923706055,48.18000030517578,48.33000183105469,48.22999954223633,2636300.0,48.075279235839844
2011-06-08,48.540000915527344,47.83000183105469,48.13999938964844,48.2400016784668,2403600.0,48.08525085449219
2011-06-09,50.70000076293945,48.459999084472656,48.4900016784668,50.400001525878906,4419200.0,50.23831558227539
2011-06-10,50.380001068115234,48.70000076293945,50.27000045776367,49.09000015258789,3207900.0,48.932518005371094
2011-06-13,49.599998474121094,48.81999969482422,49.13999938964844,49.2599983215332,1674000.0,49.10197830200195
2011-06-14,50.68000030517578,49.560001373291016,49.65999984741211,50.40999984741211,2864500.0,50.248287200927734
2011-06-15,50.529998779296875,49.150001525878906,49.880001068115234,49.220001220703125,2887800.0,49.062103271484375
2011-06-16,49.540000915527344,48.52000045776367,49.34000015258789,49.040000915527344,2976600.0,48.88268280029297
2011-06-17,49.7599983215332,48.7599983215332,49.45000076293945,48.88999938964844,2961500.0,48.73316192626953
2011-06-20,50.099998474121094,48.75,48.869998931884766,50.04999923706055,1953000.0,49.88943862915039
2011-06-21,50.83000183105469,50.130001068115234,50.56999969482422,50.5099983215332,2660500.0,50.34796142578125
2011-06-22,50.84000015258789,49.72999954223633,50.290000915527344,49.75,2156800.0,49.59040832519531
2011-06-23,49.52000045776367,48.15999984741211,49.16999816894531,49.31999969482422,2760500.0,49.161781311035156
2011-06-24,49.47999954223633,48.41999816894531,49.40999984741211,48.41999816894531,3437200.0,48.264671325683594
2011-06-27,49.529998779296875,48.099998474121094,48.619998931884766,49.40999984741211,1946000.0,49.25149154663086
2011-06-28,51.15999984741211,49.470001220703125,49.54999923706055,51.13999938964844,3285800.0,50.9759407043457
2011-06-29,51.540000915527344,50.709999084472656,51.27000045776367,51.27000045776367,3628500.0,51.105525970458984
2011-06-30,51.810001373291016,51.16999816894531,51.400001525878906,51.43000030517578,3156300.0,51.26500701904297
2011-07-01,52.209999084472656,51.33000183105469,51.4900016784668,52.20000076293945,2533200.0,52.03253936767578
2011-07-05,52.290000915527344,51.59000015258789,52.2400016784668,52.09000015258789,1889100.0,51.92289733886719
2011-07-06,52.130001068115234,51.58000183105469,51.849998474121094,52.040000915527344,2382300.0,51.8730583190918
2011-07-07,52.5,51.209999084472656,52.470001220703125,51.86000061035156,2081700.0,51.693634033203125
2011-07-08,51.88999938964844,50.939998626708984,51.310001373291016,51.849998474121094,1617300.0,51.68366241455078
2011-07-11,51.16999816894531,50.02000045776367,51.119998931884766,50.150001525878906,2584200.0,49.98912048339844
2011-07-12,50.959999084472656,50.099998474121094,50.119998931884766,50.349998474121094,1758100.0,50.1884765625
2011-07-13,51.790000915527344,50.599998474121094,50.720001220703125,51.119998931884766,2184200.0,50.95600509643555
2011-07-14,52.5,51.08000183105469,51.119998931884766,52.060001373291016,3922600.0,51.89299011230469
2011-07-15,52.77000045776367,51.349998474121094,52.16999816894531,51.65999984741211,3368800.0,51.4942741394043
2011-07-18,52.18000030517578,50.61000061035156,51.61000061035156,51.61000061035156,2827100.0,51.444435119628906
2011-07-19,51.83000183105469,50.849998474121094,51.83000183105469,51.529998779296875,2707100.0,51.364688873291016
2011-07-20,52.43000030517578,51.29999923706055,51.84000015258789,51.900001525878906,2333900.0,51.7335090637207
2011-07-21,52.95000076293945,52.11000061035156,52.36000061035156,52.54999923706055,2068400.0,52.38142013549805
2011-07-22,52.720001220703125,52.15999984741211,52.470001220703125,52.619998931884766,1545600.0,52.45119094848633
2011-07-25,52.900001525878906,51.95000076293945,52.459999084472656,52.0099983215332,1421800.0,51.84314727783203
2011-07-26,52.27000045776367,51.45000076293945,51.84000015258789,51.560001373291016,1976800.0,51.394596099853516
2011-07-27,51.36000061035156,49.86000061035156,51.189998626708984,50.0099983215332,3519000.0,49.84956359863281
2011-07-28,51.369998931884766,49.9900016784668,50.150001525878906,50.209999084472656,1768500.0,50.04892349243164
2011-07-29,50.279998779296875,48.279998779296875,49.689998626708984,49.77000045776367,3400100.0,49.61033630371094
2011-08-01,50.38999938964844,46.68000030517578,50.29999923706055,47.630001068115234,7017600.0,47.477203369140625
2011-08-02,47.97999954223633,45.790000915527344,47.38999938964844,46.0099983215332,7245400.0,45.86240005493164
2011-08-03,46.650001525878906,44.40999984741211,46.02000045776367,46.54999923706055,4881600.0,46.400665283203125
2011-08-04,47.119998931884766,45.2599983215332,46.349998474121094,45.5,6296000.0,45.35403060913086
2011-08-05,46.29999923706055,44.290000915527344,45.63999938964844,45.189998626708984,5534000.0,45.04502868652344
2011-08-08,43.939998626708984,40.2400016784668,43.77000045776367,40.25,6784300.0,40.12087631225586
2011-08-09,43.470001220703125,40.5,40.84000015258789,43.470001220703125,6224900.0,43.33055114746094
2011-08-10,43.02000045776367,40.81999969482422,42.29999923706055,40.97999954223633,5607800.0,40.84853744506836
2011-08-11,43.33000183105469,40.400001525878906,40.560001373291016,42.83000183105469,5286800.0,42.692604064941406
2011-08-12,44.310001373291016,42.88999938964844,43.4900016784668,43.790000915527344,3074200.0,43.64952087402344
2011-08-15,45.310001373291016,43.59000015258789,44.040000915527344,44.7599983215332,3478700.0,44.61640548706055
2011-08-16,44.63999938964844,43.70000076293945,44.33000183105469,44.13999938964844,2958500.0,43.99839782714844
2011-08-17,44.90999984741211,43.619998931884766,44.52000045776367,44.119998931884766,1731300.0,43.978458404541016
2011-08-18,43.11000061035156,41.869998931884766,42.77000045776367,42.369998931884766,6448500.0,42.234073638916016
2011-08-19,42.900001525878906,41.33000183105469,41.41999816894531,41.650001525878906,5328500.0,41.516387939453125
2011-08-22,42.720001220703125,41.810001373291016,42.63999938964844,42.029998779296875,2642900.0,41.89516830444336
2011-08-23,43.880001068115234,41.52000045776367,42.130001068115234,43.83000183105469,2967600.0,43.68939208984375
2011-08-24,44.880001068115234,43.2400016784668,43.56999969482422,44.86000061035156,3090200.0,44.71608352661133
2011-08-25,45.34000015258789,43.970001220703125,44.88999938964844,44.290000915527344,3044500.0,44.14791488647461
2011-08-26,45.0,42.720001220703125,44.0,44.86000061035156,3388400.0,44.71608352661133
2011-08-29,46.08000183105469,44.95000076293945,45.5,46.08000183105469,1539700.0,45.93217468261719
2011-08-30,46.970001220703125,45.63999938964844,45.77000045776367,46.70000076293945,2523000.0,46.55018615722656
2011-08-31,48.15999984741211,46.2400016784668,46.93000030517578,46.7400016784668,3248800.0,46.59006118774414
2011-09-01,47.81999969482422,46.06999969482422,46.79999923706055,46.16999816894531,2364200.0,46.021888732910156
2011-09-02,45.91999816894531,44.77000045776367,45.189998626708984,44.84000015258789,1668100.0,44.6961555480957
2011-09-06,44.720001220703125,43.09000015258789,43.310001373291016,44.40999984741211,2265400.0,44.26753234863281
2011-09-07,46.45000076293945,44.86000061035156,45.279998779296875,46.310001373291016,1977000.0,46.16143798828125
2011-09-08,46.779998779296875,45.130001068115234,45.599998474121094,45.20000076293945,2816500.0,45.05500030517578
2011-09-09,44.83000183105469,42.709999084472656,44.689998626708984,42.880001068115234,4529400.0,42.7424430847168
2011-09-12,43.7400016784668,42.22999954223633,42.25,43.68000030517578,4157900.0,43.539878845214844
2011-09-13,45.400001525878906,43.84000015258789,43.939998626708984,45.09000015258789,4591900.0,44.945350646972656
2011-09-14,46.540000915527344,44.27000045776367,45.060001373291016,45.83000183105469,3790100.0,45.6829833984375
2011-09-15,46.7400016784668,45.34000015258789,46.43000030517578,46.59000015258789,2971100.0,46.4405403137207
2011-09-16,46.970001220703125,45.560001373291016,46.68000030517578,46.400001525878906,3058300.0,46.25115203857422
2011-09-19,46.25,45.290000915527344,45.5099983215332,46.02000045776367,2809100.0,45.87236785888672
2011-09-20,46.9900016784668,45.189998626708984,45.970001220703125,45.630001068115234,2791700.0,45.48361587524414
2011-09-21,45.95000076293945,43.599998474121094,45.56999969482422,43.619998931884766,2878200.0,43.48006820678711
2011-09-22,43.060001373291016,41.45000076293945,42.529998779296875,41.959999084472656,4568900.0,41.82538604736328
2011-09-23,42.68000030517578,41.22999954223633,41.70000076293945,42.2599983215332,3353500.0,42.12443542480469
2011-09-26,43.34000015258789,41.630001068115234,42.72999954223633,43.279998779296875,2397400.0,43.14115905761719
2011-09-27,45.0,43.459999084472656,43.7400016784668,44.22999954223633,3046400.0,44.088111877441406
2011-09-28,44.2599983215332,42.189998626708984,44.25,42.2400016784668,2482100.0,42.1044921875
2011-09-29,43.439998626708984,41.380001068115234,43.18000030517578,42.52000045776367,2709100.0,42.38359451293945
2011-09-30,43.13999938964844,41.709999084472656,41.9900016784668,41.939998626708984,3278800.0,41.805458068847656
2011-10-03,42.119998931884766,39.59000015258789,41.380001068115234,39.97999954223633,4481000.0,39.851741790771484
2011-10-04,40.790000915527344,38.790000915527344,39.16999816894531,40.63999938964844,4400000.0,40.50962448120117
2011-10-05,41.709999084472656,40.279998779296875,40.79999923706055,41.599998474121094,2919500.0,41.46654510498047
2011-10-06,42.45000076293945,41.2400016784668,41.720001220703125,42.43000030517578,2633800.0,42.29388427734375
2011-10-07,42.810001373291016,41.52000045776367,42.79999923706055,41.97999954223633,2801000.0,41.84532928466797
2011-10-10,43.70000076293945,42.7599983215332,42.86000061035156,43.43000030517578,1690800.0,43.290672302246094
2011-10-11,43.720001220703125,42.91999816894531,43.220001220703125,43.619998931884766,1637500.0,43.48006820678711
2011-10-12,45.27000045776367,43.900001525878906,44.0099983215332,44.45000076293945,2631100.0,44.30740737915039
2011-10-13,44.36000061035156,42.790000915527344,43.970001220703125,43.29999923706055,2773700.0,43.16109085083008
2011-10-14,44.77000045776367,43.959999084472656,44.119998931884766,44.70000076293945,2071700.0,44.55659866333008
2011-10-17,44.58000183105469,43.7400016784668,44.33000183105469,43.84000015258789,1688500.0,43.699363708496094
2011-10-18,43.939998626708984,41.38999938964844,43.33000183105469,43.43000030517578,3792300.0,43.290672302246094
2011-10-19,44.099998474121094,43.0,43.4900016784668,43.189998626708984,2422300.0,43.051448822021484
2011-10-20,44.310001373291016,42.880001068115234,43.47999954223633,44.20000076293945,2304600.0,44.05820846557617
2011-10-21,45.15999984741211,44.099998474121094,44.619998931884766,44.70000076293945,3087300.0,44.55659866333008
2011-10-24,47.540000915527344,44.08000183105469,47.0,45.34000015258789,9314500.0,45.194549560546875
2011-10-25,45.81999969482422,44.349998474121094,44.83000183105469,44.91999816894531,4261300.0,44.77589416503906
2011-10-26,45.83000183105469,44.709999084472656,45.66999816894531,45.27000045776367,5098200.0,45.12477493286133
2011-10-27,47.619998931884766,45.880001068115234,47.15999984741211,47.369998931884766,3919700.0,47.21803665161133
2011-10-28,47.150001525878906,45.86000061035156,46.77000045776367,46.630001068115234,4197600.0,46.480411529541016
2011-10-31,46.619998931884766,44.2400016784668,46.349998474121094,44.34000015258789,4893500.0,44.19775390625
2011-11-01,43.63999938964844,42.369998931884766,42.900001525878906,43.18000030517578,4106400.0,43.04147720336914
2011-11-02,44.15999984741211,42.33000183105469,44.15999984741211,42.65999984741211,4035800.0,42.52314758300781
2011-11-03,43.349998474121094,41.4900016784668,43.33000183105469,42.779998779296875,4809300.0,42.64276123046875
2011-11-04,43.09000015258789,41.81999969482422,42.380001068115234,42.9900016784668,2417700.0,42.85208511352539
2011-11-07,43.150001525878906,41.869998931884766,42.61000061035156,42.63999938964844,2323600.0,42.50320816040039
2011-11-08,43.70000076293945,42.41999816894531,42.77000045776367,43.5099983215332,3002900.0,43.370418548583984
2011-11-09,42.900001525878906,41.970001220703125,42.689998626708984,42.470001220703125,4231400.0,42.33375549316406
2011-11-10,43.290000915527344,42.290000915527344,43.130001068115234,43.189998626708984,3685200.0,43.051448822021484
2011-11-11,44.560001373291016,43.56999969482422,43.56999969482422,43.77000045776367,1946300.0,43.62959289550781
2011-11-14,43.900001525878906,43.380001068115234,43.470001220703125,43.7400016784668,1934200.0,43.59968948364258
2011-11-15,44.43000030517578,43.34000015258789,43.540000915527344,44.2400016784668,2622700.0,44.098079681396484
2011-11-16,44.0,42.599998474121094,43.70000076293945,42.75,5573100.0,42.61286163330078
2011-11-17,43.470001220703125,42.04999923706055,42.939998626708984,42.5099983215332,18379900.0,42.37362289428711
2011-11-18,42.77000045776367,41.97999954223633,42.68000030517578,42.09000015258789,4700900.0,41.95497512817383
2011-11-21,42.58000183105469,41.220001220703125,42.02000045776367,42.31999969482422,4242000.0,42.184234619140625
2011-11-22,42.5,41.5,42.36000061035156,41.97999954223633,2880200.0,41.84532928466797
2011-11-23,41.4900016784668,40.779998779296875,41.369998931884766,40.779998779296875,2759900.0,40.6491813659668
2011-11-25,41.380001068115234,40.560001373291016,40.560001373291016,40.91999816894531,1272100.0,40.788726806640625
2011-11-28,42.29999923706055,41.4900016784668,42.150001525878906,41.86000061035156,2211400.0,41.72571563720703
2011-11-29,42.52000045776367,41.88999938964844,41.91999816894531,42.060001373291016,2212100.0,41.92507553100586
2011-11-30,44.2599983215332,42.7599983215332,42.88999938964844,44.22999954223633,3801600.0,44.088111877441406
2011-12-01,44.43000030517578,43.529998779296875,43.810001373291016,43.59000015258789,2815200.0,43.450164794921875
2011-12-02,44.029998779296875,42.650001525878906,44.0,43.06999969482422,2818200.0,42.93183135986328
2011-12-05,44.470001220703125,43.290000915527344,43.95000076293945,43.4900016784668,2306100.0,43.350486755371094
2011-12-06,43.66999816894531,42.970001220703125,43.66999816894531,43.16999816894531,1984000.0,43.0315055847168
2011-12-07,43.459999084472656,42.439998626708984,42.70000076293945,43.20000076293945,3117500.0,43.06141662597656
2011-12-08,43.040000915527344,42.2400016784668,42.9900016784668,42.31999969482422,2851100.0,42.184234619140625
2011-12-09,43.25,42.380001068115234,42.58000183105469,42.61000061035156,4806600.0,42.47331237792969
2011-12-12,42.47999954223633,41.849998474121094,42.369998931884766,42.34000015258789,2258700.0,42.20417785644531
2011-12-13,43.060001373291016,42.54999923706055,42.599998474121094,42.779998779296875,3954400.0,42.64276123046875
2011-12-14,42.84000015258789,42.40999984741211,42.540000915527344,42.56999969482422,3463100.0,42.43343734741211
2011-12-15,43.939998626708984,42.630001068115234,43.040000915527344,42.7400016784668,2074600.0,42.60289001464844
2011-12-16,43.4900016784668,42.18000030517578,43.040000915527344,42.380001068115234,4647200.0,42.244041442871094
2011-12-19,42.720001220703125,40.849998474121094,42.47999954223633,40.849998474121094,2893300.0,40.71895217895508
2011-12-20,42.4900016784668,41.54999923706055,41.54999923706055,42.16999816894531,2876500.0,42.03472137451172
2011-12-21,42.599998474121094,41.4900016784668,42.31999969482422,42.209999084472656,2348300.0,42.07459259033203
2011-12-22,43.15999984741211,42.310001373291016,42.41999816894531,43.08000183105469,1726900.0,42.94179916381836
2011-12-23,43.349998474121094,43.08000183105469,43.290000915527344,43.130001068115234,1541200.0,42.99164581298828
2011-12-27,43.63999938964844,43.150001525878906,43.150001525878906,43.529998779296875,1751700.0,43.39035415649414
2011-12-28,43.58000183105469,42.150001525878906,43.470001220703125,42.209999084472656,2201300.0,42.07459259033203
2011-12-29,42.56999969482422,42.16999816894531,42.189998626708984,42.290000915527344,1309500.0,42.15433883666992
2011-12-30,42.36000061035156,41.9900016784668,42.36000061035156,42.0,942100.0,41.865264892578125
2012-01-03,43.47999954223633,42.81999969482422,42.81999969482422,43.22999954223633,2292700.0,43.09131622314453
2012-01-04,43.43000030517578,42.720001220703125,43.02000045776367,43.209999084472656,1773700.0,43.071380615234375
2012-01-05,43.38999938964844,42.7599983215332,43.150001525878906,43.209999084472656,2206200.0,43.071380615234375
2012-01-06,44.34000015258789,43.119998931884766,43.189998626708984,43.61000061035156,2436600.0,43.47010040283203
2012-01-09,43.90999984741211,43.20000076293945,43.7400016784668,43.779998779296875,2296100.0,43.63955307006836
2012-01-10,45.70000076293945,43.84000015258789,44.13999938964844,45.66999816894531,6217900.0,45.52349090576172
2012-01-11,45.95000076293945,45.279998779296875,45.54999923706055,45.7599983215332,2211700.0,45.61320114135742
2012-01-12,45.849998474121094,45.040000915527344,45.63999938964844,45.380001068115234,2322300.0,45.23442840576172
2012-01-13,45.619998931884766,44.5099983215332,44.91999816894531,45.61000061035156,3705200.0,45.463687896728516
2012-01-17,47.5,45.81999969482422,45.81999969482422,46.66999816894531,5118600.0,46.52028274536133
2012-01-18,47.09000015258789,46.22999954223633,46.58000183105469,46.939998626708984,3315600.0,46.78942108154297
2012-01-19,46.869998931884766,46.0099983215332,46.72999954223633,46.279998779296875,4246200.0,46.131534576416016
2012-01-20,46.540000915527344,45.7599983215332,46.41999816894531,46.13999938964844,2295300.0,45.991981506347656
2012-01-23,46.77000045776367,45.75,46.09000015258789,45.880001068115234,2013300.0,45.732818603515625
2012-01-24,45.900001525878906,45.02000045776367,45.59000015258789,45.38999938964844,3048600.0,45.24439239501953
2012-01-25,45.90999984741211,43.86000061035156,44.70000076293945,45.77000045776367,3622800.0,45.623165130615234
2012-01-26,46.130001068115234,43.9900016784668,46.130001068115234,44.099998474121094,3823000.0,43.958526611328125
2012-01-27,45.56999969482422,43.93000030517578,43.9900016784668,45.18000030517578,2992600.0,45.03506088256836
2012-01-30,44.95000076293945,44.20000076293945,44.900001525878906,44.5,3504900.0,44.35723876953125
2012-01-31,45.779998779296875,44.72999954223633,44.75,44.83000183105469,4800900.0,44.686187744140625
2012-02-01,46.029998779296875,44.900001525878906,45.0,45.68000030517578,5777900.0,45.53345489501953
2012-02-02,44.459999084472656,41.13999938964844,42.34000015258789,44.130001068115234,16708000.0,43.988433837890625
2012-02-03,44.06999969482422,43.2599983215332,44.06999969482422,43.54999923706055,7466900.0,43.4102897644043
2012-02-06,43.25,42.369998931884766,43.18000030517578,42.91999816894531,4718500.0,42.78230667114258
2012-02-07,43.349998474121094,42.7599983215332,42.900001525878906,43.2400016784668,5521300.0,43.101287841796875
2012-02-08,43.72999954223633,43.11000061035156,43.310001373291016,43.349998474121094,4820200.0,43.210933685302734
2012-02-09,43.900001525878906,43.099998474121094,43.31999969482422,43.540000915527344,3074800.0,43.40032196044922
2012-02-10,43.720001220703125,43.08000183105469,43.22999954223633,43.540000915527344,2254600.0,43.40032196044922
2012-02-13,43.7400016784668,42.869998931884766,43.540000915527344,43.18000030517578,3951400.0,43.04147720336914
2012-02-14,44.0,43.11000061035156,43.11000061035156,43.9900016784668,2431900.0,43.848880767822266
2012-02-15,44.790000915527344,44.0,44.25,44.130001068115234,4026800.0,43.988433837890625
2012-02-16,44.709999084472656,44.06999969482422,44.150001525878906,44.70000076293945,2203600.0,44.55659866333008
2012-02-17,45.31999969482422,44.779998779296875,45.11000061035156,44.93000030517578,3087100.0,44.785865783691406
2012-02-21,46.029998779296875,45.099998474121094,45.18000030517578,45.369998931884766,3552700.0,45.224449157714844
2012-02-22,45.599998474121094,44.93000030517578,45.20000076293945,45.13999938964844,3225600.0,44.99518966674805
2012-02-23,45.15999984741211,44.560001373291016,44.9900016784668,44.83000183105469,2330900.0,44.686187744140625
2012-02-24,45.380001068115234,44.79999923706055,44.79999923706055,45.09000015258789,2585900.0,44.945350646972656
2012-02-27,45.31999969482422,44.630001068115234,44.86000061035156,44.63999938964844,3229700.0,44.496795654296875
2012-02-28,44.70000076293945,44.16999816894531,44.70000076293945,44.34000015258789,3139400.0,44.19775390625
2012-02-29,44.52000045776367,43.869998931884766,44.29999923706055,44.11000061035156,2182900.0,43.96849822998047
2012-03-01,44.66999816894531,43.900001525878906,44.22999954223633,44.540000915527344,2227800.0,44.397117614746094
2012-03-02,44.65999984741211,43.880001068115234,44.27000045776367,44.20000076293945,1777500.0,44.05820846557617
2012-03-05,44.900001525878906,43.869998931884766,43.869998931884766,44.45000076293945,2888200.0,44.30740737915039
2012-03-06,44.18000030517578,43.060001373291016,43.65999984741211,43.279998779296875,3005300.0,43.14115905761719
2012-03-07,43.75,43.209999084472656,43.31999969482422,43.58000183105469,2642100.0,43.44019317626953
2012-03-08,44.310001373291016,43.54999923706055,43.560001373291016,44.119998931884766,2893600.0,44.018863677978516
2012-03-09,45.27000045776367,44.41999816894531,44.72999954223633,45.18000030517578,3707500.0,45.07643508911133
2012-03-12,45.16999816894531,44.7400016784668,45.040000915527344,44.779998779296875,3123000.0,44.67735290527344
2012-03-13,46.099998474121094,44.790000915527344,44.81999969482422,46.040000915527344,4579600.0,45.93446350097656
2012-03-14,46.849998474121094,45.83000183105469,45.939998626708984,46.70000076293945,4879500.0,46.592960357666016
2012-03-15,47.04999923706055,46.43000030517578,46.7599983215332,46.810001373291016,3180100.0,46.70269775390625
2012-03-16,47.220001220703125,46.7599983215332,47.130001068115234,46.81999969482422,2838100.0,46.71267318725586
2012-03-19,47.45000076293945,46.79999923706055,46.88999938964844,47.119998931884766,3192200.0,47.01198959350586
2012-03-20,46.9900016784668,46.36000061035156,46.84000015258789,46.47999954223633,1908100.0,46.37345886230469
2012-03-21,46.459999084472656,45.97999954223633,46.369998931884766,46.119998931884766,2188900.0,46.014286041259766
2012-03-22,45.86000061035156,45.38999938964844,45.7400016784668,45.560001373291016,2781600.0,45.45556640625
2012-03-23,45.970001220703125,45.38999938964844,45.40999984741211,45.84000015258789,2450000.0,45.73492431640625
2012-03-26,46.9900016784668,46.130001068115234,46.18000030517578,46.970001220703125,2951600.0,46.862335205078125
2012-03-27,47.290000915527344,46.4900016784668,47.11000061035156,47.15999984741211,3362900.0,47.05189895629883
2012-03-28,47.79999923706055,46.4900016784668,47.20000076293945,47.06999969482422,3337300.0,46.96210479736328
2012-03-29,49.310001373291016,46.5099983215332,46.720001220703125,48.970001220703125,7391800.0,48.857749938964844
2012-03-30,49.88999938964844,48.75,49.25,49.25,4383000.0,49.137107849121094
2012-04-02,49.61000061035156,48.83000183105469,49.02000045776367,49.43000030517578,3132200.0,49.316688537597656
2012-04-03,49.630001068115234,48.77000045776367,49.22999954223633,48.939998626708984,2729600.0,48.82781219482422
2012-04-04,49.0,48.349998474121094,48.599998474121094,48.79999923706055,3300300.0,48.688140869140625
2012-04-05,49.11000061035156,48.439998626708984,48.61000061035156,48.9900016784668,1624300.0,48.877708435058594
2012-04-09,48.189998626708984,47.75,48.189998626708984,47.90999984741211,1844300.0,47.8001823425293
2012-04-10,48.0,47.16999816894531,47.790000915527344,47.38999938964844,3072300.0,47.281368255615234
2012-04-11,48.099998474121094,47.470001220703125,47.81999969482422,47.58000183105469,2802700.0,47.4709358215332
2012-04-12,48.41999816894531,47.540000915527344,47.54999923706055,48.41999816894531,2482500.0,48.30900955200195
2012-04-13,48.599998474121094,47.9900016784668,48.18000030517578,48.310001373291016,2792100.0,48.19926071166992
2012-04-16,48.43000030517578,47.45000076293945,48.43000030517578,47.68000030517578,2671900.0,47.570701599121094
2012-04-17,48.34000015258789,47.77000045776367,48.209999084472656,48.220001220703125,3342800.0,48.109466552734375
2012-04-18,48.400001525878906,47.58000183105469,47.97999954223633,48.209999084472656,1983700.0,48.099491119384766
2012-04-19,48.630001068115234,47.79999923706055,48.22999954223633,48.0099983215332,3714700.0,47.89994812011719
2012-04-20,48.470001220703125,47.880001068115234,48.150001525878906,48.02000045776367,3867400.0,47.9099235534668
2012-04-23,48.16999816894531,47.459999084472656,47.58000183105469,48.08000183105469,1840700.0,47.96978759765625
2012-04-24,48.16999816894531,47.709999084472656,48.04999923706055,48.099998474121094,1483000.0,47.98973846435547
2012-04-25,48.91999816894531,47.97999954223633,48.470001220703125,48.209999084472656,1823000.0,48.099491119384766
2012-04-26,47.77000045776367,46.459999084472656,46.790000915527344,47.560001373291016,3932900.0,47.45098114013672
2012-04-27,47.65999984741211,46.84000015258789,47.59000015258789,46.869998931884766,5639600.0,46.76255798339844
2012-04-30,46.630001068115234,45.720001220703125,46.47999954223633,46.22999954223633,4988900.0,46.124027252197266
2012-05-01,46.93000030517578,46.13999938964844,46.13999938964844,46.61000061035156,2243100.0,46.50315856933594
2012-05-02,46.880001068115234,46.369998931884766,46.43000030517578,46.54999923706055,2638200.0,46.44329833984375
2012-05-03,46.58000183105469,45.279998779296875,46.40999984741211,46.06999969482422,4702300.0,45.96439743041992
2012-05-04,46.36000061035156,45.150001525878906,45.9900016784668,45.2599983215332,3521100.0,45.156246185302734
2012-05-07,45.810001373291016,45.099998474121094,45.310001373291016,45.59000015258789,2040600.0,45.485496520996094
2012-05-08,45.86000061035156,45.11000061035156,45.400001525878906,45.7400016784668,2758100.0,45.635154724121094
2012-05-09,45.66999816894531,44.959999084472656,45.150001525878906,44.9900016784668,3219200.0,44.886878967285156
2012-05-10,45.380001068115234,44.790000915527344,45.209999084472656,44.90999984741211,2552400.0,44.80706024169922
2012-05-11,45.5099983215332,44.7599983215332,45.34000015258789,45.11000061035156,1724000.0,45.006595611572266
2012-05-14,45.15999984741211,44.369998931884766,44.560001373291016,44.7400016784668,2027600.0,44.63744354248047
2012-05-15,44.75,44.0099983215332,44.630001068115234,44.130001068115234,1456600.0,44.02884292602539
2012-05-16,44.529998779296875,43.970001220703125,44.16999816894531,43.970001220703125,1583100.0,43.86920928955078
2012-05-17,44.22999954223633,43.41999816894531,43.959999084472656,43.43000030517578,1607400.0,43.330448150634766
2012-05-18,43.77000045776367,42.790000915527344,43.52000045776367,42.90999984741211,2289400.0,42.81163787841797
2012-05-21,43.97999954223633,42.900001525878906,42.90999984741211,43.88999938964844,1892500.0,43.78939437866211
2012-05-22,44.29999923706055,43.310001373291016,44.06999969482422,43.54999923706055,1875800.0,43.450172424316406
2012-05-23,43.56999969482422,42.70000076293945,43.33000183105469,43.2400016784668,2337700.0,43.14088821411133
2012-05-24,44.29999923706055,43.310001373291016,43.540000915527344,44.09000015258789,1979600.0,43.98893737792969
2012-05-25,44.88999938964844,43.95000076293945,44.279998779296875,44.5,1513300.0,44.39799499511719
2012-05-29,45.310001373291016,44.5099983215332,44.75,45.279998779296875,2642700.0,45.17620849609375
2012-05-30,45.20000076293945,44.130001068115234,44.81999969482422,44.20000076293945,1738400.0,44.09868621826172
2012-05-31,44.27000045776367,43.41999816894531,44.15999984741211,43.90999984741211,1894600.0,43.80934524536133
2012-06-01,43.650001525878906,42.56999969482422,43.31999969482422,42.58000183105469,3806700.0,42.482398986816406
2012-06-04,42.91999816894531,42.20000076293945,42.72999954223633,42.650001525878906,3122300.0,42.552242279052734
2012-06-05,43.4900016784668,42.439998626708984,42.54999923706055,43.369998931884766,1960800.0,43.27058792114258
2012-06-06,44.209999084472656,43.459999084472656,43.689998626708984,44.209999084472656,1605800.0,44.1086540222168
2012-06-07,44.540000915527344,43.619998931884766,43.650001525878906,44.09000015258789,2825000.0,43.98893737792969
2012-06-08,44.9900016784668,43.79999923706055,43.79999923706055,44.869998931884766,1658700.0,44.767147064208984
2012-06-11,45.25,44.380001068115234,44.959999084472656,44.40999984741211,2428600.0,44.308204650878906
2012-06-12,44.90999984741211,44.11000061035156,44.689998626708984,44.880001068115234,1753500.0,44.77712631225586
2012-06-13,44.88999938964844,44.380001068115234,44.86000061035156,44.68000030517578,2329800.0,44.57758331298828
2012-06-14,45.279998779296875,44.41999816894531,44.68000030517578,45.119998931884766,2055900.0,45.01657485961914
2012-06-15,45.31999969482422,44.869998931884766,45.16999816894531,45.290000915527344,3022800.0,45.18618392944336
2012-06-18,45.20000076293945,44.650001525878906,45.16999816894531,45.08000183105469,2033000.0,44.97666549682617
2012-06-19,45.720001220703125,45.25,45.400001525878906,45.63999938964844,1575500.0,45.53538131713867
2012-06-20,45.79999923706055,44.93000030517578,45.52000045776367,45.189998626708984,1457100.0,45.0864143371582
2012-06-21,45.36000061035156,44.06999969482422,45.189998626708984,44.11000061035156,1778300.0,44.008888244628906
2012-06-22,45.2599983215332,44.0,44.13999938964844,45.150001525878906,2868300.0,45.0465087890625
2012-06-25,44.900001525878906,44.47999954223633,44.66999816894531,44.709999084472656,3088000.0,44.607513427734375
2012-06-26,45.54999923706055,44.380001068115234,44.709999084472656,45.29999923706055,3067300.0,45.1961555480957
2012-06-27,46.41999816894531,45.33000183105469,45.36000061035156,45.400001525878906,2849600.0,45.29593276977539
2012-06-28,46.130001068115234,42.13999938964844,45.220001220703125,44.18000030517578,10253300.0,44.07872772216797
2012-06-29,45.02000045776367,43.709999084472656,44.84000015258789,44.0,5829200.0,43.89914321899414
2012-07-02,44.47999954223633,42.790000915527344,44.29999923706055,42.97999954223633,4708600.0,42.881473541259766
2012-07-03,43.5099983215332,42.56999969482422,43.040000915527344,42.75,1514300.0,42.65200424194336
2012-07-05,43.0099983215332,42.619998931884766,42.70000076293945,42.72999954223633,2539800.0,42.63205337524414
2012-07-06,42.630001068115234,42.20000076293945,42.54999923706055,42.540000915527344,1821200.0,42.44248962402344
2012-07-09,43.939998626708984,42.560001373291016,43.0099983215332,42.97999954223633,3086900.0,42.881473541259766
2012-07-10,43.25,42.689998626708984,43.150001525878906,42.88999938964844,2308700.0,42.79168701171875
2012-07-11,43.150001525878906,42.72999954223633,42.7599983215332,43.060001373291016,1370500.0,42.9613037109375
2012-07-12,43.2400016784668,42.34000015258789,42.97999954223633,42.439998626708984,2634700.0,42.342716217041016
2012-07-13,43.70000076293945,42.47999954223633,42.47999954223633,43.630001068115234,1675100.0,43.52998733520508
2012-07-16,43.650001525878906,42.900001525878906,43.61000061035156,43.22999954223633,1407100.0,43.13090133666992
2012-07-17,43.459999084472656,42.7400016784668,43.33000183105469,42.970001220703125,3077200.0,42.87150573730469
2012-07-18,43.459999084472656,42.65999984741211,42.86000061035156,43.029998779296875,1970600.0,42.93136215209961
2012-07-19,43.61000061035156,42.2400016784668,43.5099983215332,42.380001068115234,3323400.0,42.282859802246094
2012-07-20,42.529998779296875,41.59000015258789,42.22999954223633,41.68000030517578,3188300.0,41.58445739746094
2012-07-23,41.470001220703125,40.68000030517578,41.22999954223633,41.13999938964844,3471200.0,41.04570007324219
2012-07-24,41.58000183105469,40.86000061035156,41.20000076293945,41.220001220703125,4534300.0,41.125518798828125
2012-07-25,40.209999084472656,39.310001373291016,40.040000915527344,39.95000076293945,7384100.0,39.858421325683594
2012-07-26,40.560001373291016,39.56999969482422,40.540000915527344,39.65999984741211,3785900.0,39.569091796875
2012-07-27,41.5,39.0099983215332,39.27000045776367,41.38999938964844,5118500.0,41.29512405395508
2012-07-30,41.59000015258789,40.93000030517578,41.38999938964844,41.369998931884766,2416500.0,41.27516555786133
2012-07-31,41.4900016784668,40.2400016784668,41.400001525878906,40.279998779296875,4465700.0,40.18766784667969
2012-08-01,41.08000183105469,40.0,40.529998779296875,40.2400016784668,3840600.0,40.14775848388672
2012-08-02,43.0,40.959999084472656,41.9900016784668,41.86000061035156,5421400.0,41.76405334472656
2012-08-03,42.70000076293945,41.7400016784668,41.91999816894531,42.08000183105469,2993300.0,41.98353958129883
2012-08-06,42.380001068115234,41.880001068115234,42.25,42.150001525878906,3854800.0,42.053382873535156
2012-08-07,43.58000183105469,42.2400016784668,42.25,43.4900016784668,3532100.0,43.39031219482422
2012-08-08,43.95000076293945,42.88999938964844,42.93000030517578,43.869998931884766,3165600.0,43.76943588256836
2012-08-09,44.2599983215332,43.25,43.86000061035156,43.880001068115234,2442500.0,43.7794189453125
2012-08-10,43.849998474121094,43.279998779296875,43.5,43.81999969482422,1579300.0,43.71955108642578
2012-08-13,43.77000045776367,43.36000061035156,43.650001525878906,43.470001220703125,1842200.0,43.370357513427734
2012-08-14,43.75,43.52000045776367,43.650001525878906,43.63999938964844,1620500.0,43.53997039794922
2012-08-15,43.9900016784668,43.38999938964844,43.599998474121094,43.86000061035156,1843500.0,43.759464263916016
2012-08-16,44.52000045776367,43.779998779296875,43.83000183105469,44.4900016784668,2149000.0,44.38801574707031
2012-08-17,44.59000015258789,44.11000061035156,44.529998779296875,44.29999923706055,1570800.0,44.19845199584961
2012-08-20,45.0,44.08000183105469,44.36000061035156,44.5099983215332,1581200.0,44.40797424316406
2012-08-21,44.75,44.369998931884766,44.47999954223633,44.43000030517578,1601500.0,44.328155517578125
2012-08-22,44.779998779296875,44.27000045776367,44.459999084472656,44.68000030517578,1276500.0,44.57758331298828
2012-08-23,44.65999984741211,44.08000183105469,44.52000045776367,44.15999984741211,1969700.0,44.05877685546875
2012-08-24,44.56999969482422,43.900001525878906,44.099998474121094,44.5,1870600.0,44.39799499511719
2012-08-27,44.939998626708984,44.38999938964844,44.59000015258789,44.75,1513900.0,44.647422790527344
2012-08-28,44.849998474121094,44.470001220703125,44.56999969482422,44.720001220703125,1914900.0,44.61749267578125
2012-08-29,45.279998779296875,44.77000045776367,44.83000183105469,44.869998931884766,1802000.0,44.767147064208984
2012-08-30,45.88999938964844,44.970001220703125,45.11000061035156,45.68000030517578,2694800.0,45.57529067993164
2012-08-31,46.220001220703125,45.68000030517578,45.849998474121094,45.77000045776367,1995700.0,45.66508483886719
2012-09-04,45.959999084472656,45.15999984741211,45.7400016784668,45.5,1585500.0,45.39570236206055
2012-09-05,45.849998474121094,45.36000061035156,45.560001373291016,45.4900016784668,1386000.0,45.38572692871094
2012-09-06,46.20000076293945,45.689998626708984,45.689998626708984,45.9900016784668,1777000.0,45.884586334228516
2012-09-07,46.369998931884766,46.0,46.029998779296875,46.130001068115234,1696000.0,46.02425765991211
2012-09-10,46.540000915527344,45.869998931884766,46.310001373291016,45.9900016784668,1638200.0,45.884586334228516
2012-09-11,46.869998931884766,45.90999984741211,46.119998931884766,46.54999923706055,2225200.0,46.44329833984375
2012-09-12,46.72999954223633,46.11000061035156,46.540000915527344,46.130001068115234,1941700.0,46.02425765991211
2012-09-13,47.349998474121094,45.79999923706055,46.060001373291016,47.29999923706055,2849400.0,47.19157409667969
2012-09-14,47.91999816894531,47.130001068115234,47.22999954223633,47.79999923706055,4170000.0,47.6904296875
2012-09-17,47.869998931884766,47.15999984741211,47.65999984741211,47.18000030517578,2529100.0,47.07184600830078
2012-09-18,47.619998931884766,47.09000015258789,47.18000030517578,47.45000076293945,1561900.0,47.34123229980469
2012-09-19,47.529998779296875,47.150001525878906,47.45000076293945,47.150001525878906,1569700.0,47.04192352294922
2012-09-20,47.11000061035156,46.619998931884766,47.02000045776367,46.939998626708984,1936200.0,46.832401275634766
2012-09-21,47.27000045776367,46.880001068115234,47.15999984741211,47.099998474121094,2268200.0,46.992034912109375
2012-09-24,47.5,46.900001525878906,47.0,47.16999816894531,1830800.0,47.06187438964844
2012-09-25,47.52000045776367,46.83000183105469,47.220001220703125,46.849998474121094,2641600.0,46.74260711669922
2012-09-26,47.209999084472656,46.5,46.959999084472656,46.72999954223633,1755200.0,46.62288284301758
2012-09-27,47.08000183105469,46.72999954223633,46.970001220703125,47.02000045776367,1519100.0,46.9122200012207
2012-09-28,47.380001068115234,46.66999816894531,46.86000061035156,47.16999816894531,2210400.0,47.06187438964844
2012-10-01,48.459999084472656,47.290000915527344,47.349998474121094,48.09000015258789,2683900.0,47.97977066040039
2012-10-02,48.95000076293945,48.11000061035156,48.119998931884766,48.630001068115234,3658300.0,48.51852798461914
2012-10-03,49.0,48.630001068115234,48.75,48.86000061035156,1693000.0,48.74800109863281
2012-10-04,49.779998779296875,49.0099983215332,49.16999816894531,49.18000030517578,2779300.0,49.06726837158203
2012-10-05,49.400001525878906,48.720001220703125,49.33000183105469,48.849998474121094,2333800.0,48.73802185058594
2012-10-08,49.279998779296875,48.83000183105469,48.880001068115234,48.95000076293945,1414600.0,48.83779525756836
2012-10-09,49.25,48.79999923706055,48.869998931884766,49.18000030517578,1835900.0,49.06726837158203
2012-10-10,49.20000076293945,48.68000030517578,49.06999969482422,48.77000045776367,2478000.0,48.6582145690918
2012-10-11,50.41999816894531,49.02000045776367,49.04999923706055,50.13999938964844,2620500.0,50.025062561035156
2012-10-12,50.4900016784668,49.650001525878906,50.18000030517578,49.709999084472656,2242400.0,49.59605026245117
2012-10-15,50.06999969482422,49.560001373291016,49.75,49.97999954223633,1842700.0,49.86543273925781
2012-10-16,50.40999984741211,49.25,49.279998779296875,50.34000015258789,3395600.0,50.224609375
2012-10-17,50.599998474121094,49.5099983215332,50.380001068115234,49.689998626708984,2481500.0,49.57609558105469
2012-10-18,50.43000030517578,49.400001525878906,49.56999969482422,50.13999938964844,2302000.0,50.025062561035156
2012-10-19,50.04999923706055,49.349998474121094,50.04999923706055,49.65999984741211,1418300.0,49.54616165161133
2012-10-22,50.380001068115234,49.279998779296875,49.34000015258789,50.33000183105469,2165700.0,50.214630126953125
2012-10-23,50.0,49.0,49.790000915527344,49.84000015258789,1626100.0,49.72575378417969
2012-10-24,50.290000915527344,49.970001220703125,50.06999969482422,50.13999938964844,1594600.0,50.025062561035156
2012-10-25,50.66999816894531,49.9900016784668,50.40999984741211,50.369998931884766,2098000.0,50.25453567504883
2012-10-26,50.400001525878906,49.369998931884766,50.349998474121094,49.70000076293945,1805000.0,49.58607864379883
2012-10-31,51.0,49.560001373291016,49.70000076293945,51.0,3834200.0,50.883094787597656
2012-11-01,53.310001373291016,51.54999923706055,51.54999923706055,53.27000045776367,4255400.0,53.147891998291016
2012-11-02,53.75,52.90999984741211,53.709999084472656,53.09000015258789,2929000.0,52.96831130981445
2012-11-05,53.54999923706055,52.63999938964844,53.099998474121094,53.29999923706055,2345000.0,53.17782211303711
2012-11-06,53.4900016784668,52.04999923706055,52.939998626708984,53.310001373291016,2513700.0,53.18780517578125
2012-11-07,53.22999954223633,51.970001220703125,52.619998931884766,52.959999084472656,4168700.0,52.838600158691406
2012-11-08,53.41999816894531,51.970001220703125,52.9900016784668,52.2400016784668,2447800.0,52.12025451660156
2012-11-09,52.939998626708984,51.619998931884766,52.7400016784668,51.650001525878906,3046700.0,51.5316047668457
2012-11-12,51.959999084472656,50.939998626708984,51.83000183105469,51.08000183105469,3039900.0,50.962913513183594
2012-11-13,51.77000045776367,50.689998626708984,50.689998626708984,51.04999923706055,2083400.0,50.932979583740234
2012-11-14,51.2599983215332,49.439998626708984,51.130001068115234,49.630001068115234,2691600.0,49.5162353515625
2012-11-15,50.939998626708984,49.459999084472656,49.720001220703125,50.869998931884766,4742500.0,50.753395080566406
2012-11-16,50.849998474121094,49.34000015258789,50.849998474121094,50.470001220703125,6316200.0,50.354312896728516
2012-11-19,51.91999816894531,50.709999084472656,50.83000183105469,51.900001525878906,3004300.0,51.781036376953125
2012-11-20,51.88999938964844,51.2400016784668,51.72999954223633,51.849998474121094,1887200.0,51.731143951416016
2012-11-21,52.290000915527344,51.630001068115234,51.83000183105469,52.0099983215332,1188600.0,51.890777587890625
2012-11-23,52.779998779296875,52.060001373291016,52.060001373291016,52.7599983215332,450800.0,52.63905334472656
2012-11-26,52.810001373291016,51.70000076293945,52.349998474121094,52.2400016784668,1027700.0,52.12025451660156
2012-11-27,52.709999084472656,52.16999816894531,52.189998626708984,52.41999816894531,1808200.0,52.29983901977539
2012-11-28,52.15999984741211,51.70000076293945,52.06999969482422,51.970001220703125,1843700.0,51.85087203979492
2012-11-29,52.88999938964844,51.720001220703125,52.2400016784668,52.08000183105469,2076500.0,51.96061706542969
2012-11-30,52.459999084472656,51.7599983215332,52.189998626708984,52.27000045776367,3187500.0,52.15018081665039
2012-12-03,52.58000183105469,51.93000030517578,52.41999816894531,52.09000015258789,1359900.0,51.97059631347656
2012-12-04,52.5099983215332,51.650001525878906,52.189998626708984,51.65999984741211,2124100.0,51.54158020019531
2012-12-05,52.189998626708984,51.34000015258789,51.83000183105469,51.91999816894531,2407800.0,51.800987243652344
2012-12-06,52.540000915527344,51.86000061035156,51.95000076293945,52.5,1672600.0,52.37965774536133
2012-12-07,53.029998779296875,52.540000915527344,52.689998626708984,52.900001525878906,1218100.0,52.77874755859375
2012-12-10,53.11000061035156,52.09000015258789,52.369998931884766,52.93000030517578,2045000.0,52.80867385864258
2012-12-11,53.25,52.619998931884766,52.93000030517578,53.11000061035156,1727300.0,52.988258361816406
2012-12-12,54.310001373291016,53.189998626708984,53.25,53.959999084472656,2736500.0,53.836307525634766
2012-12-13,54.279998779296875,53.45000076293945,54.0099983215332,53.70000076293945,1443500.0,53.576904296875
2012-12-14,53.58000183105469,52.880001068115234,53.43000030517578,53.02000045776367,1766400.0,52.89846420288086
2012-12-17,53.91999816894531,53.04999923706055,53.2400016784668,53.7599983215332,1267200.0,53.63676452636719
2012-12-18,54.529998779296875,53.529998779296875,53.84000015258789,54.4900016784668,3414400.0,54.36509704589844
2012-12-19,54.52000045776367,53.65999984741211,54.43000030517578,53.66999816894531,1194600.0,53.546974182128906
2012-12-20,54.18000030517578,53.63999938964844,53.779998779296875,54.16999816894531,1456000.0,54.04582977294922
2012-12-21,53.91999816894531,53.38999938964844,53.779998779296875,53.790000915527344,2129200.0,53.66669845581055
2012-12-24,53.97999954223633,53.34000015258789,53.54999923706055,53.790000915527344,515900.0,53.66669845581055
2012-12-26,54.310001373291016,53.439998626708984,53.790000915527344,53.599998474121094,1123400.0,53.47713088989258
2012-12-27,53.779998779296875,53.06999969482422,53.540000915527344,53.65999984741211,1685800.0,53.53699493408203
2012-12-28,53.59000015258789,52.83000183105469,53.29999923706055,52.849998474121094,997600.0,52.728851318359375
2012-12-31,53.5,52.529998779296875,52.84000015258789,53.459999084472656,1717000.0,53.337459564208984
2013-01-02,55.2400016784668,53.90999984741211,54.099998474121094,55.15999984741211,3763100.0,55.033565521240234
2013-01-03,55.0,54.220001220703125,54.9900016784668,54.349998474121094,2949400.0,54.22541427612305
2013-01-04,54.7599983215332,53.91999816894531,54.459999084472656,54.75,2127900.0,54.6245002746582
2013-01-07,55.13999938964844,54.5,54.560001373291016,54.939998626708984,2159300.0,54.814064025878906
2013-01-08,55.09000015258789,54.040000915527344,54.709999084472656,54.41999816894531,1820000.0,54.29525375366211
2013-01-09,54.709999084472656,54.25,54.439998626708984,54.630001068115234,2473700.0,54.5047721862793
2013-01-10,55.75,54.720001220703125,54.81999969482422,55.619998931884766,1488300.0,55.49250411987305
2013-01-11,55.75,55.2400016784668,55.720001220703125,55.599998474121094,2167700.0,55.47254943847656
2013-01-14,55.7400016784668,55.31999969482422,55.63999938964844,55.68000030517578,977700.0,55.5523681640625
2013-01-15,55.9900016784668,55.209999084472656,55.369998931884766,55.869998931884766,1781200.0,55.741939544677734
2013-01-16,55.72999954223633,55.279998779296875,55.72999954223633,55.529998779296875,1991700.0,55.402713775634766
2013-01-17,56.650001525878906,55.65999984741211,55.77000045776367,56.560001373291016,1899400.0,56.43035125732422
2013-01-18,56.709999084472656,56.16999816894531,56.709999084472656,56.33000183105469,1540000.0,56.20088195800781
2013-01-22,57.27000045776367,56.06999969482422,56.2599983215332,57.13999938964844,2155700.0,57.0090217590332
2013-01-23,57.380001068115234,56.61000061035156,57.0,57.380001068115234,1396300.0,57.24847412109375
2013-01-24,58.2400016784668,57.349998474121094,57.40999984741211,58.150001525878906,1309400.0,58.01670837402344
2013-01-25,58.47999954223633,57.810001373291016,58.20000076293945,58.47999954223633,2618500.0,58.345947265625
2013-01-28,59.13999938964844,58.099998474121094,58.72999954223633,58.459999084472656,1990100.0,58.32599639892578
2013-01-29,59.13999938964844,58.189998626708984,58.27000045776367,58.77000045776367,1220900.0,58.635284423828125
2013-01-30,59.0,58.380001068115234,58.61000061035156,58.79999923706055,1600700.0,58.66521453857422
2013-01-31,58.7599983215332,58.220001220703125,58.61000061035156,58.34000015258789,1918800.0,58.206268310546875
2013-02-01,58.959999084472656,58.33000183105469,58.63999938964844,58.880001068115234,1300100.0,58.745033264160156
2013-02-04,59.08000183105469,58.279998779296875,58.59000015258789,58.349998474121094,1494200.0,58.21624755859375
2013-02-05,60.88999938964844,60.0099983215332,60.33000183105469,60.380001068115234,2955300.0,60.24159240722656
2013-02-06,60.33000183105469,59.31999969482422,60.0,59.66999816894531,2354100.0,59.5332145690918
2013-02-07,61.380001068115234,59.599998474121094,59.900001525878906,61.349998474121094,4577400.0,61.20936584472656
2013-02-08,62.220001220703125,61.0099983215332,61.70000076293945,61.93000030517578,1638500.0,61.78803634643555
2013-02-11,61.939998626708984,61.18000030517578,61.90999984741211,61.83000183105469,1486600.0,61.688270568847656
2013-02-12,62.150001525878906,61.68000030517578,61.869998931884766,61.97999954223633,1910100.0,61.83792495727539
2013-02-13,62.13999938964844,61.470001220703125,62.119998931884766,61.88999938964844,1729700.0,61.748130798339844
2013-02-14,61.900001525878906,61.310001373291016,61.75,61.45000076293945,1915000.0,61.30914306640625
2013-02-15,61.97999954223633,60.970001220703125,61.45000076293945,61.08000183105469,1584200.0,60.93999099731445
2013-02-19,60.66999816894531,55.970001220703125,56.97999954223633,60.43000030517578,4416300.0,60.291481018066406
2013-02-20,60.58000183105469,59.220001220703125,60.56999969482422,59.27000045776367,1876800.0,59.13413619995117
2013-02-21,59.790000915527344,58.689998626708984,59.18000030517578,59.16999816894531,1926400.0,59.03437042236328
2013-02-22,59.630001068115234,58.619998931884766,59.279998779296875,58.709999084472656,1283300.0,58.5754280090332
2013-02-25,59.209999084472656,57.630001068115234,58.810001373291016,57.63999938964844,2079600.0,57.50787353515625
2013-02-26,58.06999969482422,57.11000061035156,57.810001373291016,57.880001068115234,2299800.0,57.74732208251953
2013-02-27,59.06999969482422,57.7400016784668,57.7400016784668,58.97999954223633,1329800.0,58.84480285644531
2013-02-28,59.029998779296875,58.18000030517578,58.91999816894531,58.459999084472656,1616400.0,58.32599639892578
2013-03-01,58.599998474121094,57.529998779296875,58.2599983215332,58.2599983215332,1880200.0,58.1264533996582
2013-03-04,58.52000045776367,57.79999923706055,57.95000076293945,58.16999816894531,1645500.0,58.036659240722656
2013-03-05,59.439998626708984,58.02000045776367,58.29999923706055,59.38999938964844,3014800.0,59.25386428833008
2013-03-06,59.5,59.0,59.380001068115234,59.5,2258900.0,59.36361312866211
2013-03-07,59.75,58.88999938964844,59.5,58.939998626708984,1809400.0,58.80489730834961
2013-03-08,59.7400016784668,58.93000030517578,59.22999954223633,59.65999984741211,1268400.0,59.56366729736328
2013-03-11,60.66999816894531,59.650001525878906,59.86000061035156,60.56999969482422,1790800.0,60.472198486328125
2013-03-12,61.650001525878906,60.310001373291016,60.34000015258789,61.54999923706055,2606300.0,61.450618743896484
2013-03-13,62.11000061035156,61.33000183105469,61.40999984741211,62.04999923706055,1792800.0,61.94981002807617
2013-03-14,62.290000915527344,61.59000015258789,62.119998931884766,62.2599983215332,1533300.0,62.15946960449219
2013-03-15,62.77000045776367,61.540000915527344,62.029998779296875,62.630001068115234,2465600.0,62.52887725830078
2013-03-18,62.540000915527344,61.79999923706055,62.13999938964844,62.11000061035156,1877100.0,62.009708404541016
2013-03-19,62.65999984741211,61.849998474121094,62.400001525878906,62.209999084472656,1558700.0,62.10955047607422
2013-03-20,63.189998626708984,61.900001525878906,62.7400016784668,62.150001525878906,2225500.0,62.04964828491211
2013-03-21,62.13999938964844,61.5099983215332,61.900001525878906,61.7400016784668,2211800.0,61.64030838012695
2013-03-22,62.11000061035156,61.310001373291016,61.900001525878906,61.75,1376900.0,61.650291442871094
2013-03-25,62.470001220703125,61.470001220703125,61.90999984741211,61.61000061035156,1817100.0,61.51051712036133
2013-03-26,62.470001220703125,61.79999923706055,61.83000183105469,62.2400016784668,1243400.0,62.13950729370117
2013-03-27,62.63999938964844,61.869998931884766,62.029998779296875,62.52000045776367,1339800.0,62.41905212402344
2013-03-28,62.79999923706055,62.209999084472656,62.52000045776367,62.369998931884766,1641800.0,62.269290924072266
2013-04-01,63.41999816894531,61.880001068115234,62.310001373291016,62.90999984741211,2555500.0,62.80842590332031
2013-04-02,66.66999816894531,64.26000213623047,64.91000366210938,64.75,4447400.0,64.64545440673828
2013-04-03,65.19000244140625,63.38999938964844,64.33000183105469,63.61000061035156,2409500.0,63.50728988647461
2013-04-04,64.56999969482422,63.58000183105469,63.709999084472656,64.08000183105469,2822400.0,63.976531982421875
2013-04-05,64.5999984741211,63.40999984741211,63.40999984741211,64.54000091552734,2152800.0,64.435791015625
2013-04-08,65.23999786376953,63.630001068115234,64.19999694824219,65.23999786376953,2109500.0,65.13465881347656
2013-04-09,65.5,64.83999633789062,65.47000122070312,64.93000030517578,1968600.0,64.82515716552734
2013-04-10,65.52999877929688,64.7300033569336,65.11000061035156,65.2699966430664,1129300.0,65.16459655761719
2013-04-11,65.91000366210938,65.27999877929688,65.38999938964844,65.9000015258789,1379400.0,65.79359436035156
2013-04-12,66.75,65.68000030517578,65.69999694824219,66.72000122070312,2020200.0,66.61226654052734
2013-04-15,66.94000244140625,65.16999816894531,66.4800033569336,65.16999816894531,2317400.0,65.06477355957031
2013-04-16,66.45999908447266,65.23999786376953,65.70999908447266,66.4000015258789,1583900.0,66.29278564453125
2013-04-17,66.08999633789062,64.5199966430664,66.02999877929688,64.87000274658203,2711500.0,64.7652587890625
2013-04-18,64.33999633789062,63.029998779296875,64.33999633789062,64.01000213623047,2424800.0,63.906646728515625
2013-04-19,65.19999694824219,64.04000091552734,64.37999725341797,65.1500015258789,1582800.0,65.04481506347656
2013-04-22,65.3499984741211,64.33000183105469,65.23999786376953,65.04000091552734,1150400.0,64.93497467041016
2013-04-23,65.95999908447266,64.83000183105469,65.37999725341797,65.63999938964844,1961500.0,65.53402709960938
2013-04-24,66.4800033569336,65.0999984741211,65.77999877929688,65.22000122070312,1783800.0,65.11468505859375
2013-04-25,66.18000030517578,65.54000091552734,65.58000183105469,65.72000122070312,1069400.0,65.61388397216797
2013-04-26,66.23999786376953,65.44000244140625,65.86000061035156,65.80999755859375,1147400.0,65.70372772216797
2013-04-29,66.13999938964844,65.69000244140625,65.83000183105469,66.06999969482422,1323700.0,65.96331787109375
2013-04-30,66.48999786376953,65.18000030517578,66.0,66.16999816894531,1648900.0,66.06315612792969
2013-05-01,66.91999816894531,65.33000183105469,66.19999694824219,65.37999725341797,1844300.0,65.2744369506836
2013-05-02,68.87000274658203,66.31999969482422,66.36000061035156,68.06999969482422,2982700.0,67.96009826660156
2013-05-03,68.48999786376953,66.91999816894531,68.43000030517578,67.12999725341797,2479000.0,67.0216064453125
2013-05-06,67.87999725341797,67.0,67.13999938964844,67.08999633789062,1499200.0,66.9816665649414
2013-05-07,67.48999786376953,66.69999694824219,67.05000305175781,66.93000030517578,1760200.0,66.8219223022461
2013-05-08,68.37999725341797,66.93000030517578,66.93000030517578,68.37999725341797,1604500.0,68.26958465576172
2013-05-09,68.5,67.61000061035156,68.33000183105469,68.02999877929688,1373100.0,67.92015075683594
2013-05-10,68.81999969482422,67.77999877929688,68.13999938964844,68.81999969482422,1108000.0,68.7088851928711
2013-05-13,69.05999755859375,68.13999938964844,68.6500015258789,69.02999877929688,1300300.0,68.91854095458984
2013-05-14,68.36000061035156,67.5999984741211,68.36000061035156,67.87999725341797,2412600.0,67.7703857421875
2013-05-15,68.31999969482422,67.30999755859375,67.93000030517578,68.0999984741211,1546600.0,67.99004364013672
2013-05-16,68.23999786376953,67.29000091552734,67.93000030517578,67.36000061035156,1359200.0,67.25123596191406
2013-05-17,68.05000305175781,67.44000244140625,67.44000244140625,67.9000015258789,1543900.0,67.79036712646484
2013-05-20,67.8499984741211,66.80999755859375,67.77999877929688,66.91999816894531,1368200.0,66.81195068359375
2013-05-21,67.91999816894531,66.88999938964844,66.88999938964844,67.5999984741211,2138700.0,67.4908447265625
2013-05-22,69.19999694824219,67.48999786376953,67.87999725341797,67.95999908447266,3136600.0,67.85027313232422
2013-05-23,68.16999816894531,66.87999725341797,67.5199966430664,67.91999816894531,1832500.0,67.81033325195312
2013-05-24,67.69999694824219,66.83000183105469,67.52999877929688,67.2300033569336,2344600.0,67.12144470214844
2013-05-28,69.55999755859375,67.91999816894531,67.91999816894531,69.06999969482422,1974500.0,68.95846557617188
2013-05-29,69.02999877929688,68.19999694824219,68.63999938964844,68.8499984741211,1240600.0,68.73883056640625
2013-05-30,69.87000274658203,68.5999984741211,68.91000366210938,69.75,924200.0,69.63737487792969
2013-05-31,69.6500015258789,67.9000015258789,69.44999694824219,67.9000015258789,1279700.0,67.79036712646484
2013-06-03,68.08000183105469,66.30999755859375,68.0199966430664,66.94000244140625,2010700.0,66.83191680908203
2013-06-04,67.6500015258789,66.75,66.91000366210938,67.5199966430664,1731300.0,67.41097259521484
2013-06-05,67.6500015258789,65.7699966430664,67.30000305175781,65.97000122070312,1726500.0,65.86347961425781
2013-06-06,66.97000122070312,65.54000091552734,65.97000122070312,66.95999908447266,1050900.0,66.85187530517578
2013-06-07,68.88999938964844,67.41000366210938,67.5,68.44999694824219,1404900.0,68.33946990966797
2013-06-10,69.19000244140625,68.52999877929688,68.54000091552734,69.0,1134200.0,68.88858795166016
2013-06-11,70.44999694824219,68.4000015258789,69.0999984741211,69.94999694824219,2952700.0,69.83704376220703
2013-06-12,70.37999725341797,69.41999816894531,70.13999938964844,69.44000244140625,1337900.0,69.32787322998047
2013-06-13,69.52999877929688,68.06999969482422,69.29000091552734,69.43000030517578,2100900.0,69.3178939819336
2013-06-14,69.5,68.13999938964844,68.94000244140625,68.16000366210938,1772700.0,68.0499496459961
2013-06-17,69.02999877929688,67.87000274658203,68.62000274658203,68.27999877929688,1777000.0,68.16975402832031
2013-06-18,69.77999877929688,68.05000305175781,68.20999908447266,69.66000366210938,1636000.0,69.54752349853516
2013-06-19,69.93000030517578,68.93000030517578,69.75,68.93000030517578,1561500.0,68.81869506835938
2013-06-20,70.02999877929688,68.0199966430664,68.45999908447266,69.23999786376953,3062500.0,69.1281967163086
2013-06-21,71.4000015258789,69.79000091552734,69.94000244140625,71.04000091552734,3838900.0,70.92528533935547
2013-06-24,71.9000015258789,70.29000091552734,70.62999725341797,70.83999633789062,4413700.0,70.7256088256836
2013-06-25,71.33999633789062,70.36000061035156,71.23999786376953,70.66999816894531,2426000.0,70.55587768554688
2013-06-26,71.69999694824219,70.69999694824219,71.29000091552734,71.37000274658203,1829600.0,71.2547607421875
2013-06-27,72.80999755859375,71.63999938964844,71.66999816894531,72.55999755859375,1850700.0,72.44284057617188
2013-06-28,73.12999725341797,72.29000091552734,72.41000366210938,72.48999786376953,1865400.0,72.3729476928711
2013-07-01,73.58999633789062,72.54000091552734,73.16999816894531,72.80999755859375,1753800.0,72.69242858886719
2013-07-02,72.81999969482422,71.9000015258789,72.61000061035156,72.12000274658203,1765900.0,72.00354766845703
2013-07-03,72.94000244140625,71.12000274658203,71.55000305175781,72.91999816894531,1086400.0,72.80225372314453
2013-07-05,73.94999694824219,72.69999694824219,72.95999908447266,73.94000244140625,1263800.0,73.82061767578125
2013-07-08,74.6500015258789,73.58999633789062,74.20999908447266,73.83000183105469,1808300.0,73.7107925415039
2013-07-09,74.98999786376953,73.83999633789062,74.08000183105469,74.6500015258789,1784200.0,74.52946472167969
2013-07-10,75.44999694824219,74.58999633789062,74.66000366210938,74.87999725341797,1525200.0,74.75909423828125
2013-07-11,76.47000122070312,75.2699966430664,75.70999908447266,76.13999938964844,1986200.0,76.01705169677734
2013-07-12,76.7699966430664,75.6500015258789,76.69999694824219,76.02999877929688,1334600.0,75.90723419189453
2013-07-15,76.29000091552734,75.73999786376953,75.86000061035156,75.88999938964844,1179900.0,75.76746368408203
2013-07-16,75.86000061035156,74.4800033569336,75.83000183105469,74.94999694824219,1615500.0,74.82897186279297
2013-07-17,76.1500015258789,75.25,75.33999633789062,75.48999786376953,1239100.0,75.36810302734375
2013-07-18,78.68000030517578,76.02999877929688,76.02999877929688,77.55000305175781,1730200.0,77.42479705810547
2013-07-19,77.87999725341797,76.62999725341797,77.70999908447266,77.83999633789062,991600.0,77.71430969238281
2013-07-22,78.87000274658203,77.55000305175781,77.83999633789062,78.4000015258789,952600.0,78.27340698242188
2013-07-23,78.80000305175781,77.9800033569336,78.54000091552734,78.16000366210938,1144600.0,78.03380584716797
2013-07-24,79.25,77.80999755859375,78.54000091552734,78.11000061035156,1347500.0,77.98387908935547
2013-07-25,78.0999984741211,77.30000305175781,77.86000061035156,78.0,1042800.0,77.87405395507812
2013-07-26,78.19999694824219,76.73999786376953,77.56999969482422,77.56999969482422,1308600.0,77.44474792480469
2013-07-29,77.77999877929688,77.05999755859375,77.48999786376953,77.19999694824219,881200.0,77.07534790039062
2013-07-30,77.73999786376953,76.06999969482422,77.66000366210938,76.44999694824219,1792200.0,76.32655334472656
2013-07-31,78.6500015258789,76.25,76.29000091552734,77.83000183105469,1832100.0,77.70433044433594
2013-08-01,78.48999786376953,76.16999816894531,78.05999755859375,77.2699966430664,2298600.0,77.14522552490234
2013-08-02,77.55000305175781,76.54000091552734,77.13999938964844,77.30000305175781,1382200.0,77.17518615722656
2013-08-05,78.47000122070312,76.62999725341797,77.19000244140625,77.83999633789062,1352500.0,77.71430969238281
2013-08-06,77.94000244140625,76.73999786376953,77.63999938964844,77.76000213623047,1943600.0,77.63444519042969
2013-08-07,78.23999786376953,77.47000122070312,77.72000122070312,77.81999969482422,1657400.0,77.69434356689453
2013-08-08,79.12000274658203,77.86000061035156,78.52999877929688,78.66999816894531,1345500.0,78.54297637939453
2013-08-09,79.25,77.95999908447266,78.9000015258789,78.44000244140625,1186700.0,78.3133544921875
2013-08-12,78.54000091552734,77.55999755859375,78.08999633789062,78.48999786376953,1316000.0,78.3632583618164
2013-08-13,79.33000183105469,77.66999816894531,78.79000091552734,78.97000122070312,1196800.0,78.84249114990234
2013-08-14,78.91000366210938,77.87999725341797,78.75,77.98999786376953,1001200.0,77.86405944824219
2013-08-15,78.05999755859375,75.79000091552734,77.37999725341797,76.70999908447266,1361700.0,76.58613586425781
2013-08-16,77.98999786376953,76.5,76.52999877929688,77.36000061035156,1159100.0,77.23509216308594
2013-08-19,77.88999938964844,77.30999755859375,77.30999755859375,77.43000030517578,860300.0,77.30497741699219
2013-08-20,78.77999877929688,77.16000366210938,77.33999633789062,78.56999969482422,1140200.0,78.4431381225586
2013-08-21,78.45999908447266,77.41999816894531,78.44000244140625,77.83999633789062,986100.0,77.71430969238281
2013-08-22,79.44999694824219,77.91000366210938,78.01000213623047,79.08000183105469,784300.0,78.95230865478516
2013-08-23,79.44999694824219,78.76000213623047,78.98999786376953,79.33000183105469,734700.0,79.201904296875
2013-08-26,79.98999786376953,79.0,79.44000244140625,79.52999877929688,978100.0,79.40158081054688
2013-08-27,79.02999877929688,77.98999786376953,78.98999786376953,78.22000122070312,1298000.0,78.09369659423828
2013-08-28,78.75,77.77999877929688,78.08999633789062,78.44999694824219,1533100.0,78.32332611083984
2013-08-29,79.62000274658203,78.04000091552734,78.11000061035156,79.04000091552734,859200.0,78.9123764038086
2013-08-30,79.58999633789062,78.41000366210938,79.33000183105469,78.69000244140625,1135000.0,78.56294250488281
2013-09-03,80.0,78.83999633789062,79.44999694824219,79.45999908447266,1301600.0,79.33170318603516
2013-09-04,80.44999694824219,78.91999816894531,79.30000305175781,80.33999633789062,1184100.0,80.21027374267578
2013-09-05,81.75,80.30999755859375,80.30999755859375,81.25,1479000.0,81.11880493164062
2013-09-06,81.66000366210938,79.94999694824219,81.38999938964844,80.83000183105469,1275300.0,80.6994857788086
2013-09-09,81.27999877929688,80.51000213623047,80.88999938964844,80.66999816894531,1294100.0,80.53974914550781
2013-09-10,81.75,80.83000183105469,80.93000030517578,81.69000244140625,946100.0,81.55810546875
2013-09-11,82.62000274658203,81.55999755859375,81.73999786376953,82.30000305175781,1226900.0,82.16712188720703
2013-09-12,83.18000030517578,82.19999694824219,82.47000122070312,82.66999816894531,997100.0,82.53651428222656
2013-09-13,84.13999938964844,83.05000305175781,83.05999755859375,83.6500015258789,1034700.0,83.51493072509766
2013-09-16,84.68000030517578,83.80999755859375,84.30000305175781,84.2699966430664,1161400.0,84.13392639160156
2013-09-17,84.2699966430664,83.19999694824219,84.25,83.72000122070312,1004200.0,83.58483123779297
2013-09-18,84.0,80.36000061035156,83.61000061035156,81.25,4582900.0,81.11880493164062
2013-09-19,81.43000030517578,76.83000183105469,81.25,77.72000122070312,4910400.0,77.5945053100586
2013-09-20,79.48999786376953,77.7300033569336,77.83999633789062,78.58999633789062,3270300.0,78.46310424804688
2013-09-23,78.55999755859375,76.58999633789062,78.18000030517578,78.23999786376953,2458000.0,78.1136703491211
2013-09-24,79.0999984741211,77.7300033569336,78.38999938964844,78.30999755859375,1640000.0,78.18354797363281
2013-09-25,78.83999633789062,78.02999877929688,78.5199966430664,78.31999969482422,1107400.0,78.19354248046875
2013-09-26,79.16000366210938,77.33000183105469,78.58000183105469,78.04000091552734,1546700.0,77.91399383544922
2013-09-27,78.0999984741211,77.37999725341797,77.62999725341797,77.6500015258789,1076700.0,77.52462005615234
2013-09-30,77.12999725341797,76.30999755859375,77.05999755859375,76.86000061035156,2021000.0,76.73589324951172
2013-10-01,78.88999938964844,76.73999786376953,76.9000015258789,78.55000305175781,1408300.0,78.42316436767578
2013-10-02,78.55999755859375,77.47000122070312,78.19000244140625,78.41999816894531,1286400.0,78.29337310791016
2013-10-03,78.5,77.76000213623047,78.16999816894531,78.0999984741211,1445300.0,77.97389221191406
2013-10-04,79.72000122070312,77.91000366210938,78.12999725341797,79.2300033569336,1786800.0,79.10208129882812
2013-10-07,78.83999633789062,78.12999725341797,78.44000244140625,78.13999938964844,987800.0,78.01382446289062
2013-10-08,78.20999908447266,77.37999725341797,78.02999877929688,77.4000015258789,1379600.0,77.2750244140625
2013-10-09,77.80999755859375,77.0199966430664,77.47000122070312,77.18000030517578,1251300.0,77.05538177490234
2013-10-10,79.51000213623047,77.77999877929688,77.87999725341797,79.08000183105469,1379700.0,78.95230865478516
2013-10-11,79.86000061035156,78.7300033569336,79.05999755859375,79.5999984741211,1083200.0,79.47147369384766
2013-10-14,79.61000061035156,78.62000274658203,79.13999938964844,79.25,1375600.0,79.12203979492188
2013-10-15,79.45999908447266,78.0999984741211,79.06999969482422,78.1500015258789,1370200.0,78.02381134033203
2013-10-16,80.51000213623047,78.6500015258789,78.83000183105469,80.47000122070312,1564500.0,80.3400650024414
2013-10-17,79.55999755859375,77.45999908447266,79.55999755859375,77.4800033569336,3150300.0,77.35489654541016
2013-10-18,77.5999984741211,74.45999908447266,77.47000122070312,74.94999694824219,4564400.0,74.82897186279297
2013-10-21,76.19999694824219,74.1500015258789,74.77999877929688,75.94999694824219,1981600.0,75.8273696899414
2013-10-22,77.41000366210938,76.0999984741211,76.0999984741211,76.47000122070312,1255600.0,76.34652709960938
2013-10-23,76.37999725341797,73.7300033569336,76.3499984741211,73.9000015258789,2680100.0,73.78067779541016
2013-10-24,74.58999633789062,72.63999938964844,74.26000213623047,73.16999816894531,2122400.0,73.0518569946289
2013-10-25,74.0199966430664,72.79000091552734,73.06999969482422,73.9000015258789,2100700.0,73.78067779541016
2013-10-28,74.58000183105469,73.7300033569336,74.0999984741211,74.2300033569336,1621000.0,74.11014556884766
2013-10-29,74.4000015258789,73.68000030517578,74.13999938964844,74.30000305175781,1768000.0,74.1800308227539
2013-10-30,75.55000305175781,74.44000244140625,74.44000244140625,74.63999938964844,2264200.0,74.51947784423828
2013-10-31,78.41000366210938,75.56999969482422,76.88999938964844,76.9800033569336,3201300.0,76.85569763183594
2013-11-01,78.5,76.61000061035156,76.98999786376953,78.37999725341797,2513800.0,78.2534408569336
2013-11-04,79.63999938964844,78.4000015258789,78.76000213623047,79.61000061035156,1806800.0,79.48146057128906
2013-11-05,80.44000244140625,78.79000091552734,79.12999725341797,79.51000213623047,3954900.0,79.38162231445312
2013-11-06,81.13999938964844,79.30000305175781,79.61000061035156,80.41000366210938,1287200.0,80.2801742553711
2013-11-07,81.13999938964844,79.22000122070312,80.7300033569336,79.27999877929688,1420000.0,79.15198516845703
2013-11-08,80.69000244140625,79.29000091552734,79.43000030517578,80.68000030517578,1434800.0,80.54972839355469
2013-11-11,81.3499984741211,80.61000061035156,80.7699966430664,81.11000061035156,741800.0,80.97903442382812
2013-11-12,81.25,80.58000183105469,80.98999786376953,81.0999984741211,1066900.0,80.96904754638672
2013-11-13,82.19999694824219,80.98999786376953,81.08999633789062,82.16999816894531,1703200.0,82.03732299804688
2013-11-14,83.05000305175781,82.05999755859375,82.19000244140625,83.02999877929688,1430300.0,82.89593505859375
2013-11-15,83.66000366210938,82.79000091552734,82.91000366210938,83.63999938964844,1352300.0,83.50494384765625
2013-11-18,84.25,83.52999877929688,83.69999694824219,84.11000061035156,918900.0,83.97418975830078
2013-11-19,84.80000305175781,84.18000030517578,84.44999694824219,84.6500015258789,1304400.0,84.51332092285156
2013-11-20,86.44999694824219,84.5199966430664,84.77999877929688,85.81999969482422,1801100.0,85.68142700195312
2013-11-21,87.41999816894531,85.68000030517578,86.4000015258789,85.7300033569336,1714300.0,85.59156799316406
2013-11-22,86.87000274658203,85.58000183105469,85.73999786376953,86.62000274658203,1561200.0,86.48014068603516
2013-11-25,88.33999633789062,86.5199966430664,86.76000213623047,88.18000030517578,1477700.0,88.0376205444336
2013-11-26,88.56999969482422,87.77999877929688,88.02999877929688,87.94999694824219,1585200.0,87.80799102783203
2013-11-27,88.36000061035156,87.79000091552734,88.19999694824219,88.0199966430664,996700.0,87.87787628173828
2013-11-29,88.48999786376953,87.33999633789062,88.44000244140625,87.44999694824219,689100.0,87.30879211425781
2013-12-02,88.08999633789062,87.01000213623047,87.37000274658203,87.16999816894531,1321200.0,87.02925109863281
2013-12-03,87.04000091552734,86.01000213623047,86.86000061035156,86.16000366210938,1760600.0,86.0208740234375
2013-12-04,86.83000183105469,85.08999633789062,85.9000015258789,85.94999694824219,1314700.0,85.81121826171875
2013-12-05,85.91999816894531,84.2300033569336,85.87000274658203,84.31999969482422,1174000.0,84.18384552001953
2013-12-06,86.62999725341797,85.20999908447266,85.31999969482422,86.5,1362600.0,86.36033630371094
2013-12-09,87.93000030517578,86.91999816894531,87.51000213623047,87.1500015258789,1394900.0,87.00927734375
2013-12-10,87.01000213623047,86.08000183105469,86.80999755859375,86.0999984741211,1258600.0,85.96097564697266
2013-12-11,86.48999786376953,84.8499984741211,85.97000122070312,85.12999725341797,1865900.0,84.99253845214844
2013-12-12,85.31999969482422,84.0199966430664,84.86000061035156,84.27999877929688,1525500.0,84.1439208984375
2013-12-13,85.26000213623047,83.16000366210938,84.55999755859375,83.25,1141600.0,83.1155776977539
2013-12-16,84.44999694824219,83.0199966430664,84.05999755859375,83.94999694824219,1329500.0,83.814453125
2013-12-17,84.18000030517578,83.5199966430664,84.1500015258789,83.77999877929688,1366700.0,83.64472198486328
2013-12-18,85.05000305175781,83.16000366210938,83.98999786376953,85.04000091552734,1086700.0,84.90267944335938
2013-12-19,85.37999725341797,83.9800033569336,84.63999938964844,85.31999969482422,1122900.0,85.18223571777344
2013-12-20,85.72000122070312,84.72000122070312,85.48999786376953,85.25,2148200.0,85.11234283447266
2013-12-23,86.18000030517578,85.47000122070312,85.80000305175781,85.98999786376953,713900.0,85.85115051269531
2013-12-24,86.55000305175781,85.83000183105469,86.16999816894531,86.16999816894531,246600.0,86.0308609008789
2013-12-26,86.9800033569336,86.20999908447266,86.30999755859375,86.80999755859375,386100.0,86.66983032226562
2013-12-27,87.2300033569336,86.41999816894531,86.8499984741211,86.52999877929688,365900.0,86.3902816772461
2013-12-30,86.75,85.72000122070312,86.52999877929688,86.61000061035156,871600.0,86.47015380859375
2013-12-31,87.7300033569336,86.43000030517578,86.69000244140625,87.4800033569336,770200.0,87.33875274658203
2014-01-02,87.44999694824219,86.19000244140625,86.98999786376953,86.19999694824219,1021700.0,86.0608139038086
2014-01-03,87.0,86.08000183105469,86.29000091552734,86.4000015258789,855400.0,86.26048278808594
2014-01-06,86.8499984741211,86.08000183105469,86.80999755859375,86.12999725341797,1185500.0,85.99091339111328
2014-01-07,88.55999755859375,86.29000091552734,86.29000091552734,88.3499984741211,1468000.0,88.20734405517578
2014-01-08,88.3499984741211,87.73999786376953,88.25,87.91000366210938,1421600.0,87.76805877685547
2014-01-09,90.51000213623047,87.94999694824219,87.94999694824219,90.05000305175781,1980900.0,89.90460205078125
2014-01-10,90.62999725341797,88.77999877929688,90.41000366210938,89.20999908447266,1055800.0,89.06594848632812
2014-01-13,89.81999969482422,88.7300033569336,88.93000030517578,88.77999877929688,959600.0,88.63664245605469
2014-01-14,89.83999633789062,88.55999755859375,88.7300033569336,89.48999786376953,867100.0,89.34551239013672
2014-01-15,90.0199966430664,89.33999633789062,89.63999938964844,89.86000061035156,1298200.0,89.71491241455078
2014-01-16,89.66000366210938,88.58999633789062,89.5,88.81999969482422,1537800.0,88.67658996582031
2014-01-17,89.62999725341797,88.20999908447266,89.08000183105469,89.45999908447266,996800.0,89.31555938720703
2014-01-21,90.55000305175781,89.36000061035156,89.80999755859375,90.12999725341797,1207300.0,89.98445892333984
2014-01-22,90.4800033569336,89.29000091552734,90.3499984741211,89.66000366210938,968200.0,89.51522827148438
2014-01-23,89.62000274658203,88.62999725341797,88.72000122070312,89.54000091552734,1122800.0,89.39542388916016
2014-01-24,89.44000244140625,86.5,89.41000366210938,86.69999694824219,1566500.0,86.56000518798828
2014-01-27,87.75,86.12999725341797,86.55000305175781,87.0,1310400.0,86.85952758789062
2014-01-28,87.4800033569336,85.9000015258789,86.95999908447266,85.94000244140625,1535000.0,85.80123901367188
2014-01-29,87.43000030517578,84.75,85.4800033569336,85.87999725341797,1425600.0,85.7413330078125
2014-01-30,88.05000305175781,86.58999633789062,86.62000274658203,87.6500015258789,984100.0,87.50847625732422
2014-01-31,87.12999725341797,85.9800033569336,86.69999694824219,86.30999755859375,1421300.0,86.1706314086914
2014-02-03,86.66000366210938,84.44999694824219,86.45999908447266,84.5199966430664,1367700.0,84.3835220336914
2014-02-04,85.01000213623047,83.68000030517578,84.75,84.94999694824219,1090100.0,84.81282806396484
2014-02-05,85.7300033569336,84.11000061035156,84.2300033569336,85.06999969482422,1493600.0,84.9326400756836
2014-02-06,85.56999969482422,84.68000030517578,85.51000213623047,85.37000274658203,1552000.0,85.23216247558594
2014-02-07,80.93000030517578,76.12999725341797,80.11000061035156,77.47000122070312,8994700.0,77.34490966796875
2014-02-10,77.47000122070312,76.29000091552734,77.44999694824219,76.73999786376953,4078200.0,76.6160888671875
2014-02-11,77.73999786376953,76.37000274658203,76.69999694824219,77.22000122070312,4185700.0,77.0953140258789
2014-02-12,77.62999725341797,75.68000030517578,77.38999938964844,75.94000244140625,3877600.0,75.8173828125
2014-02-13,76.44000244140625,75.37000274658203,75.69999694824219,76.13999938964844,4297700.0,76.01705169677734
2014-02-14,78.11000061035156,75.94000244140625,75.98999786376953,77.70999908447266,4840900.0,77.58452606201172
2014-02-18,78.66000366210938,77.55999755859375,77.86000061035156,77.58999633789062,3107900.0,77.46470642089844
2014-02-19,77.83999633789062,76.37000274658203,77.5,76.44000244140625,2027500.0,76.31657409667969
2014-02-20,77.58000183105469,76.4800033569336,76.76000213623047,77.0999984741211,3099400.0,76.97550201416016
2014-02-21,78.27999877929688,76.68000030517578,76.68000030517578,77.33999633789062,2497000.0,77.21511840820312
2014-02-24,79.62999725341797,77.0199966430664,77.0999984741211,79.19000244140625,3548400.0,79.0621337890625
2014-02-25,79.16999816894531,77.8499984741211,79.0,78.16000366210938,2112300.0,78.03380584716797
2014-02-26,78.56999969482422,77.41999816894531,78.02999877929688,78.0199966430664,1380300.0,77.89401245117188
2014-02-27,78.4800033569336,77.48999786376953,78.19999694824219,77.80000305175781,1256500.0,77.67437744140625
2014-02-28,80.04000091552734,77.6500015258789,77.87999725341797,79.58999633789062,2567900.0,79.46147918701172
2014-03-03,79.33999633789062,78.16999816894531,78.7699966430664,78.61000061035156,1578900.0,78.48306274414062
2014-03-04,79.9000015258789,79.08999633789062,79.20999908447266,79.70999908447266,1654500.0,79.58129119873047
2014-03-05,80.0,78.95999908447266,79.80999755859375,79.7300033569336,1401200.0,79.60125732421875
2014-03-06,80.27999877929688,79.0199966430664,80.0,79.06999969482422,1454600.0,78.94232177734375
2014-03-07,79.5199966430664,78.68000030517578,79.33000183105469,79.05000305175781,1477000.0,78.92236328125
2014-03-10,79.70999908447266,78.56999969482422,78.79000091552734,79.66000366210938,1441700.0,79.57164001464844
2014-03-11,80.47000122070312,79.6500015258789,79.68000030517578,79.95999908447266,1823800.0,79.87129211425781
2014-03-12,79.76000213623047,78.9000015258789,79.06999969482422,79.30000305175781,2654900.0,79.2120361328125
2014-03-13,79.77999877929688,77.66999816894531,79.62999725341797,77.68000030517578,2587000.0,77.59383392333984
2014-03-14,77.97000122070312,76.41000366210938,77.72000122070312,76.55000305175781,2504600.0,76.465087890625
2014-03-17,77.93000030517578,76.62999725341797,76.91999816894531,77.77999877929688,2099100.0,77.6937255859375
2014-03-18,77.91999816894531,77.33000183105469,77.66999816894531,77.69000244140625,2101700.0,77.60382080078125
2014-03-19,80.94000244140625,77.7300033569336,77.9000015258789,80.27999877929688,3518600.0,80.1909408569336
2014-03-20,83.83000183105469,80.1500015258789,80.30999755859375,82.79000091552734,4128800.0,82.69817352294922
2014-03-21,84.37000274658203,82.0,83.55999755859375,82.04000091552734,3232400.0,81.94900512695312
2014-03-24,82.81999969482422,80.55999755859375,82.25,80.81999969482422,1887300.0,80.7303466796875
2014-03-25,81.62000274658203,80.0999984741211,81.61000061035156,80.30999755859375,1285700.0,80.22090911865234
2014-03-26,80.87000274658203,79.7699966430664,80.41000366210938,80.0,1682500.0,79.9112548828125
2014-03-27,80.11000061035156,76.79000091552734,80.11000061035156,77.48999786376953,3324800.0,77.40404510498047
2014-03-28,79.55000305175781,77.88999938964844,78.06999969482422,79.41000366210938,2532600.0,79.32191467285156
2014-03-31,84.27999877929688,80.12999725341797,80.18000030517578,83.7300033569336,5921700.0,83.63711547851562
2014-04-01,84.7300033569336,83.0,83.93000030517578,83.05000305175781,2669500.0,82.95787811279297
2014-04-02,83.11000061035156,82.22000122070312,82.94000244140625,82.48999786376953,1439000.0,82.39849853515625
2014-04-03,83.20999908447266,82.30999755859375,82.37999725341797,83.0199966430664,2189900.0,82.92790985107422
2014-04-04,83.73999786376953,81.73999786376953,83.3499984741211,81.80000305175781,1610500.0,81.70926666259766
2014-04-07,82.2300033569336,80.66000366210938,81.47000122070312,80.87000274658203,2375400.0,80.7802963256836
2014-04-08,81.91000366210938,80.3499984741211,80.79000091552734,81.31999969482422,1847900.0,81.22979736328125
2014-04-09,82.2300033569336,81.23999786376953,81.5199966430664,81.58000183105469,1660400.0,81.48951721191406
2014-04-10,82.0,78.7699966430664,81.58000183105469,79.08999633789062,2102900.0,79.00226593017578
2014-04-11,78.98999786376953,76.95999908447266,78.69000244140625,77.11000061035156,2109900.0,77.02446746826172
2014-04-14,77.91999816894531,76.45999908447266,77.79000091552734,77.3499984741211,1681200.0,77.26419830322266
2014-04-15,77.77999877929688,76.2699966430664,77.7300033569336,77.33000183105469,1270500.0,77.24421691894531
2014-04-16,77.88999938964844,76.44000244140625,77.88999938964844,76.77999877929688,1639000.0,76.69483184814453
2014-04-17,76.13999938964844,73.47000122070312,73.4800033569336,75.63999938964844,2859800.0,75.55609893798828
2014-04-21,76.7699966430664,75.68000030517578,76.0999984741211,76.30000305175781,1321800.0,76.21536254882812
2014-04-22,77.63999938964844,76.16000366210938,76.30000305175781,77.27999877929688,1637300.0,77.19427490234375
2014-04-23,77.6500015258789,76.51000213623047,77.1500015258789,77.36000061035156,834900.0,77.2741928100586
2014-04-24,79.66999816894531,77.73999786376953,78.12000274658203,79.4800033569336,2207000.0,79.39183807373047
2014-04-25,79.69999694824219,78.22000122070312,79.25,78.94999694824219,1505500.0,78.86241912841797
2014-04-28,79.05999755859375,77.66000366210938,79.0199966430664,77.76000213623047,2091100.0,77.67374420166016
2014-04-29,78.1500015258789,77.80000305175781,78.1500015258789,77.8499984741211,1725000.0,77.76364135742188
2014-04-30,80.25,78.05000305175781,78.3499984741211,80.04000091552734,3213400.0,79.95121765136719
2014-05-01,83.44999694824219,81.69999694824219,82.97000122070312,82.05000305175781,2381100.0,81.958984375
2014-05-02,83.73999786376953,82.1500015258789,82.45999908447266,82.66000366210938,2185900.0,82.56830596923828
2014-05-05,83.94999694824219,82.0,82.22000122070312,83.77999877929688,2322000.0,83.68706512451172
2014-05-06,84.4000015258789,83.2699966430664,83.77999877929688,83.87000274658203,1691400.0,83.77696228027344
2014-05-07,85.4000015258789,83.79000091552734,84.0,85.37000274658203,2124900.0,85.27530670166016
2014-05-08,85.83999633789062,85.19999694824219,85.38999938964844,85.5999984741211,2281400.0,85.50504302978516
2014-05-09,86.6500015258789,85.33000183105469,85.5199966430664,86.48999786376953,2451600.0,86.39405822753906
2014-05-12,88.5999984741211,86.62999725341797,86.66000366210938,88.52999877929688,2829500.0,88.43180084228516
2014-05-13,88.95999908447266,88.04000091552734,88.5,88.4000015258789,2486800.0,88.30194091796875
2014-05-14,88.55999755859375,87.8499984741211,88.4000015258789,88.38999938964844,1500800.0,88.29194641113281
2014-05-15,88.4000015258789,87.13999938964844,88.12000274658203,87.45999908447266,1771700.0,87.36299133300781
2014-05-16,87.58999633789062,86.69999694824219,87.27999877929688,87.48999786376953,1358000.0,87.39295959472656
2014-05-19,88.58999633789062,87.5199966430664,87.62000274658203,88.45999908447266,1661200.0,88.36186981201172
2014-05-20,88.68000030517578,87.62999725341797,88.48999786376953,88.38999938964844,1636300.0,88.29194641113281
2014-05-21,89.38999938964844,88.54000091552734,88.54000091552734,89.18000030517578,1011600.0,89.08106994628906
2014-05-22,89.2699966430664,88.5,89.12000274658203,88.7699966430664,1372200.0,88.6715316772461
2014-05-23,89.55000305175781,88.5999984741211,89.0,89.23999786376953,1449600.0,89.14099884033203
2014-05-27,89.55000305175781,88.94999694824219,89.30000305175781,89.12000274658203,1503700.0,89.02114868164062
2014-05-28,89.94000244140625,89.0,89.55999755859375,89.47000122070312,1668100.0,89.3707504272461
2014-05-29,90.19000244140625,89.16000366210938,89.86000061035156,90.0999984741211,1210200.0,90.00005340576172
2014-05-30,90.2699966430664,89.29000091552734,89.76000213623047,89.77999877929688,2560900.0,89.68041229248047
2014-06-02,90.55000305175781,89.63999938964844,90.12999725341797,90.44999694824219,1326900.0,90.34966278076172
2014-06-03,90.58999633789062,90.12000274658203,90.38999938964844,90.4000015258789,1520500.0,90.29972839355469
2014-06-04,90.77999877929688,90.1500015258789,90.2699966430664,90.41000366210938,1159600.0,90.3097152709961
2014-06-05,91.0,90.13999938964844,90.44000244140625,90.29000091552734,1129800.0,90.1898422241211
2014-06-06,91.0,90.1500015258789,90.5,90.33000183105469,1263500.0,90.22980499267578
2014-06-09,90.51000213623047,89.48999786376953,90.01000213623047,89.83999633789062,1498500.0,89.74034118652344
2014-06-10,90.05999755859375,89.16000366210938,89.81999969482422,89.83999633789062,1051000.0,89.74034118652344
2014-06-11,91.62999725341797,89.66999816894531,89.69000244140625,91.45999908447266,1837500.0,91.35855102539062
2014-06-12,91.41000366210938,90.0999984741211,91.0199966430664,90.73999786376953,1360200.0,90.63934326171875
2014-06-13,91.04000091552734,89.87999725341797,90.44999694824219,91.0199966430664,1253800.0,90.91902923583984
2014-06-16,91.3499984741211,89.98999786376953,90.87000274658203,90.69999694824219,1655200.0,90.5993881225586
2014-06-17,90.73999786376953,89.55000305175781,90.4800033569336,90.0,1303300.0,89.9001693725586
2014-06-18,90.61000061035156,89.5199966430664,89.91999816894531,90.58000183105469,922900.0,90.47953033447266
2014-06-19,91.80999755859375,90.27999877929688,90.79000091552734,91.37000274658203,1119000.0,91.2686538696289
2014-06-20,91.9800033569336,91.16999816894531,91.6500015258789,91.86000061035156,1988900.0,91.75811004638672
2014-06-23,91.98999786376953,91.2699966430664,91.9800033569336,91.45999908447266,820700.0,91.35855102539062
2014-06-24,91.7699966430664,90.2699966430664,91.47000122070312,90.27999877929688,1324500.0,90.17985534667969
2014-06-25,92.11000061035156,90.3499984741211,90.4800033569336,92.11000061035156,1442400.0,92.00782775878906
2014-06-26,91.87000274658203,90.73999786376953,91.73999786376953,91.3499984741211,1010800.0,91.24866485595703
2014-06-27,92.16999816894531,91.06999969482422,91.58000183105469,91.91999816894531,1136800.0,91.81803894042969
2014-06-30,93.19999694824219,91.68000030517578,92.12999725341797,91.97000122070312,1530700.0,91.86798095703125
2014-07-01,93.30999755859375,92.0,92.0,92.62000274658203,1100900.0,92.51726531982422
2014-07-02,92.94000244140625,91.25,92.29000091552734,92.83999633789062,857600.0,92.73701477050781
2014-07-03,94.23999786376953,93.12999725341797,93.2699966430664,93.66000366210938,663300.0,93.55612182617188
2014-07-07,93.38999938964844,92.02999877929688,92.80000305175781,92.43000030517578,874800.0,92.32746887207031
2014-07-08,92.33999633789062,91.55999755859375,92.27999877929688,91.91999816894531,925500.0,91.81803894042969
2014-07-09,92.58999633789062,91.97000122070312,92.0199966430664,92.5199966430664,1262700.0,92.41737365722656
2014-07-10,92.93000030517578,91.58000183105469,91.66999816894531,92.30000305175781,1250900.0,92.19761657714844
2014-07-11,93.61000061035156,91.94999694824219,92.13999938964844,93.36000061035156,1221000.0,93.25643920898438
2014-07-14,95.16999816894531,93.63999938964844,93.6500015258789,94.22000122070312,1910100.0,94.11548614501953
2014-07-15,94.93000030517578,93.62000274658203,93.87999725341797,94.05000305175781,2113100.0,93.9456787109375
2014-07-16,94.55999755859375,93.7699966430664,94.27999877929688,93.95999908447266,2599300.0,93.85577392578125
2014-07-17,95.87000274658203,93.6500015258789,95.22000122070312,94.48999786376953,3045400.0,94.38517761230469
2014-07-18,96.38999938964844,94.19999694824219,94.68000030517578,96.31999969482422,1781000.0,96.2131576538086
2014-07-21,95.95999908447266,94.87999725341797,95.7699966430664,95.52999877929688,2327400.0,95.42403411865234
2014-07-22,97.12999725341797,95.91000366210938,96.08000183105469,96.38999938964844,1672200.0,96.28307342529297
2014-07-23,97.27999877929688,96.0999984741211,96.63999938964844,96.80000305175781,1164600.0,96.692626953125
2014-07-24,97.23999786376953,96.51000213623047,96.70999908447266,96.75,1038700.0,96.64268493652344
2014-07-25,96.30000305175781,94.4000015258789,95.29000091552734,95.76000213623047,764800.0,95.65377807617188
2014-07-28,96.94999694824219,95.52999877929688,95.79000091552734,96.87000274658203,976200.0,96.7625503540039
2014-07-29,96.62999725341797,93.62000274658203,96.5999984741211,94.62999725341797,3099600.0,94.5250244140625
2014-07-30,95.29000091552734,92.20999908447266,95.29000091552734,93.5,3324200.0,93.39628601074219
2014-07-31,91.63999938964844,87.33000183105469,90.05999755859375,90.04000091552734,4402800.0,89.94012451171875
2014-08-01,91.7699966430664,90.0,90.22000122070312,90.76000213623047,1577200.0,90.6593246459961
2014-08-04,92.08000183105469,90.2300033569336,91.08000183105469,91.80999755859375,1502400.0,91.7081527709961
2014-08-05,92.45999908447266,90.62999725341797,91.6500015258789,90.87000274658203,1473200.0,90.76920318603516
2014-08-06,92.2699966430664,90.5999984741211,90.5999984741211,91.47000122070312,920900.0,91.36854553222656
2014-08-07,91.58999633789062,88.66000366210938,91.48999786376953,88.75,2160800.0,88.65155029296875
2014-08-08,90.68000030517578,88.69000244140625,88.83999633789062,90.5999984741211,1273700.0,90.49949645996094
2014-08-11,90.94000244140625,89.97000122070312,90.80999755859375,90.01000213623047,1822500.0,89.91015625
2014-08-12,91.27999877929688,90.01000213623047,90.1500015258789,90.47000122070312,1840700.0,90.3696517944336
2014-08-13,91.62000274658203,90.3499984741211,90.93000030517578,91.33999633789062,1752100.0,91.2386703491211
2014-08-14,93.20999908447266,91.19000244140625,91.44999694824219,92.97000122070312,1335100.0,92.86686706542969
2014-08-15,93.16999816894531,91.52999877929688,93.0,92.55999755859375,1333300.0,92.45732879638672
2014-08-18,93.16000366210938,92.2699966430664,93.0,93.1500015258789,567000.0,93.04666900634766
2014-08-19,93.76000213623047,92.72000122070312,93.12999725341797,93.68000030517578,736000.0,93.57608795166016
2014-08-20,93.98999786376953,93.0199966430664,93.55999755859375,93.94999694824219,575800.0,93.84578704833984
2014-08-21,94.5199966430664,93.45999908447266,93.94999694824219,93.97000122070312,618500.0,93.86576080322266
2014-08-22,94.05999755859375,92.93000030517578,94.0,93.13999938964844,819000.0,93.03668975830078
2014-08-25,93.87000274658203,93.05999755859375,93.37999725341797,93.27999877929688,637800.0,93.17652893066406
2014-08-26,93.95999908447266,93.2300033569336,93.55999755859375,93.76000213623047,1073600.0,93.65599822998047
2014-08-27,94.51000213623047,93.30000305175781,93.7699966430664,94.4800033569336,1235800.0,94.37519836425781
2014-08-28,95.30999755859375,94.25,94.25,94.52999877929688,943500.0,94.42514038085938
2014-08-29,95.6500015258789,94.27999877929688,94.76000213623047,94.5999984741211,1182100.0,94.49505615234375
2014-09-02,95.0999984741211,93.44999694824219,94.91999816894531,94.19999694824219,826100.0,94.09549713134766
2014-09-03,95.13999938964844,94.20999908447266,94.33999633789062,94.75,1164000.0,94.64490509033203
2014-09-04,97.06999969482422,94.83999633789062,94.91999816894531,95.48999786376953,1140900.0,95.38407135009766
2014-09-05,96.76000213623047,95.45999908447266,95.55000305175781,96.38999938964844,1217500.0,96.28307342529297
2014-09-08,96.2699966430664,95.55999755859375,96.0999984741211,96.01000213623047,821000.0,95.90351104736328
2014-09-09,96.62999725341797,95.68000030517578,96.01000213623047,95.9800033569336,1034800.0,95.87354278564453
2014-09-10,96.33000183105469,94.0199966430664,96.33000183105469,94.33000183105469,1432700.0,94.22535705566406
2014-09-11,94.01000213623047,92.5199966430664,93.75,93.3499984741211,1537900.0,93.24644470214844
2014-09-12,93.5999984741211,92.01000213623047,93.5999984741211,92.31999969482422,983600.0,92.21759796142578
2014-09-15,92.4000015258789,91.4800033569336,92.13999938964844,91.5199966430664,1198400.0,91.4184799194336
2014-09-16,93.41999816894531,91.0999984741211,91.62000274658203,93.23999786376953,1061700.0,93.1365737915039
2014-09-17,94.88999938964844,93.66999816894531,94.29000091552734,94.08999633789062,1432900.0,93.98562622070312
2014-09-18,95.45999908447266,94.31999969482422,94.36000061035156,95.20999908447266,1093000.0,95.1043930053711
2014-09-19,95.97000122070312,95.01000213623047,95.66999816894531,95.25,1672300.0,95.14434051513672
2014-09-22,95.79000091552734,94.5199966430664,95.16999816894531,94.69999694824219,863100.0,94.59495544433594
2014-09-23,94.70999908447266,92.95999908447266,94.36000061035156,92.9800033569336,1088400.0,92.87686157226562
2014-09-24,94.98999786376953,92.7300033569336,93.16999816894531,94.81999969482422,854300.0,94.7148208618164
2014-09-25,94.63999938964844,91.33999633789062,94.63999938964844,91.72000122070312,1496300.0,91.6182632446289
2014-09-26,92.12999725341797,91.1500015258789,91.7699966430664,91.81999969482422,1025800.0,91.71814727783203
2014-09-29,91.77999877929688,90.83000183105469,90.97000122070312,91.23999786376953,1317800.0,91.1387939453125
2014-09-30,91.69999694824219,90.52999877929688,91.43000030517578,90.69000244140625,1392300.0,90.58940124511719
2014-10-01,90.94999694824219,89.19999694824219,90.79000091552734,89.44000244140625,1296400.0,89.34078979492188
2014-10-02,89.68000030517578,87.76000213623047,89.37999725341797,88.72000122070312,1545000.0,88.62158966064453
2014-10-03,90.94000244140625,89.0199966430664,89.5199966430664,90.58999633789062,2639800.0,90.48950958251953
2014-10-06,91.4000015258789,88.76000213623047,90.97000122070312,89.19000244140625,1417000.0,89.09107208251953
2014-10-07,90.83000183105469,88.77999877929688,89.05000305175781,89.11000061035156,2611500.0,89.01115417480469
2014-10-08,91.47000122070312,89.19000244140625,89.3499984741211,91.41999816894531,1413600.0,91.31858825683594
2014-10-09,91.86000061035156,89.77999877929688,91.41999816894531,89.9800033569336,1196000.0,89.88019561767578
2014-10-10,92.06999969482422,90.19999694824219,90.19999694824219,90.58999633789062,1510800.0,90.48950958251953
2014-10-13,91.16999816894531,89.55000305175781,90.33999633789062,89.68000030517578,1594200.0,89.58052825927734
2014-10-14,89.05999755859375,86.69999694824219,88.9800033569336,87.70999908447266,3865700.0,87.61270141601562
2014-10-15,89.0999984741211,85.75,86.5,88.7300033569336,3128400.0,88.63157653808594
2014-10-16,89.94999694824219,87.66999816894531,88.05999755859375,88.02999877929688,2593500.0,87.93234252929688
2014-10-17,90.37000274658203,88.31999969482422,88.8499984741211,89.04000091552734,1687700.0,88.94123840332031
2014-10-20,90.69999694824219,89.19000244140625,89.30000305175781,90.5999984741211,986000.0,90.49949645996094
2014-10-21,92.88999938964844,91.26000213623047,91.43000030517578,92.70999908447266,1249700.0,92.6071548461914
2014-10-22,93.08000183105469,91.41000366210938,92.94000244140625,91.44999694824219,1735800.0,91.34855651855469
2014-10-23,93.11000061035156,92.02999877929688,92.52999877929688,92.2699966430664,874500.0,92.16764831542969
2014-10-24,92.86000061035156,91.55000305175781,92.44000244140625,92.83000183105469,756600.0,92.7270278930664
2014-10-27,93.23999786376953,92.36000061035156,92.8499984741211,92.6500015258789,713300.0,92.54722595214844
2014-10-28,92.58000183105469,90.55000305175781,91.4800033569336,92.58000183105469,1532400.0,92.47731018066406
2014-10-29,94.13999938964844,92.69000244140625,92.9000015258789,94.0,2970900.0,93.8957290649414
2014-10-30,97.55999755859375,94.5,94.5,97.0999984741211,3049900.0,96.99229431152344
2014-10-31,99.75,97.58000183105469,98.66000366210938,99.56999969482422,2593600.0,99.45955657958984
2014-11-03,100.63999938964844,99.37999725341797,99.63999938964844,99.7300033569336,1659500.0,99.61937713623047
2014-11-04,101.2699966430664,99.4800033569336,99.5,101.0199966430664,3345400.0,100.9079360961914
2014-11-05,102.16000366210938,99.77999877929688,102.16000366210938,100.0,2339800.0,99.88907623291016
2014-11-06,101.9000015258789,99.91000366210938,100.27999877929688,101.33999633789062,2014400.0,101.22759246826172
2014-11-07,101.20999908447266,98.12000274658203,100.56999969482422,98.98999786376953,2584900.0,98.88019561767578
2014-11-10,101.7300033569336,98.93000030517578,98.97000122070312,101.27999877929688,1980300.0,101.16765594482422
2014-11-11,102.66999816894531,101.45999908447266,101.5199966430664,102.12999725341797,1924400.0,102.01670837402344
2014-11-12,102.37999725341797,101.36000061035156,101.5999984741211,102.11000061035156,1479400.0,101.9967269897461
2014-11-13,103.5,101.87999725341797,102.08000183105469,102.70999908447266,2110100.0,102.5960693359375
2014-11-14,102.97000122070312,101.44999694824219,102.75,101.9000015258789,1706600.0,101.7869644165039
2014-11-17,103.22000122070312,101.88999938964844,101.91000366210938,102.94000244140625,1468400.0,102.82581329345703
2014-11-18,104.55000305175781,102.97000122070312,102.97000122070312,103.94999694824219,1579700.0,103.83467864990234
2014-11-19,103.9800033569336,102.37000274658203,103.9800033569336,102.62999725341797,1419200.0,102.51615142822266
2014-11-20,102.69000244140625,101.87999725341797,102.36000061035156,102.20999908447266,1372000.0,102.09661865234375
2014-11-21,103.31999969482422,102.01000213623047,103.27999877929688,102.18000030517578,1566400.0,102.06665802001953
2014-11-24,102.88999938964844,101.93000030517578,102.61000061035156,102.4000015258789,1838500.0,102.28640747070312
2014-11-25,102.61000061035156,101.12999725341797,102.48999786376953,101.9000015258789,1434300.0,101.7869644165039
2014-11-26,102.66999816894531,101.33000183105469,102.18000030517578,102.01000213623047,1045700.0,101.89684295654297
2014-11-28,103.58999633789062,102.43000030517578,102.43000030517578,102.88999938964844,938300.0,102.77586364746094
2014-12-01,103.36000061035156,101.87000274658203,102.62999725341797,102.55999755859375,1376100.0,102.44622802734375
2014-12-02,103.98999786376953,102.47000122070312,102.93000030517578,103.37999725341797,1493500.0,103.26532745361328
2014-12-03,104.55000305175781,103.45999908447266,103.83999633789062,104.02999877929688,1207900.0,103.91460418701172
2014-12-04,104.11000061035156,102.45999908447266,104.0,103.19000244140625,1184000.0,103.0755386352539
2014-12-05,105.06999969482422,103.31999969482422,103.45999908447266,104.70999908447266,1160900.0,104.5938491821289
2014-12-08,105.5999984741211,104.33999633789062,104.5999984741211,104.87999725341797,1120500.0,104.76365661621094
2014-12-09,104.63999938964844,103.0199966430664,103.2699966430664,104.38999938964844,1064100.0,104.27420043945312
2014-12-10,104.43000030517578,102.26000213623047,104.16000366210938,102.4000015258789,1442600.0,102.28640747070312
2014-12-11,103.5999984741211,102.19999694824219,102.63999938964844,102.43000030517578,1307500.0,102.3163833618164
2014-12-12,103.45999908447266,101.52999877929688,101.62999725341797,101.7300033569336,1184800.0,101.61715698242188
2014-12-15,103.43000030517578,100.41000366210938,102.58000183105469,101.3499984741211,1415000.0,101.2375717163086
2014-12-16,102.95999908447266,99.87999725341797,101.16000366210938,99.97000122070312,1131600.0,99.85910034179688
2014-12-17,102.23999786376953,100.22000122070312,100.3499984741211,101.5999984741211,1108900.0,101.48729705810547
2014-12-18,104.58000183105469,102.36000061035156,102.75,104.58000183105469,1236800.0,104.46399688720703
2014-12-19,105.58999633789062,104.05000305175781,105.51000213623047,104.52999877929688,2480700.0,104.41404724121094
2014-12-22,105.30999755859375,104.33999633789062,104.45999908447266,105.19999694824219,1088700.0,105.08330535888672
2014-12-23,105.7300033569336,103.91999816894531,105.68000030517578,104.30999755859375,803200.0,104.19429016113281
2014-12-24,104.8499984741211,104.20999908447266,104.56999969482422,104.2300033569336,456600.0,104.11438751220703
2014-12-26,104.77999877929688,103.93000030517578,104.3499984741211,104.0,587500.0,103.88463592529297
2014-12-29,104.33999633789062,103.11000061035156,103.62000274658203,104.12000274658203,772000.0,104.00450897216797
2014-12-30,104.83000183105469,103.77999877929688,103.88999938964844,104.3499984741211,602700.0,104.23424530029297
2014-12-31,105.36000061035156,102.87000274658203,104.4800033569336,102.91000366210938,701200.0,102.79584503173828
2015-01-02,104.52999877929688,102.0999984741211,103.63999938964844,102.83000183105469,720600.0,102.71593475341797
2015-01-05,102.43000030517578,100.66999816894531,102.26000213623047,101.05999755859375,1455000.0,100.9478988647461
2015-01-06,102.55999755859375,100.86000061035156,101.7699966430664,101.45999908447266,2241400.0,101.34745025634766
2015-01-07,104.51000213623047,103.0999984741211,103.72000122070312,103.83999633789062,1781700.0,103.72480773925781
2015-01-08,109.23999786376953,105.0,105.0999984741211,109.12999725341797,2307000.0,109.00894165039062
2015-01-09,109.16000366210938,107.81999969482422,109.04000091552734,108.0,1310100.0,107.88020324707031
2015-01-12,108.55000305175781,105.58000183105469,108.55000305175781,106.18000030517578,1769700.0,106.06222534179688
2015-01-13,109.0999984741211,105.86000061035156,107.30000305175781,106.83000183105469,1070000.0,106.71150207519531
2015-01-14,108.33000183105469,105.2699966430664,105.63999938964844,107.44000244140625,1762800.0,107.3208236694336
2015-01-15,107.94000244140625,106.11000061035156,107.56999969482422,106.86000061035156,1133900.0,106.74146270751953
2015-01-16,107.97000122070312,105.83999633789062,106.83000183105469,107.88999938964844,1451300.0,107.77032470703125
2015-01-20,109.23999786376953,107.27999877929688,108.37000274658203,108.45999908447266,1170900.0,108.33969116210938
2015-01-21,110.72000122070312,108.0199966430664,108.48999786376953,110.12999725341797,1821000.0,110.0078353881836
2015-01-22,112.18000030517578,109.8499984741211,110.9000015258789,112.18000030517578,1664800.0,112.05555725097656
2015-01-23,112.94999694824219,109.88999938964844,112.19000244140625,109.97000122070312,1229300.0,109.8480224609375
2015-01-26,109.75,108.54000091552734,109.73999786376953,109.41000366210938,1306100.0,109.28864288330078
2015-01-27,109.44000244140625,108.19000244140625,108.75,108.83000183105469,820700.0,108.70928192138672
2015-01-28,110.19000244140625,108.54000091552734,110.08999633789062,108.69999694824219,2040500.0,108.57942199707031
2015-01-29,109.86000061035156,107.83999633789062,108.66999816894531,109.62000274658203,1354800.0,109.49840545654297
2015-01-30,109.47000122070312,106.62999725341797,108.66999816894531,106.83000183105469,1570800.0,106.71150207519531
2015-02-02,107.88999938964844,105.2300033569336,107.08000183105469,107.87999725341797,1431200.0,107.76033020019531
2015-02-03,109.08999633789062,107.68000030517578,107.88999938964844,108.69999694824219,1395700.0,108.57942199707031
2015-02-04,110.83000183105469,107.63999938964844,108.33999633789062,110.0999984741211,1768500.0,109.97786712646484
2015-02-05,113.38999938964844,111.25,111.30000305175781,112.22000122070312,2060900.0,112.09552001953125
2015-02-06,112.79000091552734,111.22000122070312,112.0999984741211,111.69999694824219,1345200.0,111.57608795166016
2015-02-09,112.05000305175781,110.76000213623047,111.4800033569336,111.0199966430664,1392000.0,110.8968505859375
2015-02-10,113.93000030517578,111.7300033569336,111.7699966430664,113.69999694824219,1152100.0,113.57386779785156
2015-02-11,115.2699966430664,113.43000030517578,113.43000030517578,115.06999969482422,1421900.0,114.9423599243164
2015-02-12,116.0,114.20999908447266,115.88999938964844,114.9800033569336,1080200.0,114.85245513916016
2015-02-13,114.7300033569336,113.62999725341797,114.7300033569336,114.47000122070312,1103200.0,114.343017578125
2015-02-17,115.5,113.25,114.26000213623047,115.4800033569336,1316800.0,115.35191345214844
2015-02-18,116.12000274658203,114.6500015258789,115.30000305175781,116.01000213623047,1012500.0,115.88131713867188
2015-02-19,116.91999816894531,115.30000305175781,115.58000183105469,116.19000244140625,795600.0,116.06111145019531
2015-02-20,118.61000061035156,116.06999969482422,116.38999938964844,118.54000091552734,1591600.0,118.40850830078125
2015-02-23,121.5,118.87000274658203,118.87000274658203,121.38999938964844,2298300.0,121.2553482055664
2015-02-24,122.0,120.69999694824219,121.37000274658203,120.76000213623047,1502800.0,120.62604522705078
2015-02-25,121.47000122070312,120.30999755859375,121.0,121.18000030517578,1438100.0,121.04557800292969
2015-02-26,121.88999938964844,120.80999755859375,120.81999969482422,121.58999633789062,1523900.0,121.45512390136719
2015-02-27,122.41999816894531,121.58000183105469,121.58000183105469,121.62999725341797,1557300.0,121.49507141113281
2015-03-02,123.0,121.0199966430664,121.41999816894531,122.4800033569336,2077500.0,122.3441390991211
2015-03-03,122.44999694824219,120.16999816894531,122.20999908447266,121.11000061035156,2265500.0,120.97565460205078
2015-03-04,122.3499984741211,118.69999694824219,119.25,121.86000061035156,2775700.0,121.72482299804688
2015-03-05,123.0,121.66999816894531,121.86000061035156,122.51000213623047,1605300.0,122.37410736083984
2015-03-06,122.08999633789062,119.81999969482422,122.0199966430664,120.56999969482422,2516800.0,120.4362564086914
2015-03-09,122.29000091552734,120.33999633789062,120.63999938964844,122.01000213623047,1617200.0,121.8746566772461
2015-03-10,121.02999877929688,119.80999755859375,120.91999816894531,119.80999755859375,1033800.0,119.71634674072266
2015-03-11,121.13999938964844,119.94000244140625,120.69999694824219,120.44999694824219,1293300.0,120.35584259033203
2015-03-12,122.87000274658203,121.0199966430664,121.0199966430664,122.75,1051800.0,122.65404510498047
2015-03-13,123.19999694824219,121.29000091552734,122.2300033569336,122.88999938964844,1028800.0,122.79393768310547
2015-03-16,126.26000213623047,123.01000213623047,123.29000091552734,125.01000213623047,1844400.0,124.91227722167969
2015-03-17,125.16999816894531,123.7699966430664,124.62000274658203,124.8499984741211,1261500.0,124.75240325927734
2015-03-18,128.0,124.5999984741211,125.0,127.48999786376953,1560000.0,127.39034271240234
2015-03-19,128.86000061035156,127.05000305175781,127.4800033569336,128.10000610351562,1290200.0,127.99987030029297
2015-03-20,129.30999755859375,127.94999694824219,129.22000122070312,128.3800048828125,2025700.0,128.27964782714844
2015-03-23,129.42999267578125,128.2100067138672,128.3800048828125,128.4199981689453,1225500.0,128.31961059570312
2015-03-24,130.02000427246094,128.32000732421875,128.52000427246094,129.57000732421875,1974200.0,129.46871948242188
2015-03-25,131.05999755859375,126.88999938964844,130.02999877929688,126.91000366210938,1647900.0,126.81079864501953
2015-03-26,127.52999877929688,125.05999755859375,125.87000274658203,126.20999908447266,1636700.0,126.11134338378906
2015-03-27,129.24000549316406,126.61000061035156,126.61000061035156,128.97999572753906,1495100.0,128.87918090820312
2015-03-30,131.1300048828125,129.52999877929688,130.8699951171875,129.9600067138672,1436900.0,129.85841369628906
2015-03-31,130.41000366210938,128.77999877929688,129.10000610351562,129.44000244140625,1862900.0,129.3388214111328
2015-04-01,130.3800048828125,128.0399932861328,129.64999389648438,130.3699951171875,2098000.0,130.26809692382812
2015-04-02,131.5800018310547,129.8000030517578,130.49000549316406,130.47000122070312,1468300.0,130.36801147460938
2015-04-06,132.3699951171875,129.6199951171875,129.80999755859375,131.80999755859375,1489900.0,131.70697021484375
2015-04-07,133.4600067138672,129.8800048828125,132.85000610351562,129.8800048828125,1595100.0,129.77847290039062
2015-04-08,131.5500030517578,130.02000427246094,130.2899932861328,131.49000549316406,1394000.0,131.38722229003906
2015-04-09,132.55999755859375,131.19000244140625,131.41000366210938,132.17999267578125,1381200.0,132.07666015625
2015-04-10,133.32000732421875,131.4499969482422,132.4499969482422,133.30999755859375,1667300.0,133.20579528808594
2015-04-13,134.9600067138672,132.72000122070312,133.50999450683594,132.8000030517578,1351300.0,132.69619750976562
2015-04-14,133.25,131.4199981689453,132.9199981689453,132.89999389648438,1585800.0,132.7960968017578
2015-04-15,133.58999633789062,129.7899932861328,133.13999938964844,130.22000122070312,3103700.0,130.1182098388672
2015-04-16,135.0,132.44000244140625,134.49000549316406,132.8000030517578,1936600.0,132.69619750976562
2015-04-17,132.57000732421875,130.11000061035156,132.0,131.1300048828125,1134800.0,131.02749633789062
2015-04-20,132.4199981689453,130.0800018310547,132.27999877929688,130.27000427246094,1388200.0,130.1681671142578
2015-04-21,131.44000244140625,130.1999969482422,130.8300018310547,130.6999969482422,1849400.0,130.59783935546875
2015-04-22,131.30999755859375,129.49000549316406,131.02000427246094,130.25,1242500.0,130.148193359375
2015-04-23,131.02999877929688,129.89999389648438,130.14999389648438,130.57000732421875,1353100.0,130.4679412841797
2015-04-24,130.8699951171875,130.24000549316406,130.52999877929688,130.66000366210938,1017100.0,130.557861328125
2015-04-27,131.67999267578125,129.6300048828125,131.1699981689453,130.25,2817200.0,130.148193359375
2015-04-28,132.02999877929688,128.44000244140625,130.61000061035156,131.7100067138672,2160900.0,131.60704040527344
2015-04-29,131.52999877929688,124.81999969482422,130.75999450683594,126.68000030517578,3426000.0,126.58097839355469
2015-04-30,128.14999389648438,124.27999877929688,126.36000061035156,124.63999938964844,2366200.0,124.54256439208984
2015-05-01,126.55999755859375,124.5,125.63999938964844,125.48999786376953,2680500.0,125.39190673828125
2015-05-04,127.77999877929688,125.77999877929688,126.06999969482422,126.7300033569336,2158000.0,126.63094329833984
2015-05-05,126.62999725341797,124.94000244140625,126.0999984741211,125.25,1459700.0,125.15209197998047
2015-05-06,126.5,124.37999725341797,126.23999786376953,125.29000091552734,1384200.0,125.19207000732422
2015-05-07,127.19999694824219,125.2300033569336,125.44000244140625,126.48999786376953,1395700.0,126.39112091064453
2015-05-08,128.97999572753906,127.25,127.31999969482422,128.49000549316406,1333800.0,128.3895721435547
2015-05-11,129.67999267578125,127.91000366210938,128.55999755859375,128.3000030517578,1252000.0,128.19970703125
2015-05-12,132.74000549316406,127.68000030517578,127.81999969482422,131.86000061035156,4211500.0,131.75692749023438
2015-05-13,133.35000610351562,131.3000030517578,132.4600067138672,131.69000244140625,2521000.0,131.58706665039062
2015-05-14,133.07000732421875,131.42999267578125,132.47999572753906,131.85000610351562,1460400.0,131.74693298339844
2015-05-15,132.35000610351562,131.25,131.75999450683594,132.05999755859375,1262800.0,131.95675659179688
2015-05-18,133.66000366210938,131.77999877929688,131.8699951171875,133.27000427246094,1104800.0,133.1658477783203
2015-05-19,134.72000122070312,133.5,134.11000061035156,133.77999877929688,1412500.0,133.67543029785156
2015-05-20,134.05999755859375,133.11000061035156,133.75,133.66000366210938,906000.0,133.55552673339844
2015-05-21,133.55999755859375,132.52000427246094,133.25,132.9499969482422,1133400.0,132.84608459472656
2015-05-22,137.16000366210938,132.61000061035156,132.9499969482422,135.86000061035156,3185700.0,135.75379943847656
2015-05-26,135.88999938964844,133.6999969482422,135.86000061035156,133.91000366210938,1355600.0,133.80532836914062
2015-05-27,135.6300048828125,134.16000366210938,134.64999389648438,134.94000244140625,1123300.0,134.8345184326172
2015-05-28,136.0399932861328,134.57000732421875,134.94000244140625,135.8699951171875,1094800.0,135.7637939453125
2015-05-29,145.3300018310547,134.66000366210938,135.58999633789062,140.8300018310547,6314600.0,140.71990966796875
2015-06-01,145.3000030517578,140.5,140.8699951171875,143.86000061035156,4593800.0,143.74754333496094
2015-06-02,143.14999389648438,140.6300048828125,143.0,141.50999450683594,3219800.0,141.3993682861328
2015-06-03,141.7899932861328,139.13999938964844,141.58999633789062,140.14999389648438,2450400.0,140.0404510498047
2015-06-04,139.8699951171875,136.97999572753906,139.67999267578125,137.69000244140625,2087000.0,137.58236694335938
2015-06-05,139.8300018310547,137.1699981689453,137.94000244140625,139.5,1743900.0,139.39096069335938
2015-06-08,140.72999572753906,138.72000122070312,139.47999572753906,138.77000427246094,1081800.0,138.6615447998047
2015-06-09,139.4600067138672,137.61000061035156,138.75,138.5,1094100.0,138.39173889160156
2015-06-10,140.3300018310547,138.00999450683594,138.82000732421875,139.83999633789062,1053400.0,139.73068237304688
2015-06-11,140.66000366210938,139.02000427246094,140.08999633789062,139.1999969482422,1422500.0,139.09117126464844
2015-06-12,138.80999755859375,137.1300048828125,138.80999755859375,137.30999755859375,1093800.0,137.20266723632812
2015-06-15,164.0,135.50999450683594,136.10000610351562,153.42999267578125,14199700.0,153.31005859375
2015-06-16,157.10000610351562,150.83999633789062,155.52000427246094,153.97000122070312,6698900.0,153.84963989257812
2015-06-17,156.75,153.5,154.25999450683594,155.39999389648438,3367500.0,155.2785186767578
2015-06-18,157.1300048828125,155.00999450683594,155.69000244140625,156.41000366210938,1974800.0,156.28773498535156
2015-06-19,157.1999969482422,155.0800018310547,156.1199951171875,155.25999450683594,1840200.0,155.1386260986328
2015-06-22,167.0,162.25999450683594,166.5,162.60000610351562,8989400.0,162.472900390625
2015-06-23,164.85000610351562,161.6699981689453,163.22999572753906,164.75,6580700.0,164.6212158203125
2015-06-24,166.1300048828125,164.0399932861328,164.55999755859375,165.75,3552300.0,165.6204376220703
2015-06-25,170.39999389648438,164.9600067138672,166.1699981689453,169.77000427246094,6178700.0,169.6372833251953
2015-06-26,170.67999267578125,164.91000366210938,169.30999755859375,168.05999755859375,11020400.0,167.92861938476562
2015-06-29,166.4199981689453,163.39999389648438,164.1300048828125,164.6699981689453,2930600.0,164.54129028320312
2015-06-30,166.38999938964844,161.8699951171875,166.38999938964844,162.0,3468900.0,161.87338256835938
2015-07-01,163.97999572753906,160.2100067138672,163.7899932861328,162.0399932861328,3589600.0,161.913330078125
2015-07-02,168.36000061035156,160.1300048828125,163.25,161.2899932861328,4357800.0,161.16392517089844
2015-07-06,161.00999450683594,156.7899932861328,159.07000732421875,160.05999755859375,4368700.0,159.93487548828125
2015-07-07,160.60000610351562,150.58999633789062,159.11000061035156,154.42999267578125,5094000.0,154.30926513671875
2015-07-08,154.11000061035156,150.0399932861328,152.72000122070312,150.44000244140625,2542300.0,150.32240295410156
2015-07-09,157.3699951171875,151.02000427246094,151.91000366210938,156.55999755859375,4161500.0,156.4376220703125
2015-07-10,159.42999267578125,155.1999969482422,157.5,157.2100067138672,1954600.0,157.0871124267578
2015-07-13,157.61000061035156,153.47000122070312,157.49000549316406,155.0500030517578,1728700.0,154.92881774902344
2015-07-14,156.5800018310547,154.7100067138672,155.4600067138672,155.9499969482422,1207100.0,155.82809448242188
2015-07-15,157.91000366210938,155.00999450683594,155.57000732421875,156.07000732421875,1256400.0,155.94801330566406
2015-07-16,156.42999267578125,153.2899932861328,155.52000427246094,154.2899932861328,1442200.0,154.1693878173828
2015-07-17,154.6999969482422,152.27000427246094,153.72000122070312,153.41000366210938,1951400.0,153.2900848388672
2015-07-20,154.00999450683594,151.00999450683594,153.1300048828125,152.92999267578125,1725900.0,152.81044006347656
2015-07-21,152.99000549316406,150.1699981689453,152.6199951171875,151.2899932861328,2223100.0,151.17172241210938
2015-07-22,153.38999938964844,150.64999389648438,151.30999755859375,151.07000732421875,1730900.0,150.951904296875
2015-07-23,158.0,153.02000427246094,157.0800018310547,154.36000061035156,6778700.0,154.2393341064453
2015-07-24,151.8000030517578,144.25,150.57000732421875,145.72000122070312,10349100.0,145.60609436035156
2015-07-27,147.25,144.02000427246094,145.05999755859375,145.89999389648438,3582500.0,145.78594970703125
2015-07-28,146.88999938964844,144.57000732421875,146.88999938964844,145.8699951171875,3324700.0,145.7559814453125
2015-07-29,147.1699981689453,145.02000427246094,146.25999450683594,145.41000366210938,3497600.0,145.2963409423828
2015-07-30,148.22999572753906,143.85000610351562,146.99000549316406,143.89999389648438,3535600.0,143.78750610351562
2015-07-31,145.25999450683594,143.30999755859375,144.47999572753906,144.05999755859375,2763600.0,143.94737243652344
2015-08-03,144.80999755859375,142.4499969482422,144.1699981689453,143.36000061035156,1778000.0,143.24794006347656
2015-08-04,144.2100067138672,143.05999755859375,143.39999389648438,143.88999938964844,2425800.0,143.77752685546875
2015-08-05,147.97999572753906,144.11000061035156,144.5800018310547,147.5500030517578,3503200.0,147.43466186523438
2015-08-06,148.49000549316406,145.2100067138672,147.19000244140625,146.8000030517578,2768500.0,146.68524169921875
2015-08-07,146.75,144.5399932861328,146.75,145.85000610351562,1025300.0,145.73599243164062
2015-08-10,147.25,145.19000244140625,146.3800048828125,145.67999267578125,1190100.0,145.5661163330078
2015-08-11,146.10000610351562,143.97999572753906,145.1699981689453,144.67999267578125,1806100.0,144.56690979003906
2015-08-12,143.83999633789062,140.80999755859375,143.77000427246094,143.35000610351562,1591200.0,143.2379608154297
2015-08-13,144.60000610351562,143.14999389648438,143.39999389648438,143.17999267578125,1691400.0,143.0680694580078
2015-08-14,144.72999572753906,143.08999633789062,143.3300018310547,144.1199951171875,1019100.0,144.00732421875
2015-08-17,146.72000122070312,143.0,143.39999389648438,146.58999633789062,1687700.0,146.4754180908203
2015-08-18,149.25999450683594,146.47000122070312,146.47000122070312,148.49000549316406,2389400.0,148.3739471435547
2015-08-19,149.86000061035156,146.49000549316406,147.75999450683594,149.14999389648438,2002000.0,149.0334014892578
2015-08-20,148.88999938964844,145.24000549316406,148.75,145.24000549316406,1729700.0,145.12646484375
2015-08-21,145.97999572753906,142.7100067138672,144.8800048828125,142.7100067138672,2243500.0,142.5984649658203
2015-08-24,140.35000610351562,124.16999816894531,127.30000305175781,135.75,3486200.0,135.64389038085938
2015-08-25,139.6699981689453,133.72000122070312,139.6699981689453,133.7899932861328,2090900.0,133.6854248046875
2015-08-26,138.02000427246094,134.58999633789062,136.33999633789062,137.5500030517578,2226500.0,137.44247436523438
2015-08-27,139.83999633789062,134.85000610351562,138.16000366210938,138.3000030517578,1913400.0,138.19189453125
2015-08-28,138.57000732421875,136.4499969482422,138.11000061035156,137.8699951171875,1416100.0,137.76222229003906
2015-08-31,142.10000610351562,137.2100067138672,137.4600067138672,140.7899932861328,2069100.0,140.67994689941406
2015-09-01,140.1199951171875,137.61000061035156,138.88999938964844,139.0,2014500.0,138.89134216308594
2015-09-02,140.24000549316406,137.6199951171875,139.89999389648438,139.33999633789062,1309400.0,139.2310791015625
2015-09-03,142.57000732421875,139.61000061035156,139.64999389648438,141.6199951171875,1536600.0,141.50927734375
2015-09-04,140.5500030517578,139.02999877929688,140.27999877929688,139.3800048828125,1830700.0,139.27105712890625
2015-09-08,141.7899932861328,139.50999450683594,139.8000030517578,141.0500030517578,971900.0,140.9397430419922
2015-09-09,142.49000549316406,139.5800018310547,142.10000610351562,139.75,1795100.0,139.64076232910156
2015-09-10,140.0,137.35000610351562,139.2100067138672,137.4600067138672,2665300.0,137.35255432128906
2015-09-11,139.63999938964844,136.52000427246094,136.75999450683594,139.6199951171875,1428000.0,139.5108642578125
2015-09-14,140.0,138.92999267578125,139.7100067138672,139.33999633789062,993000.0,139.2310791015625
2015-09-15,141.0500030517578,139.13999938964844,139.6699981689453,140.69000244140625,868000.0,140.5800323486328
2015-09-16,142.86000061035156,140.6699981689453,141.02000427246094,142.58999633789062,893600.0,142.47854614257812
2015-09-17,144.66000366210938,141.9199981689453,143.0,142.75,1011700.0,142.63841247558594
2015-09-18,142.6300048828125,141.0800018310547,141.44000244140625,141.6199951171875,1439400.0,141.50927734375
2015-09-21,142.9499969482422,140.55999755859375,142.3699951171875,142.08999633789062,832800.0,141.97891235351562
2015-09-22,141.80999755859375,140.14999389648438,141.80999755859375,141.14999389648438,793600.0,141.0396728515625
2015-09-23,143.1199951171875,140.25999450683594,140.97000122070312,142.7100067138672,1352300.0,142.5984649658203
2015-09-24,142.41000366210938,139.3000030517578,140.07000732421875,141.02000427246094,1211400.0,140.90977478027344
2015-09-25,141.85000610351562,136.38999938964844,141.64999389648438,137.47999572753906,1850200.0,137.37254333496094
2015-09-28,137.1199951171875,132.52000427246094,136.74000549316406,133.0,2790500.0,132.8960418701172
2015-09-29,135.00999450683594,131.4499969482422,132.8300018310547,132.5,2099000.0,132.39642333984375
2015-09-30,135.91000366210938,133.19000244140625,133.19000244140625,135.02000427246094,1961800.0,134.91445922851562
2015-10-01,135.97999572753906,133.88999938964844,134.63999938964844,135.42999267578125,1469800.0,135.32412719726562
2015-10-02,138.6699981689453,131.97000122070312,131.97000122070312,138.5800018310547,1595600.0,138.4716796875
2015-10-05,140.27999877929688,138.47000122070312,139.5,139.69000244140625,1084400.0,139.580810546875
2015-10-06,139.5,135.86000061035156,139.47999572753906,136.7100067138672,1534300.0,136.60313415527344
2015-10-07,137.25999450683594,135.67999267578125,136.99000549316406,136.6300048828125,2632000.0,136.52320861816406
2015-10-08,136.60000610351562,133.6300048828125,135.8699951171875,133.6300048828125,2155800.0,133.52554321289062
2015-10-09,136.36000061035156,133.05999755859375,133.24000549316406,136.36000061035156,2299900.0,136.25341796875
2015-10-12,137.7899932861328,135.4199981689453,136.5,137.61000061035156,945200.0,137.50244140625
2015-10-13,140.72999572753906,137.1699981689453,137.63999938964844,138.85000610351562,1379000.0,138.74147033691406
2015-10-14,139.60000610351562,136.41000366210938,138.82000732421875,137.60000610351562,897700.0,137.49244689941406
2015-10-15,139.1300048828125,134.13999938964844,137.25999450683594,139.08999633789062,2423500.0,138.9812774658203
2015-10-16,141.25,139.42999267578125,140.32000732421875,140.74000549316406,1780700.0,140.6300048828125
2015-10-19,142.72999572753906,140.0,140.27000427246094,141.89999389648438,800300.0,141.78907775878906
2015-10-20,142.66000366210938,141.49000549316406,141.89999389648438,142.2100067138672,635800.0,142.0988311767578
2015-10-21,143.13999938964844,128.02000427246094,142.92999267578125,136.61000061035156,3511400.0,136.5032196044922
2015-10-22,136.41000366210938,127.69999694824219,135.92999267578125,129.49000549316406,4702000.0,129.38877868652344
2015-10-23,133.10000610351562,129.77999877929688,129.86000061035156,132.5399932861328,1943700.0,132.43638610839844
2015-10-26,133.3800048828125,131.8300018310547,132.85000610351562,133.1300048828125,1519500.0,133.02593994140625
2015-10-27,137.58999633789062,132.72999572753906,132.8800048828125,136.97000122070312,2229100.0,136.86293029785156
2015-10-28,137.38999938964844,131.1999969482422,136.74000549316406,136.0500030517578,1398400.0,135.9436492919922
2015-10-29,137.85000610351562,135.36000061035156,136.10000610351562,135.5500030517578,965300.0,135.4440460205078
2015-10-30,136.41000366210938,133.94000244140625,135.63999938964844,134.0399932861328,1210500.0,133.93521118164062
2015-11-02,135.66000366210938,133.16000366210938,134.5500030517578,133.75,1229900.0,133.64544677734375
2015-11-03,134.22000122070312,131.1300048828125,133.8300018310547,131.9499969482422,1259000.0,131.8468475341797
2015-11-04,132.74000549316406,129.8000030517578,132.0399932861328,129.94000244140625,1840300.0,129.8384246826172
2015-11-05,132.58999633789062,129.3300018310547,130.11000061035156,132.39999389648438,1327800.0,132.2965087890625
2015-11-06,133.17999267578125,129.0,132.39999389648438,132.80999755859375,1771900.0,132.7061767578125
2015-11-09,133.4600067138672,131.52999877929688,132.3300018310547,132.94000244140625,1519700.0,132.83609008789062
2015-11-10,134.5399932861328,132.5,132.7100067138672,134.25,1456900.0,134.1450653076172
2015-11-11,134.36000061035156,131.66000366210938,134.25,131.80999755859375,1488700.0,131.70697021484375
2015-11-12,133.57000732421875,130.72999572753906,130.72999572753906,131.38999938964844,1212000.0,131.28729248046875
2015-11-13,133.25999450683594,130.66000366210938,131.49000549316406,131.57000732421875,1854500.0,131.4671630859375
2015-11-16,134.10000610351562,131.4499969482422,131.66000366210938,133.49000549316406,981500.0,133.38565063476562
2015-11-17,136.1999969482422,132.60000610351562,133.25999450683594,133.75999450683594,1357300.0,133.65542602539062
2015-11-18,135.50999450683594,132.89999389648438,133.67999267578125,135.13999938964844,847000.0,135.0343475341797
2015-11-19,131.99000549316406,127.44000244140625,130.5,127.83000183105469,2848600.0,127.7300796508789
2015-11-20,132.6199951171875,128.08999633789062,128.5500030517578,132.1699981689453,1855900.0,132.06668090820312
2015-11-23,134.57000732421875,132.58999633789062,132.6699981689453,133.1699981689453,1152700.0,133.06588745117188
2015-11-24,134.36000061035156,132.77999877929688,133.05999755859375,134.25999450683594,1308400.0,134.15504455566406
2015-11-25,135.13999938964844,134.05999755859375,134.63999938964844,134.1300048828125,907300.0,134.02516174316406
2015-11-27,136.35000610351562,133.99000549316406,134.4600067138672,135.3000030517578,457900.0,135.19424438476562
2015-11-30,135.88999938964844,134.27999877929688,135.24000549316406,134.97999572753906,1271700.0,134.87448120117188
2015-12-01,139.83999633789062,135.0500030517578,135.27999877929688,139.58999633789062,1871000.0,139.48086547851562
2015-12-02,142.13999938964844,138.6199951171875,139.2899932861328,139.74000549316406,2880200.0,139.63076782226562
2015-12-03,140.02000427246094,136.94000244140625,139.49000549316406,137.25999450683594,2541200.0,137.1527099609375
2015-12-04,141.00999450683594,137.83999633789062,138.27000427246094,140.42999267578125,1394000.0,140.32022094726562
2015-12-07,140.89999389648438,136.92999267578125,140.61000061035156,137.7899932861328,938000.0,137.6822967529297
2015-12-08,138.30999755859375,136.49000549316406,137.0,137.3000030517578,897300.0,137.1926727294922
2015-12-09,138.1699981689453,136.24000549316406,136.24000549316406,137.1199951171875,971600.0,137.01280212402344
2015-12-10,139.77999877929688,136.44000244140625,137.1199951171875,139.22999572753906,934300.0,139.1211700439453
2015-12-11,141.94000244140625,137.61000061035156,137.61000061035156,140.0800018310547,1203400.0,139.9705047607422
2015-12-14,141.6300048828125,139.27999877929688,140.72000122070312,140.69000244140625,1470600.0,140.5800323486328
2015-12-15,142.94000244140625,139.3699951171875,141.9199981689453,140.63999938964844,1653100.0,140.53005981445312
2015-12-16,142.4499969482422,138.3699951171875,141.5800018310547,141.19000244140625,1530700.0,141.0796356201172
2015-12-17,144.00999450683594,141.0399932861328,141.1999969482422,143.0,2073100.0,142.88821411132812
2015-12-18,144.5800018310547,142.63999938964844,142.88999938964844,143.97000122070312,2948200.0,143.8574676513672
2015-12-21,146.61000061035156,143.50999450683594,144.33999633789062,144.47000122070312,1567200.0,144.35707092285156
2015-12-22,146.00999450683594,143.63999938964844,145.30999755859375,145.64999389648438,1147200.0,145.53614807128906
2015-12-23,147.13999938964844,145.3699951171875,145.91000366210938,146.86000061035156,875000.0,146.74520874023438
2015-12-24,147.9199981689453,146.4600067138672,146.67999267578125,146.4600067138672,717100.0,146.3455352783203
2015-12-28,147.32000732421875,146.0800018310547,146.0800018310547,147.07000732421875,546800.0,146.9550323486328
2015-12-29,148.5500030517578,146.5399932861328,146.9600067138672,148.3699951171875,718500.0,148.2540283203125
2015-12-30,148.25,146.80999755859375,148.22000122070312,146.85000610351562,581100.0,146.73521423339844
2015-12-31,147.85000610351562,145.89999389648438,146.42999267578125,146.3300018310547,896800.0,146.2156219482422
2016-01-04,146.8699951171875,144.08999633789062,144.7100067138672,146.5500030517578,1461700.0,146.43544006347656
2016-01-05,148.13999938964844,143.72000122070312,146.49000549316406,144.13999938964844,1514800.0,144.02732849121094
2016-01-06,144.8699951171875,142.75,143.4600067138672,143.02999877929688,1180200.0,142.91819763183594
2016-01-07,142.9600067138672,140.22999572753906,141.0,141.3699951171875,1779600.0,141.25949096679688
2016-01-08,142.1300048828125,138.5800018310547,142.0,138.74000549316406,1465400.0,138.6315460205078
2016-01-11,139.36000061035156,134.72999572753906,138.92999267578125,134.72999572753906,2100200.0,134.62466430664062
2016-01-12,139.47000122070312,135.02000427246094,135.41000366210938,139.0800018310547,1811400.0,138.97128295898438
2016-01-13,140.1300048828125,134.91000366210938,139.22999572753906,135.25999450683594,1671200.0,135.1542510986328
2016-01-14,139.1699981689453,134.9600067138672,134.9600067138672,138.72000122070312,1975300.0,138.61155700683594
2016-01-15,137.22000122070312,134.6199951171875,136.75,136.22999572753906,1718100.0,136.12350463867188
2016-01-19,141.42999267578125,136.25999450683594,136.27999877929688,139.9199981689453,1843800.0,139.8106231689453
2016-01-20,140.22000122070312,135.1300048828125,138.66000366210938,139.22999572753906,1908600.0,139.1211700439453
2016-01-21,142.6300048828125,139.1199951171875,139.3800048828125,140.1300048828125,1846300.0,140.0204620361328
2016-01-22,141.19000244140625,136.44000244140625,137.89999389648438,137.89999389648438,2345600.0,137.79220581054688
2016-01-25,138.86000061035156,135.6699981689453,138.25999450683594,135.85000610351562,1664500.0,135.74380493164062
2016-01-26,137.4499969482422,134.3300018310547,137.10000610351562,135.4199981689453,1150800.0,135.3141326904297
2016-01-27,135.41000366210938,129.8800048828125,135.41000366210938,131.44000244140625,2696100.0,131.33726501464844
2016-01-28,133.1999969482422,129.11000061035156,132.08999633789062,129.8300018310547,1156600.0,129.728515625
2016-01-29,133.60000610351562,130.0800018310547,130.22000122070312,133.60000610351562,1664900.0,133.49557495117188
2016-02-01,135.2100067138672,132.55999755859375,133.33999633789062,133.22999572753906,1728600.0,133.12583923339844
2016-02-02,133.1999969482422,130.99000549316406,133.1999969482422,131.89999389648438,1128000.0,131.79689025878906
2016-02-03,133.0500030517578,130.6999969482422,132.0399932861328,132.5,2080900.0,132.39642333984375
2016-02-04,134.97000122070312,130.60000610351562,130.60000610351562,134.77000427246094,2078500.0,134.66465759277344
2016-02-05,135.11000061035156,131.6999969482422,133.66000366210938,133.0500030517578,1567200.0,132.9459991455078
2016-02-08,132.30999755859375,124.12000274658203,132.1199951171875,124.95999908447266,2763600.0,124.86231994628906
2016-02-09,129.11000061035156,123.54000091552734,124.48999786376953,128.17999267578125,1159100.0,128.0797882080078
2016-02-10,131.07000732421875,128.0,128.6300048828125,129.5,822000.0,129.39877319335938
2016-02-11,130.27999877929688,127.87999725341797,127.95999908447266,128.0,1155200.0,127.89994049072266
2016-02-12,130.5,127.44000244140625,128.72999572753906,130.3000030517578,685600.0,130.19815063476562
2016-02-16,134.36000061035156,130.64999389648438,131.77999877929688,134.17999267578125,851400.0,134.07510375976562
2016-02-17,136.27000427246094,133.00999450683594,134.66000366210938,135.85000610351562,966300.0,135.74380493164062
2016-02-18,137.17999267578125,135.0,135.60000610351562,135.64999389648438,1010800.0,135.5439453125
2016-02-19,137.0,133.61000061035156,137.0,133.94000244140625,1094200.0,133.83529663085938
2016-02-22,138.11000061035156,135.3000030517578,135.33999633789062,136.36000061035156,1254900.0,136.25341796875
2016-02-23,138.00999450683594,135.69000244140625,135.69000244140625,137.83999633789062,955600.0,137.7322540283203
2016-02-24,137.77999877929688,135.4600067138672,137.49000549316406,137.24000549316406,637400.0,137.13272094726562
2016-02-25,140.47999572753906,137.10000610351562,137.67999267578125,140.32000732421875,869200.0,140.21031188964844
2016-02-26,143.22999572753906,140.00999450683594,140.17999267578125,141.25,1132800.0,141.13958740234375
2016-02-29,142.6699981689453,139.5800018310547,140.4499969482422,139.61000061035156,1238300.0,139.50086975097656
2016-03-01,140.97000122070312,137.47000122070312,140.63999938964844,138.52999877929688,1574400.0,138.4217071533203
2016-03-02,140.85000610351562,137.57000732421875,138.0500030517578,140.5,954200.0,140.39016723632812
2016-03-03,141.25999450683594,138.6999969482422,139.8800048828125,140.42999267578125,868000.0,140.32022094726562
2016-03-04,140.5,137.75,139.60000610351562,138.94000244140625,1251100.0,138.83139038085938
2016-03-07,141.02999877929688,137.99000549316406,138.0,140.47000122070312,974500.0,140.36019897460938
2016-03-08,141.00999450683594,139.0500030517578,139.55999755859375,139.9199981689453,934900.0,139.8106231689453
2016-03-09,142.0,138.91000366210938,140.8800048828125,140.08999633789062,1339100.0,140.02052307128906
2016-03-10,142.85000610351562,139.5399932861328,140.0,142.1300048828125,1223200.0,142.0595245361328
2016-03-11,144.8000030517578,142.1699981689453,142.4499969482422,144.6199951171875,1019700.0,144.54827880859375
2016-03-14,145.75,143.6300048828125,143.6300048828125,145.27000427246094,1009500.0,145.1979522705078
2016-03-15,145.1199951171875,143.35000610351562,144.17999267578125,143.38999938964844,1388400.0,143.31887817382812
2016-03-16,144.2100067138672,139.92999267578125,143.00999450683594,141.9499969482422,697700.0,141.8795928955078
2016-03-17,141.94000244140625,136.6699981689453,141.89999389648438,137.8000030517578,1285400.0,137.73165893554688
2016-03-18,141.22000122070312,137.55999755859375,138.02000427246094,139.52999877929688,1174100.0,139.46078491210938
2016-03-21,139.9499969482422,137.5399932861328,139.0399932861328,138.14999389648438,540000.0,138.0814666748047
2016-03-22,139.77999877929688,136.91000366210938,137.77999877929688,138.9499969482422,623400.0,138.88107299804688
2016-03-23,139.94000244140625,137.47999572753906,139.25,137.8699951171875,613600.0,137.80162048339844
2016-03-24,138.2899932861328,136.97000122070312,137.08999633789062,137.9499969482422,462600.0,137.88157653808594
2016-03-28,138.67999267578125,137.17999267578125,138.25999450683594,137.61000061035156,497200.0,137.54176330566406
2016-03-29,138.72000122070312,137.07000732421875,137.33999633789062,138.07000732421875,1181700.0,138.0015411376953
2016-03-30,140.22000122070312,137.35000610351562,138.52999877929688,137.4600067138672,1187000.0,137.39183044433594
2016-03-31,138.4199981689453,136.17999267578125,137.60000610351562,137.24000549316406,1276500.0,137.17193603515625
2016-04-01,137.6300048828125,135.13999938964844,136.72000122070312,137.16000366210938,1802600.0,137.0919647216797
2016-04-04,141.66000366210938,136.3699951171875,137.0,141.22999572753906,2703700.0,141.15994262695312
2016-04-05,141.2100067138672,135.47000122070312,140.97000122070312,135.49000549316406,2720900.0,135.4228057861328
2016-04-06,136.1699981689453,132.4600067138672,135.1699981689453,135.1999969482422,2504900.0,135.1329345703125
2016-04-07,135.4600067138672,131.00999450683594,133.13999938964844,131.86000061035156,1971500.0,131.7946014404297
2016-04-08,133.25,129.4499969482422,132.60000610351562,130.41000366210938,2366900.0,130.34532165527344
2016-04-11,132.6999969482422,130.32000732421875,130.3800048828125,132.0500030517578,1863000.0,131.98451232910156
2016-04-12,136.30999755859375,131.9600067138672,131.97000122070312,135.77999877929688,1495200.0,135.712646484375
2016-04-13,139.8800048828125,135.57000732421875,136.24000549316406,137.0,1539700.0,136.9320526123047
2016-04-14,137.2899932861328,134.9499969482422,137.08999633789062,135.0,964600.0,134.93304443359375
2016-04-15,137.64999389648438,134.83999633789062,135.6699981689453,136.64999389648438,1592300.0,136.58221435546875
2016-04-18,137.5800018310547,135.92999267578125,135.97999572753906,137.1199951171875,950900.0,137.05198669433594
2016-04-19,139.9499969482422,137.5,138.19000244140625,139.8699951171875,1432900.0,139.80062866210938
2016-04-20,142.91000366210938,139.0500030517578,139.80999755859375,141.27000427246094,1179500.0,141.19993591308594
2016-04-21,142.82000732421875,139.72999572753906,141.35000610351562,140.33999633789062,747300.0,140.27040100097656
2016-04-22,142.11000061035156,140.02999877929688,140.5800018310547,141.82000732421875,572600.0,141.74966430664062
2016-04-25,141.77000427246094,140.24000549316406,141.5,140.25,788300.0,140.18043518066406
2016-04-26,141.14999389648438,139.3000030517578,140.1199951171875,140.67999267578125,1417700.0,140.6102294921875
2016-04-27,141.0,137.69000244140625,140.57000732421875,139.27000427246094,974900.0,139.200927734375
2016-04-28,141.0,138.0399932861328,138.3300018310547,139.94000244140625,566000.0,139.87059020996094
2016-04-29,139.16000366210938,137.27999877929688,138.94000244140625,138.5399932861328,674900.0,138.47128295898438
2016-05-02,139.7899932861328,137.52999877929688,139.24000549316406,138.27999877929688,653600.0,138.21141052246094
2016-05-03,139.0800018310547,136.69000244140625,137.9199981689453,137.74000549316406,708100.0,137.67169189453125
2016-05-04,137.74000549316406,134.7100067138672,136.94000244140625,135.3000030517578,1038500.0,135.23291015625
2016-05-05,136.33999633789062,134.47999572753906,135.0,134.92999267578125,815000.0,134.86306762695312
2016-05-06,137.0,129.0500030517578,137.0,130.85000610351562,2575300.0,130.7851104736328
2016-05-09,132.83999633789062,130.25999450683594,130.6999969482422,131.3800048828125,1265400.0,131.31483459472656
2016-05-10,133.55999755859375,131.3000030517578,131.58999633789062,133.0500030517578,751500.0,132.9840087890625
2016-05-11,133.75,130.08999633789062,133.08999633789062,130.50999450683594,1468400.0,130.4452667236328
2016-05-12,130.52999877929688,127.2699966430664,130.52999877929688,128.05999755859375,1795900.0,127.9964828491211
2016-05-13,129.27000427246094,126.06999969482422,128.3699951171875,128.36000061035156,1609100.0,128.2963409423828
2016-05-16,130.9199981689453,127.86000061035156,128.30999755859375,130.00999450683594,913300.0,129.9455108642578
2016-05-17,130.5500030517578,128.02999877929688,129.67999267578125,130.44000244140625,1626400.0,130.37530517578125
2016-05-18,130.66000366210938,128.1999969482422,130.32000732421875,129.47999572753906,763300.0,129.415771484375
2016-05-19,130.07000732421875,127.19999694824219,128.60000610351562,129.05999755859375,683900.0,128.99598693847656
2016-05-20,131.30999755859375,129.5,129.72000122070312,131.27999877929688,1976600.0,131.2148895263672
2016-05-23,128.5,125.01000213623047,128.47000122070312,126.1500015258789,4228400.0,126.08743286132812
2016-05-24,128.0,124.5199966430664,126.88999938964844,124.80999755859375,4518600.0,124.74809265136719
2016-05-25,129.8699951171875,125.1500015258789,126.12999725341797,129.3000030517578,3455000.0,129.23587036132812
2016-05-26,130.55999755859375,128.55999755859375,129.64999389648438,128.8699951171875,927600.0,128.8060760498047
2016-05-27,130.02999877929688,128.5399932861328,128.91000366210938,128.82000732421875,980100.0,128.75611877441406
2016-05-31,129.22999572753906,127.45999908447266,129.0,128.11000061035156,2260900.0,128.0464630126953
2016-06-01,128.38999938964844,126.27999877929688,128.11000061035156,127.72000122070312,1643200.0,127.65666198730469
2016-06-02,129.83999633789062,127.72000122070312,127.76000213623047,129.57000732421875,1492100.0,129.5057373046875
2016-06-03,130.27999877929688,128.89999389648438,128.97000122070312,129.6999969482422,1236900.0,129.6356658935547
2016-06-06,131.25,128.47000122070312,129.75,129.6300048828125,857600.0,129.56570434570312
2016-06-07,130.5,128.6699981689453,129.16000366210938,128.86000061035156,1189100.0,128.7960968017578
2016-06-08,131.39999389648438,128.44000244140625,128.82000732421875,131.1699981689453,1243400.0,131.10494995117188
2016-06-09,131.77000427246094,128.74000549316406,130.47999572753906,129.25,1043900.0,129.18589782714844
2016-06-10,129.22999572753906,127.55999755859375,128.55999755859375,128.0800018310547,1105000.0,128.0164794921875
2016-06-13,128.91000366210938,126.2300033569336,127.31999969482422,126.5,1312500.0,126.43726348876953
2016-06-14,127.55000305175781,125.69999694824219,126.30000305175781,127.37000274658203,987200.0,127.30683135986328
2016-06-15,128.22999572753906,126.08000183105469,127.52999877929688,126.55999755859375,1003500.0,126.49723052978516
2016-06-16,129.02000427246094,124.5,126.30999755859375,128.69000244140625,1865200.0,128.6261749267578
2016-06-17,130.0,128.0,129.0,129.5,1557200.0,129.43577575683594
2016-06-20,129.3800048828125,127.0,127.8499984741211,127.83999633789062,2537100.0,127.77659606933594
2016-06-21,128.25,126.73999786376953,127.8499984741211,127.79000091552734,1077100.0,127.72661590576172
2016-06-22,129.36000061035156,127.33000183105469,128.11000061035156,127.9000015258789,1612100.0,127.83656311035156
2016-06-23,129.97999572753906,128.42999267578125,129.0,129.75,1427900.0,129.68563842773438
2016-06-24,128.22999572753906,126.18000030517578,126.77999877929688,127.70999908447266,3304500.0,127.64665985107422
2016-06-27,126.80000305175781,121.87000274658203,126.69999694824219,122.08999633789062,2083300.0,122.0294418334961
2016-06-28,125.43000030517578,122.87999725341797,124.04000091552734,125.20999908447266,1610900.0,125.14789581298828
2016-06-29,129.19000244140625,125.55000305175781,125.87000274658203,128.8300018310547,1377300.0,128.76609802246094
2016-06-30,129.19000244140625,126.69999694824219,128.1999969482422,127.98999786376953,1846900.0,127.926513671875
2016-07-01,130.75,127.5999984741211,128.3300018310547,128.27000427246094,1848600.0,128.20639038085938
2016-07-05,128.8000030517578,125.76000213623047,128.39999389648438,126.75,1168700.0,126.6871337890625
2016-07-06,129.25999450683594,125.33999633789062,126.58000183105469,128.3000030517578,1584900.0,128.23635864257812
2016-07-07,129.27999877929688,126.68000030517578,128.82000732421875,127.0,2081800.0,126.93701171875
2016-07-08,129.89999389648438,126.4000015258789,127.80000305175781,129.60000610351562,2226200.0,129.53573608398438
2016-07-11,129.8699951171875,128.05999755859375,129.5,128.3699951171875,1383900.0,128.3063201904297
2016-07-12,129.1699981689453,128.0,128.1199951171875,129.0,1328800.0,128.93601989746094
2016-07-13,130.33999633789062,128.92999267578125,129.63999938964844,130.19000244140625,1122600.0,130.1254425048828
2016-07-14,130.99000549316406,129.72000122070312,130.69000244140625,130.00999450683594,1757700.0,129.9455108642578
2016-07-15,133.47999572753906,130.0399932861328,130.47000122070312,131.6699981689453,2496500.0,131.6046905517578
2016-07-18,133.6999969482422,131.41000366210938,132.6999969482422,133.1300048828125,1834800.0,133.06398010253906
2016-07-19,133.85000610351562,129.13999938964844,133.0800018310547,130.3000030517578,3183000.0,130.23538208007812
2016-07-20,133.25,130.99000549316406,131.02000427246094,133.11000061035156,1947400.0,133.04397583007812
2016-07-21,148.99000549316406,131.8000030517578,131.9199981689453,140.32000732421875,5321100.0,140.2504119873047
2016-07-22,146.74000549316406,139.74000549316406,141.64999389648438,146.0,3963900.0,145.92759704589844
2016-07-25,146.0,139.85000610351562,146.0,140.2100067138672,3500200.0,140.14047241210938
2016-07-26,142.63999938964844,138.25,139.69000244140625,140.00999450683594,2398700.0,139.9405517578125
2016-07-27,139.44000244140625,137.16000366210938,139.44000244140625,138.1300048828125,2265000.0,138.06150817871094
2016-07-28,138.77999877929688,135.94000244140625,137.74000549316406,135.99000549316406,1994600.0,135.9225616455078
2016-07-29,130.75,127.30000305175781,128.6999969482422,128.9600067138672,5451000.0,128.8960418701172
2016-08-01,130.11000061035156,126.0199966430664,128.75,126.79000091552734,1905500.0,126.72711944580078
2016-08-02,127.69999694824219,123.52999877929688,126.58999633789062,124.12999725341797,1753100.0,124.06843566894531
2016-08-03,125.62999725341797,123.70999908447266,124.19000244140625,124.5999984741211,1713500.0,124.53820037841797
2016-08-04,128.8800048828125,124.5999984741211,124.68000030517578,128.27999877929688,2285200.0,128.2163848876953
2016-08-05,131.47000122070312,127.61000061035156,129.07000732421875,128.5,1503600.0,128.43626403808594
2016-08-08,129.02000427246094,126.7300033569336,128.13999938964844,128.38999938964844,993600.0,128.32632446289062
2016-08-09,129.5399932861328,126.98999786376953,128.6999969482422,127.16999816894531,1396800.0,127.10692596435547
2016-08-10,127.91999816894531,126.01000213623047,127.0,127.5999984741211,888200.0,127.53671264648438
2016-08-11,129.2899932861328,126.47000122070312,128.19000244140625,126.62000274658203,1137000.0,126.55720520019531
2016-08-12,133.5800018310547,125.55000305175781,126.86000061035156,133.30999755859375,3709600.0,133.24388122558594
2016-08-15,133.38999938964844,130.55999755859375,132.69000244140625,132.6300048828125,1822400.0,132.56422424316406
2016-08-16,132.75999450683594,130.8000030517578,132.22999572753906,131.8300018310547,1376100.0,131.76461791992188
2016-08-17,132.8300018310547,131.2899932861328,131.42999267578125,132.3000030517578,1270200.0,132.234375
2016-08-18,133.91000366210938,132.0399932861328,132.0399932861328,132.6199951171875,1443900.0,132.55422973632812
2016-08-19,133.33999633789062,131.83999633789062,132.1999969482422,133.0,1077200.0,132.9340362548828
2016-08-22,133.47999572753906,132.72999572753906,133.0,133.35000610351562,660100.0,133.2838592529297
2016-08-23,134.49000549316406,132.8000030517578,133.77999877929688,133.0,895300.0,132.9340362548828
2016-08-24,133.94000244140625,131.10000610351562,132.94000244140625,131.3699951171875,800900.0,131.30484008789062
2016-08-25,131.57000732421875,128.9600067138672,130.6199951171875,129.41000366210938,838300.0,129.3458251953125
2016-08-26,130.47999572753906,126.5,129.60000610351562,127.6500015258789,1683900.0,127.5866928100586
2016-08-29,129.22000122070312,127.55000305175781,127.62000274658203,128.49000549316406,510200.0,128.42628479003906
2016-08-30,129.0399932861328,127.91999816894531,128.49000549316406,128.22000122070312,744500.0,128.1564178466797
2016-08-31,128.77000427246094,127.29000091552734,128.25,128.25999450683594,718700.0,128.19638061523438
2016-09-01,128.99000549316406,127.1500015258789,128.5800018310547,127.63999938964844,701500.0,127.57669067382812
2016-09-02,128.5,127.5,128.0399932861328,128.17999267578125,528100.0,128.1164093017578
2016-09-06,128.0399932861328,127.16999816894531,127.5999984741211,127.58000183105469,789900.0,127.51673126220703
2016-09-07,128.10000610351562,126.55000305175781,127.04000091552734,126.73999786376953,951500.0,126.67713928222656
2016-09-08,127.9000015258789,126.16999816894531,126.5199966430664,127.66999816894531,1054200.0,127.60667419433594
2016-09-09,129.08999633789062,127.05999755859375,127.05999755859375,128.4499969482422,1824500.0,128.38629150390625
2016-09-12,129.80999755859375,127.08000183105469,127.94999694824219,129.00999450683594,1224800.0,128.94601440429688
2016-09-13,128.77000427246094,126.94999694824219,128.77000427246094,127.54000091552734,1219900.0,127.47674560546875
2016-09-14,127.8499984741211,125.9800033569336,127.30999755859375,126.25,1125700.0,126.1873779296875
2016-09-15,128.8000030517578,125.91999816894531,126.0199966430664,128.63999938964844,1213300.0,128.57618713378906
2016-09-16,132.77999877929688,128.0,128.94000244140625,131.99000549316406,2742000.0,131.92454528808594
2016-09-19,132.88999938964844,131.61000061035156,132.2100067138672,131.88999938964844,1091500.0,131.8245849609375
2016-09-20,132.75999450683594,131.07000732421875,132.24000549316406,131.57000732421875,1027600.0,131.5047607421875
2016-09-21,132.94000244140625,130.67999267578125,131.52999877929688,132.55999755859375,1239900.0,132.49424743652344
2016-09-22,132.97000122070312,130.9499969482422,132.63999938964844,132.0,738900.0,131.9345245361328
2016-09-23,131.52000427246094,129.3699951171875,129.4600067138672,131.0,1164800.0,130.93502807617188
2016-09-26,130.72000122070312,129.97000122070312,130.72000122070312,130.33999633789062,718300.0,130.2753448486328
2016-09-27,131.88999938964844,129.85000610351562,130.11000061035156,131.6999969482422,883200.0,131.6346893310547
2016-09-28,132.36000061035156,130.7899932861328,131.99000549316406,131.5,459200.0,131.43478393554688
2016-09-29,133.57000732421875,130.5500030517578,131.8000030517578,130.8000030517578,1206800.0,130.73512268066406
2016-09-30,131.42999267578125,129.60000610351562,131.27999877929688,130.32000732421875,1415900.0,130.25537109375
2016-10-03,130.22000122070312,127.81999969482422,129.8000030517578,128.00999450683594,704900.0,127.9465103149414
2016-10-04,128.5500030517578,127.30999755859375,128.30999755859375,128.11000061035156,910300.0,128.0464630126953
2016-10-05,128.67999267578125,126.73999786376953,128.35000610351562,127.08999633789062,994500.0,127.02696228027344
2016-10-06,127.61000061035156,126.55999755859375,127.04000091552734,126.9000015258789,624300.0,126.83706665039062
2016-10-07,128.16000366210938,126.9000015258789,127.44999694824219,127.2300033569336,670300.0,127.16690063476562
2016-10-10,128.0,127.13999938964844,127.2699966430664,127.7300033569336,566000.0,127.6666488647461
2016-10-11,127.33999633789062,124.9800033569336,127.33999633789062,125.0,1085500.0,124.93800354003906
2016-10-12,125.75,121.30999755859375,125.0999984741211,121.95999908447266,2546100.0,121.8995132446289
2016-10-13,122.4800033569336,120.08999633789062,121.56999969482422,121.16000366210938,1194900.0,121.09991455078125
2016-10-14,122.25,120.68000030517578,121.55999755859375,120.9000015258789,570200.0,120.84003448486328
2016-10-17,120.9000015258789,116.30000305175781,120.62999725341797,118.63999938964844,1943900.0,118.5811538696289
2016-10-18,124.66999816894531,119.5,120.0,123.6500015258789,1638100.0,123.58867645263672
2016-10-19,123.9800033569336,122.51000213623047,123.6500015258789,123.55000305175781,1295700.0,123.48873138427734
2016-10-20,124.80999755859375,123.36000061035156,123.97000122070312,123.62999725341797,854400.0,123.56867980957031
2016-10-21,124.31999969482422,122.56999969482422,122.9000015258789,124.18000030517578,639700.0,124.118408203125
2016-10-24,124.69999694824219,123.30999755859375,124.44999694824219,124.05999755859375,796200.0,123.99846649169922
2016-10-25,124.88999938964844,123.52999877929688,123.5999984741211,124.30000305175781,947700.0,124.23835754394531
2016-10-26,124.76000213623047,123.72000122070312,124.37999725341797,123.80000305175781,1117900.0,123.73860168457031
2016-10-27,124.72000122070312,122.4000015258789,124.16000366210938,123.05999755859375,738700.0,122.99897003173828
2016-10-28,123.62999725341797,121.18000030517578,123.16000366210938,121.62000274658203,1229500.0,121.55967712402344
2016-10-31,122.5,118.83000183105469,121.80000305175781,118.83000183105469,1414600.0,118.77107238769531
2016-11-01,120.83999633789062,115.02999877929688,119.55000305175781,116.02999877929688,1728500.0,115.97245025634766
2016-11-02,118.13999938964844,115.44999694824219,115.58999633789062,117.8499984741211,1828600.0,117.79154205322266
2016-11-03,123.33000183105469,117.2300033569336,119.5,117.30999755859375,2320900.0,117.25181579589844
2016-11-04,122.80000305175781,117.11000061035156,117.73999786376953,121.6500015258789,1735400.0,121.58966827392578
2016-11-07,126.91999816894531,122.3499984741211,122.56999969482422,126.25,1811900.0,126.1873779296875
2016-11-08,130.24000549316406,125.41000366210938,125.5199966430664,128.77000427246094,1386100.0,128.7061309814453
2016-11-09,136.77000427246094,124.4800033569336,127.45999908447266,135.8000030517578,2847500.0,135.73265075683594
2016-11-10,138.50999450683594,133.00999450683594,136.08999633789062,134.77000427246094,2572400.0,134.7031707763672
2016-11-11,136.4199981689453,131.88999938964844,134.6199951171875,133.6699981689453,1187200.0,133.6037139892578
2016-11-14,138.77999877929688,133.10000610351562,134.22999572753906,136.1199951171875,2047500.0,136.05247497558594
2016-11-15,138.66000366210938,134.2899932861328,136.0800018310547,137.8000030517578,1082900.0,137.73165893554688
2016-11-16,138.72000122070312,136.5500030517578,137.92999267578125,137.88999938964844,1047100.0,137.8216094970703
2016-11-17,140.1999969482422,136.25999450683594,137.22999572753906,140.0,1146300.0,139.93055725097656
2016-11-18,142.0,136.72999572753906,139.6199951171875,138.6999969482422,1173000.0,138.63121032714844
2016-11-21,139.9499969482422,136.0399932861328,138.1300048828125,137.0800018310547,1077600.0,137.01202392578125
2016-11-22,140.77000427246094,136.72000122070312,137.35000610351562,139.72999572753906,1458400.0,139.6606903076172
2016-11-23,140.5,136.80999755859375,139.6999969482422,139.52999877929688,843100.0,139.46078491210938
2016-11-25,141.47999572753906,138.52999877929688,139.8800048828125,138.6699981689453,306600.0,138.60121154785156
2016-11-28,139.33999633789062,136.1999969482422,138.8300018310547,136.77000427246094,1193500.0,136.70216369628906
2016-11-29,139.9499969482422,136.77000427246094,136.77000427246094,138.3000030517578,1391600.0,138.23141479492188
2016-11-30,138.0500030517578,134.52999877929688,137.9600067138672,134.74000549316406,2099700.0,134.6731719970703
2016-12-01,136.9199981689453,134.1699981689453,134.1699981689453,134.5,1638300.0,134.43328857421875
2016-12-02,135.9499969482422,132.6300048828125,135.0800018310547,133.44000244140625,1386000.0,133.3738250732422
2016-12-05,135.4499969482422,131.64999389648438,133.64999389648438,134.6999969482422,1085700.0,134.63319396972656
2016-12-06,137.74000549316406,134.1300048828125,135.50999450683594,137.25,1121800.0,137.1819305419922
2016-12-07,137.52000427246094,135.80999755859375,136.8800048828125,136.8300018310547,1694300.0,136.7621307373047
2016-12-08,138.57000732421875,135.10000610351562,136.50999450683594,137.1300048828125,1118200.0,137.06199645996094
2016-12-09,137.94000244140625,133.8699951171875,137.1699981689453,134.8000030517578,1417400.0,134.73313903808594
2016-12-12,134.39999389648438,131.02999877929688,134.02999877929688,132.3800048828125,1169500.0,132.31434631347656
2016-12-13,135.82000732421875,131.52000427246094,132.91000366210938,134.57000732421875,1296800.0,134.50326538085938
2016-12-14,135.83999633789062,132.30999755859375,135.22999572753906,133.24000549316406,879700.0,133.17391967773438
2016-12-15,134.55999755859375,131.25999450683594,133.19000244140625,133.99000549316406,921400.0,133.92355346679688
2016-12-16,137.6999969482422,134.85000610351562,134.86000061035156,136.75999450683594,2284800.0,136.69215393066406
2016-12-19,139.0,136.83999633789062,137.58999633789062,138.08999633789062,1214100.0,138.02149963378906
2016-12-20,139.74000549316406,136.5500030517578,138.10000610351562,137.11000061035156,1108100.0,137.0419921875
2016-12-21,137.42999267578125,135.8699951171875,137.42999267578125,137.07000732421875,727900.0,137.0020294189453
2016-12-22,137.5,135.4600067138672,136.89999389648438,136.97000122070312,1097600.0,136.90206909179688
2016-12-23,138.63999938964844,136.4499969482422,137.42999267578125,138.61000061035156,431900.0,138.54124450683594
2016-12-27,140.6999969482422,138.25999450683594,138.25999450683594,139.38999938964844,481100.0,139.32086181640625
2016-12-28,140.3000030517578,137.0,139.61000061035156,137.0,828400.0,136.9320526123047
2016-12-29,138.67999267578125,135.19000244140625,137.5399932861328,135.5,641700.0,135.43280029296875
2016-12-30,135.88999938964844,133.11000061035156,135.57000732421875,133.38999938964844,1199600.0,133.32383728027344
2017-01-03,135.8300018310547,133.66000366210938,133.91000366210938,135.72000122070312,1443000.0,135.65267944335938
2017-01-04,138.88999938964844,133.6999969482422,136.0800018310547,138.72000122070312,1207800.0,138.6511993408203
2017-01-05,142.77000427246094,138.3300018310547,139.0800018310547,141.7100067138672,1446700.0,141.6397247314453
2017-01-06,143.14999389648438,140.99000549316406,141.0,141.80999755859375,983700.0,141.7396697998047
2017-01-09,142.61000061035156,140.0500030517578,141.30999755859375,142.35000610351562,986200.0,142.27940368652344
2017-01-10,142.0,140.1999969482422,141.24000549316406,140.22999572753906,1245100.0,140.1604461669922
2017-01-11,142.63999938964844,139.8800048828125,140.55999755859375,142.63999938964844,1418600.0,142.5692596435547
2017-01-12,145.7899932861328,141.02999877929688,141.5399932861328,144.6699981689453,1726100.0,144.59825134277344
2017-01-13,146.77000427246094,143.77999877929688,144.30999755859375,146.30999755859375,1488500.0,146.2374267578125
2017-01-17,145.9600067138672,144.02000427246094,145.9499969482422,144.77000427246094,1079300.0,144.6981964111328
2017-01-18,145.39999389648438,140.22000122070312,145.39999389648438,141.97000122070312,1974700.0,141.8995819091797
2017-01-19,146.30999755859375,133.52000427246094,141.3300018310547,144.16000366210938,2538400.0,144.08851623535156
2017-01-20,145.6699981689453,143.3800048828125,144.77999877929688,144.77000427246094,1333700.0,144.6981964111328
2017-01-23,145.6999969482422,142.25,144.32000732421875,145.30999755859375,1576400.0,145.23793029785156
2017-01-24,147.5399932861328,144.02000427246094,145.2100067138672,146.52999877929688,1260800.0,146.45733642578125
2017-01-25,149.22999572753906,146.6300048828125,147.02000427246094,148.57000732421875,1211600.0,148.49630737304688
2017-01-26,148.6999969482422,146.64999389648438,148.27999877929688,146.8000030517578,1017500.0,146.72718811035156
2017-01-27,148.0,145.4199981689453,147.55999755859375,146.80999755859375,1100900.0,146.7371826171875
2017-01-30,146.7899932861328,144.30999755859375,146.77999877929688,145.6999969482422,687400.0,145.6277313232422
2017-01-31,146.52999877929688,144.5,145.1199951171875,146.22000122070312,884400.0,146.14747619628906
2017-02-01,149.4199981689453,145.36000061035156,147.0,147.63999938964844,1254500.0,147.5667724609375
2017-02-02,150.69000244140625,144.02999877929688,149.6999969482422,148.2899932861328,1532100.0,148.21644592285156
2017-02-03,150.11000061035156,148.10000610351562,149.07000732421875,149.3000030517578,1222600.0,149.2259521484375
2017-02-06,149.55999755859375,145.97999572753906,148.6699981689453,147.02999877929688,1277500.0,146.9570770263672
2017-02-07,148.6300048828125,145.92999267578125,147.07000732421875,147.89999389648438,772500.0,147.82664489746094
2017-02-08,148.69000244140625,146.3000030517578,147.0,147.83999633789062,652900.0,147.7666778564453
2017-02-09,148.30999755859375,145.33999633789062,147.74000549316406,148.13999938964844,2312700.0,148.0665283203125
2017-02-10,149.32000732421875,145.5,147.5500030517578,145.5500030517578,1918500.0,145.47781372070312
2017-02-13,147.14999389648438,144.82000732421875,146.6199951171875,145.85000610351562,1067100.0,145.7776641845703
2017-02-14,148.0800018310547,144.5,145.22000122070312,146.67999267578125,1938200.0,146.60723876953125
2017-02-15,147.66000366210938,145.5800018310547,146.2100067138672,146.58999633789062,2249000.0,146.51730346679688
2017-02-16,146.94000244140625,143.8699951171875,146.83999633789062,145.3300018310547,1569400.0,145.25791931152344
2017-02-17,144.25999450683594,141.92999267578125,144.17999267578125,143.55999755859375,2018700.0,143.48880004882812
2017-02-21,147.24000549316406,143.66000366210938,144.00999450683594,146.97000122070312,1773400.0,146.89710998535156
2017-02-22,148.4199981689453,145.9199981689453,146.24000549316406,147.49000549316406,1625800.0,147.41685485839844
2017-02-23,147.75,147.11000061035156,147.6199951171875,147.50999450683594,1447400.0,147.4368438720703
2017-02-24,147.61000061035156,146.5399932861328,147.4600067138672,147.0399932861328,919300.0,146.96707153320312
2017-02-27,150.0,146.25,146.75999450683594,149.72000122070312,2660400.0,149.645751953125
2017-02-28,149.86000061035156,148.41000366210938,149.72000122070312,148.89999389648438,1427800.0,148.82614135742188
2017-03-01,152.99000549316406,149.30999755859375,150.0,152.1999969482422,1519300.0,152.12451171875
2017-03-02,152.3800048828125,151.10000610351562,152.10000610351562,151.5800018310547,817700.0,151.50482177734375
2017-03-03,152.6199951171875,149.0,150.88999938964844,151.99000549316406,749100.0,151.91461181640625
2017-03-06,153.11000061035156,150.85000610351562,150.8800048828125,152.9600067138672,1843300.0,152.8841552734375
2017-03-07,154.24000549316406,151.14999389648438,152.58999633789062,151.83999633789062,1653100.0,151.7646942138672
2017-03-08,153.02000427246094,150.67999267578125,151.74000549316406,152.24000549316406,832000.0,152.20460510253906
2017-03-09,153.0500030517578,151.4600067138672,152.8000030517578,152.1999969482422,980000.0,152.1645965576172
2017-03-10,153.33999633789062,151.41000366210938,153.16000366210938,151.9199981689453,1270600.0,151.88465881347656
2017-03-13,153.9199981689453,151.32000732421875,152.3300018310547,153.39999389648438,1138300.0,153.36431884765625
2017-03-14,154.30999755859375,152.3300018310547,152.97000122070312,153.5399932861328,1299300.0,153.50428771972656
2017-03-15,154.8300018310547,153.49000549316406,154.27999877929688,154.0,1452800.0,153.9641876220703
2017-03-16,154.27000427246094,151.60000610351562,153.99000549316406,151.7899932861328,1342500.0,151.7546844482422
2017-03-17,152.3800048828125,150.88999938964844,151.52999877929688,151.88999938964844,1563200.0,151.85467529296875
2017-03-20,153.02000427246094,150.7100067138672,152.16000366210938,151.1300048828125,1634600.0,151.0948486328125
2017-03-21,151.80999755859375,149.2899932861328,151.77999877929688,149.61000061035156,1743000.0,149.57521057128906
2017-03-22,151.3300018310547,148.33999633789062,150.0800018310547,150.3699951171875,1104200.0,150.33502197265625
2017-03-23,151.36000061035156,149.00999450683594,149.99000549316406,149.17999267578125,869600.0,149.14529418945312
2017-03-24,150.41000366210938,144.97000122070312,149.3699951171875,145.82000732421875,2130900.0,145.7860870361328
2017-03-27,146.36000061035156,143.85000610351562,144.22000122070312,146.0399932861328,2003600.0,146.0060272216797
2017-03-28,148.66000366210938,145.5500030517578,146.02000427246094,148.3000030517578,921100.0,148.26551818847656
2017-03-29,148.52000427246094,146.6699981689453,147.6300048828125,147.22999572753906,822500.0,147.1957550048828
2017-03-30,148.94000244140625,147.13999938964844,147.5500030517578,147.60000610351562,804700.0,147.565673828125
2017-03-31,147.60000610351562,146.49000549316406,147.50999450683594,146.49000549316406,1440100.0,146.4559326171875
2017-04-03,151.0,146.6999969482422,146.6999969482422,149.38999938964844,1631000.0,149.35525512695312
2017-04-04,150.6999969482422,148.75,149.07000732421875,150.5399932861328,1222700.0,150.50497436523438
2017-04-05,152.0,149.42999267578125,151.00999450683594,149.91000366210938,1457600.0,149.87513732910156
2017-04-06,151.39999389648438,148.75,149.91000366210938,151.2100067138672,1502800.0,151.17483520507812
2017-04-07,152.27000427246094,150.0399932861328,151.10000610351562,152.0399932861328,1480200.0,152.004638671875
2017-04-10,153.19000244140625,151.57000732421875,152.00999450683594,152.27999877929688,1491400.0,152.2445831298828
2017-04-11,151.86000061035156,150.63999938964844,151.47000122070312,151.57000732421875,829400.0,151.53475952148438
2017-04-12,151.38999938964844,149.8699951171875,150.89999389648438,150.58999633789062,791900.0,150.5549774169922
2017-04-13,151.07000732421875,149.77000427246094,150.25,150.41000366210938,774900.0,150.37501525878906
2017-04-17,151.22999572753906,150.25,150.6699981689453,151.1699981689453,823800.0,151.1348419189453
2017-04-18,151.42999267578125,149.10000610351562,151.1699981689453,149.82000732421875,1044400.0,149.78515625
2017-04-19,152.33999633789062,149.9499969482422,150.50999450683594,151.9499969482422,789500.0,151.91465759277344
2017-04-20,156.2100067138672,151.0399932861328,151.69000244140625,155.3800048828125,1755900.0,155.3438720703125
2017-04-21,155.36000061035156,153.94000244140625,155.2100067138672,155.0800018310547,971500.0,155.04393005371094
2017-04-24,157.30999755859375,155.5,156.41000366210938,155.9600067138672,911100.0,155.92373657226562
2017-04-25,159.07000732421875,155.47000122070312,155.47000122070312,157.17999267578125,1168400.0,157.1434326171875
2017-04-26,158.6199951171875,155.6999969482422,157.32000732421875,156.92999267578125,907700.0,156.89349365234375
2017-04-27,158.22999572753906,155.89999389648438,157.2100067138672,156.2100067138672,727000.0,156.17367553710938
2017-04-28,157.39999389648438,152.88999938964844,155.72000122070312,156.3699951171875,1577700.0,156.33363342285156
2017-05-01,158.47000122070312,156.47999572753906,156.67999267578125,157.52000427246094,942700.0,157.48336791992188
2017-05-02,158.82000732421875,156.22999572753906,157.88999938964844,158.3800048828125,1051400.0,158.34317016601562
2017-05-03,159.14999389648438,156.63999938964844,158.22000122070312,157.02999877929688,970300.0,156.9934844970703
2017-05-04,158.16000366210938,155.32000732421875,157.7899932861328,156.72999572753906,1407100.0,156.69354248046875
2017-05-05,161.57000732421875,158.24000549316406,159.0,160.25,1623100.0,160.2127227783203
2017-05-08,162.1300048828125,160.11000061035156,160.66000366210938,161.75,1434800.0,161.71238708496094
2017-05-09,163.47999572753906,161.77999877929688,161.86000061035156,162.64999389648438,1280200.0,162.61216735839844
2017-05-10,163.27999877929688,161.67999267578125,162.0,162.89999389648438,1447800.0,162.8621063232422
2017-05-11,164.2899932861328,161.6999969482422,163.0399932861328,163.82000732421875,989200.0,163.7819061279297
2017-05-12,164.8800048828125,161.52999877929688,163.5,162.02999877929688,1441400.0,161.9923095703125
2017-05-15,162.92999267578125,161.1699981689453,161.6999969482422,162.10000610351562,1578500.0,162.0623016357422
2017-05-16,162.1699981689453,160.41000366210938,162.0,161.33999633789062,1318400.0,161.30247497558594
2017-05-17,161.33999633789062,158.2899932861328,161.33999633789062,158.41000366210938,1633500.0,158.37315368652344
2017-05-18,160.6699981689453,158.41000366210938,158.88999938964844,160.10000610351562,1449700.0,160.06277465820312
2017-05-19,161.5500030517578,159.3000030517578,160.41000366210938,159.47999572753906,1607600.0,159.44290161132812
2017-05-22,160.13999938964844,158.7899932861328,159.75999450683594,159.35000610351562,1586600.0,159.3129425048828
2017-05-23,160.72000122070312,159.35000610351562,159.35000610351562,160.52000427246094,786100.0,160.482666015625
2017-05-24,162.13999938964844,160.08999633789062,160.5800018310547,161.86000061035156,854300.0,161.82235717773438
2017-05-25,164.27999877929688,161.63999938964844,162.5800018310547,161.64999389648438,1796900.0,161.61239624023438
2017-05-26,162.1300048828125,159.91000366210938,161.8699951171875,161.32000732421875,1348300.0,161.28248596191406
2017-05-30,162.27000427246094,161.0500030517578,161.4499969482422,161.5,1084100.0,161.46243286132812
2017-05-31,162.3699951171875,160.75999450683594,161.4199981689453,161.22999572753906,1130200.0,161.1925048828125
2017-06-01,164.8000030517578,161.1999969482422,161.7899932861328,163.9499969482422,2236100.0,163.911865234375
2017-06-02,165.16000366210938,163.77999877929688,164.0,164.4600067138672,1377500.0,164.4217529296875
2017-06-05,165.58999633789062,163.88999938964844,164.58999633789062,164.75999450683594,1590500.0,164.7216796875
2017-06-06,167.05999755859375,164.22999572753906,164.5,165.5,2165100.0,165.4615020751953
2017-06-07,170.0,165.89999389648438,165.9199981689453,168.47999572753906,2572400.0,168.44081115722656
2017-06-08,169.5,165.6699981689453,168.47999572753906,166.50999450683594,3070800.0,166.4712677001953
2017-06-09,168.0800018310547,165.6300048828125,166.61000061035156,166.74000549316406,1746300.0,166.70123291015625
2017-06-12,166.9499969482422,163.4600067138672,166.5,166.8000030517578,1595300.0,166.76121520996094
2017-06-13,167.75,165.8800048828125,166.82000732421875,166.5500030517578,1383800.0,166.51126098632812
2017-06-14,168.36000061035156,166.44000244140625,167.0,168.11000061035156,1199400.0,168.07090759277344
2017-06-15,168.1999969482422,166.55999755859375,167.64999389648438,167.27999877929688,1056800.0,167.2410888671875
2017-06-16,169.25,167.1199951171875,167.8300018310547,169.0800018310547,2008800.0,169.04067993164062
2017-06-19,170.5,169.0800018310547,169.0800018310547,170.25999450683594,1895600.0,170.22039794921875
2017-06-20,170.55999755859375,169.1699981689453,170.0,169.5800018310547,2130800.0,169.54055786132812
2017-06-21,171.6199951171875,169.52000427246094,169.52000427246094,170.17999267578125,1356100.0,170.14041137695312
2017-06-22,173.2100067138672,169.7899932861328,170.1999969482422,170.67999267578125,2192800.0,170.64028930664062
2017-06-23,171.14999389648438,168.89999389648438,171.0,169.61000061035156,3666200.0,169.570556640625
2017-06-26,169.91000366210938,167.94000244140625,169.64999389648438,168.25999450683594,1407000.0,168.22085571289062
2017-06-27,169.36000061035156,166.88999938964844,168.64999389648438,167.0500030517578,1711200.0,167.0111541748047
2017-06-28,169.02999877929688,167.3699951171875,167.8300018310547,168.1300048828125,1271900.0,168.0908966064453
2017-06-29,168.86000061035156,166.05999755859375,168.5,166.6999969482422,1112000.0,166.66122436523438
2017-06-30,168.05999755859375,166.55999755859375,166.69000244140625,167.38999938964844,1751900.0,167.35107421875
2017-07-03,168.44000244140625,166.80999755859375,168.27000427246094,167.5,854300.0,167.46104431152344
2017-07-05,169.32000732421875,167.25,167.5500030517578,169.16000366210938,2368300.0,169.12066650390625
2017-07-06,169.33999633789062,166.86000061035156,168.85000610351562,167.94000244140625,1049200.0,167.90093994140625
2017-07-07,170.38999938964844,168.11000061035156,168.5,169.61000061035156,1529600.0,169.570556640625
2017-07-10,170.63999938964844,168.4600067138672,169.22000122070312,169.57000732421875,1759400.0,169.5305633544922
2017-07-11,171.33999633789062,169.17999267578125,169.64999389648438,171.16000366210938,1101000.0,171.1201934814453
2017-07-12,173.44000244140625,170.8800048828125,171.50999450683594,172.05999755859375,1474200.0,172.0199737548828
2017-07-13,174.1999969482422,171.99000549316406,172.24000549316406,173.0500030517578,1073300.0,173.00975036621094
2017-07-14,174.27000427246094,172.60000610351562,173.00999450683594,173.8000030517578,945800.0,173.75958251953125
2017-07-17,174.39999389648438,172.9600067138672,174.39999389648438,174.19000244140625,1019000.0,174.1494903564453
2017-07-18,174.4600067138672,170.80999755859375,174.22999572753906,172.10000610351562,1392300.0,172.0599822998047
2017-07-19,174.97000122070312,172.4499969482422,172.4499969482422,174.30999755859375,1240500.0,174.2694549560547
2017-07-20,175.0500030517578,173.5800018310547,174.30999755859375,174.49000549316406,883300.0,174.4494171142578
2017-07-21,175.1699981689453,173.99000549316406,174.24000549316406,174.22999572753906,726800.0,174.18946838378906
2017-07-24,174.91000366210938,173.6300048828125,174.13999938964844,174.52999877929688,940900.0,174.48941040039062
2017-07-25,175.8000030517578,173.55999755859375,175.27999877929688,173.80999755859375,1166100.0,173.7695770263672
2017-07-26,174.47000122070312,172.52000427246094,173.47999572753906,173.57000732421875,913000.0,173.52963256835938
2017-07-27,173.5800018310547,171.19000244140625,173.3300018310547,172.07000732421875,860200.0,172.0299835205078
2017-07-28,174.1999969482422,170.9199981689453,172.25999450683594,173.97000122070312,920300.0,173.92953491210938
2017-07-31,175.17999267578125,173.33999633789062,173.88999938964844,173.55999755859375,986300.0,173.51963806152344
2017-08-01,174.63999938964844,172.8699951171875,174.0,172.9600067138672,864300.0,172.91978454589844
2017-08-02,175.3300018310547,173.17999267578125,173.17999267578125,174.74000549316406,924300.0,174.69937133789062
2017-08-03,177.24000549316406,174.9600067138672,175.85000610351562,176.0500030517578,1574000.0,176.00906372070312
2017-08-04,178.5,170.5500030517578,177.99000549316406,172.5500030517578,2225500.0,172.50987243652344
2017-08-07,176.97999572753906,172.5,172.6699981689453,175.97999572753906,1692100.0,175.93907165527344
2017-08-08,176.7899932861328,174.67999267578125,175.6699981689453,175.6300048828125,1108600.0,175.5891571044922
2017-08-09,178.35000610351562,174.5,175.6999969482422,178.0800018310547,1508800.0,178.03858947753906
2017-08-10,178.57000732421875,175.1199951171875,177.3800048828125,175.36000061035156,1143700.0,175.3192138671875
2017-08-11,176.82000732421875,174.22000122070312,175.99000549316406,174.3800048828125,1174000.0,174.33944702148438
2017-08-14,177.19000244140625,175.61000061035156,175.61000061035156,176.35000610351562,794300.0,176.30899047851562
2017-08-15,179.5,176.6199951171875,176.8300018310547,179.16000366210938,1339100.0,179.1183319091797
2017-08-16,180.4199981689453,179.4600067138672,179.5,179.86000061035156,942600.0,179.81817626953125
2017-08-17,181.0,178.0,179.61000061035156,178.02999877929688,1065800.0,177.98858642578125
2017-08-18,178.27000427246094,176.00999450683594,177.89999389648438,177.02999877929688,1034400.0,176.98883056640625
2017-08-21,178.35000610351562,177.0,177.02999877929688,177.97999572753906,1081000.0,177.9385986328125
2017-08-22,180.38999938964844,178.0,178.0,179.82000732421875,1001700.0,179.77818298339844
2017-08-23,180.05999755859375,178.85000610351562,179.50999450683594,179.38999938964844,856600.0,179.34828186035156
2017-08-24,179.97000122070312,178.22000122070312,179.8800048828125,179.77000427246094,1242600.0,179.7281951904297
2017-08-25,181.14999389648438,179.3000030517578,179.9499969482422,179.3000030517578,844000.0,179.25830078125
2017-08-28,181.55999755859375,179.8300018310547,180.0399932861328,180.5,895700.0,180.45802307128906
2017-08-29,180.61000061035156,179.75999450683594,179.77000427246094,180.08999633789062,960900.0,180.04811096191406
2017-08-30,180.14999389648438,179.4199981689453,179.64999389648438,179.6699981689453,905400.0,179.62820434570312
2017-08-31,182.17999267578125,179.86000061035156,180.00999450683594,182.05999755859375,1443500.0,182.0176544189453
2017-09-01,184.22999572753906,182.22999572753906,182.67999267578125,183.1699981689453,1018700.0,183.1273956298828
2017-09-05,185.50999450683594,182.11000061035156,182.1999969482422,185.30999755859375,1281400.0,185.2668914794922
2017-09-06,185.49000549316406,181.50999450683594,185.30999755859375,182.10000610351562,1297900.0,182.05764770507812
2017-09-07,185.17999267578125,181.86000061035156,182.25999450683594,184.97999572753906,1124100.0,184.93698120117188
2017-09-08,185.36000061035156,184.13999938964844,184.69000244140625,184.55999755859375,1352800.0,184.51707458496094
2017-09-11,186.32000732421875,184.64999389648438,185.00999450683594,186.32000732421875,1618600.0,186.27667236328125
2017-09-12,186.92999267578125,184.8699951171875,186.41000366210938,185.5500030517578,1178300.0,185.50685119628906
2017-09-13,188.36000061035156,185.4600067138672,185.4600067138672,187.6199951171875,1299500.0,187.57635498046875
2017-09-14,187.9499969482422,185.0399932861328,187.0500030517578,185.22999572753906,1394600.0,185.18692016601562
2017-09-15,186.6999969482422,185.02000427246094,185.80999755859375,186.0500030517578,2462000.0,186.00672912597656
2017-09-18,186.47000122070312,184.80999755859375,186.0500030517578,185.3000030517578,923600.0,185.2569122314453
2017-09-19,185.9499969482422,180.22999572753906,185.94000244140625,181.50999450683594,1931100.0,181.4677734375
2017-09-20,182.24000549316406,180.58999633789062,181.67999267578125,181.82000732421875,1887400.0,181.77772521972656
2017-09-21,182.85000610351562,180.0399932861328,181.69000244140625,182.1300048828125,943600.0,182.087646484375
2017-09-22,184.3699951171875,180.27999877929688,182.1300048828125,182.74000549316406,1628000.0,182.697509765625
2017-09-25,184.30999755859375,181.36000061035156,183.05999755859375,181.44000244140625,948600.0,181.39779663085938
2017-09-26,183.77999877929688,181.75,182.27999877929688,183.63999938964844,1127200.0,183.5972900390625
2017-09-27,185.13999938964844,182.02000427246094,184.0,184.42999267578125,1115400.0,184.38710021972656
2017-09-28,187.91000366210938,183.89999389648438,184.0,187.0,1006600.0,186.95651245117188
2017-09-29,187.22000122070312,185.11000061035156,187.0,186.94000244140625,1116000.0,186.8965301513672
2017-10-02,189.02999877929688,186.3300018310547,187.7100067138672,189.00999450683594,1358000.0,188.96603393554688
2017-10-03,192.50999450683594,189.1999969482422,189.1999969482422,191.99000549316406,1458400.0,191.9453582763672
2017-10-04,193.0,190.60000610351562,192.00999450683594,190.75,1054400.0,190.7056427001953
2017-10-05,191.92999267578125,189.47999572753906,191.02000427246094,190.67999267578125,1056900.0,190.63565063476562
2017-10-06,192.72000122070312,190.25,191.00999450683594,190.9499969482422,879600.0,190.9055938720703
2017-10-09,190.89999389648438,188.86000061035156,190.3699951171875,189.08999633789062,781900.0,189.0460205078125
2017-10-10,189.44000244140625,186.88999938964844,189.08999633789062,188.07000732421875,979800.0,188.02626037597656
2017-10-11,188.07000732421875,186.30999755859375,187.83999633789062,186.9499969482422,1331200.0,186.90650939941406
2017-10-12,188.75999450683594,186.55999755859375,187.6300048828125,186.9600067138672,1139300.0,186.91651916503906
2017-10-13,186.42999267578125,183.0800018310547,184.0,186.14999389648438,1974100.0,186.10670471191406
2017-10-16,186.9600067138672,184.02000427246094,186.14999389648438,184.99000549316406,1218000.0,184.9469757080078
2017-10-17,188.75999450683594,185.27999877929688,185.38999938964844,187.1999969482422,2279000.0,187.15646362304688
2017-10-18,190.52999877929688,187.85000610351562,187.85000610351562,189.36000061035156,2458700.0,189.3159637451172
2017-10-19,189.07000732421875,186.10000610351562,189.07000732421875,188.22000122070312,2033400.0,188.1762237548828
2017-10-20,192.72999572753906,188.61000061035156,189.00999450683594,191.4199981689453,1708600.0,191.37547302246094
2017-10-23,194.2899932861328,191.2899932861328,191.72999572753906,193.3800048828125,1252000.0,193.33502197265625
2017-10-24,194.52000427246094,192.0,192.83999633789062,193.88999938964844,1226000.0,193.84490966796875
2017-10-25,195.83999633789062,192.47999572753906,193.39999389648438,195.6999969482422,1599100.0,195.65447998046875
2017-10-26,202.22000122070312,195.89999389648438,196.3800048828125,198.75,1765100.0,198.7037811279297
2017-10-27,202.5,198.60000610351562,198.69000244140625,201.94000244140625,1482300.0,201.89303588867188
2017-10-30,201.88999938964844,197.6999969482422,201.5399932861328,197.72000122070312,1127500.0,197.67401123046875
2017-10-31,198.63999938964844,196.50999450683594,198.63999938964844,197.22000122070312,1290700.0,197.17413330078125
2017-11-01,198.5800018310547,196.75,198.1999969482422,197.83999633789062,1679000.0,197.79397583007812
2017-11-02,205.75,197.60000610351562,205.75,198.38999938964844,1958600.0,198.34385681152344
2017-11-03,203.10000610351562,196.27999877929688,198.64999389648438,201.89999389648438,1238200.0,201.85304260253906
2017-11-06,205.17999267578125,201.44000244140625,201.89999389648438,205.0,1322000.0,204.9523162841797
2017-11-07,206.4499969482422,204.02000427246094,205.02000427246094,205.49000549316406,1128400.0,205.4422149658203
2017-11-08,205.0,200.47999572753906,205.0,200.5,1636800.0,200.453369140625
2017-11-09,200.0,196.3699951171875,200.0,197.52000427246094,1774100.0,197.47406005859375
2017-11-10,198.5500030517578,196.89999389648438,197.55999755859375,197.97999572753906,991100.0,197.93394470214844
2017-11-13,198.27000427246094,195.89999389648438,197.8000030517578,197.61000061035156,1277900.0,197.5640411376953
2017-11-14,197.6699981689453,195.25,197.22999572753906,197.13999938964844,1263100.0,197.09414672851562
2017-11-15,197.41000366210938,196.1199951171875,196.6199951171875,196.5,1293500.0,196.4542999267578
2017-11-16,201.33999633789062,196.2899932861328,196.6999969482422,200.97000122070312,1130100.0,200.9232635498047
2017-11-17,200.2100067138672,197.77000427246094,199.91000366210938,197.97000122070312,980900.0,197.92396545410156
2017-11-20,199.83999633789062,197.8800048828125,198.66000366210938,199.41000366210938,826000.0,199.36363220214844
2017-11-21,202.08999633789062,199.72999572753906,200.0,201.99000549316406,1125100.0,201.94302368164062
2017-11-22,202.3699951171875,199.9199981689453,202.25,200.72000122070312,791400.0,200.67332458496094
2017-11-24,201.4499969482422,200.10000610351562,200.58999633789062,200.60000610351562,409800.0,200.5533447265625
2017-11-27,202.14999389648438,199.8699951171875,200.9199981689453,199.92999267578125,1477500.0,199.8834991455078
2017-11-28,201.50999450683594,199.1699981689453,200.77000427246094,200.5500030517578,1912500.0,200.50335693359375
2017-11-29,207.2100067138672,199.8800048828125,201.16000366210938,205.8300018310547,1529700.0,205.78213500976562
2017-11-30,212.4600067138672,205.50999450683594,206.27999877929688,211.72999572753906,2069300.0,211.68075561523438
2017-12-01,211.6199951171875,203.11000061035156,211.6199951171875,208.41000366210938,1442400.0,208.3615264892578
2017-12-04,211.9600067138672,203.50999450683594,211.0399932861328,204.11000061035156,1842800.0,204.06253051757812
2017-12-05,205.24000549316406,202.72999572753906,204.82000732421875,204.1199951171875,917300.0,204.07252502441406
2017-12-06,205.5800018310547,202.66000366210938,204.1199951171875,204.2100067138672,869800.0,204.16250610351562
2017-12-07,207.2100067138672,203.52000427246094,203.6199951171875,206.0,980100.0,205.95208740234375
2017-12-08,211.58999633789062,206.16000366210938,206.75999450683594,209.97000122070312,1250500.0,209.92117309570312
2017-12-11,210.7100067138672,208.30999755859375,209.35000610351562,209.16000366210938,1082200.0,209.11135864257812
2017-12-12,209.97999572753906,206.47999572753906,209.13999938964844,208.47999572753906,1044200.0,208.43150329589844
2017-12-13,209.3699951171875,207.13999938964844,208.44000244140625,207.9199981689453,1038700.0,207.87164306640625
2017-12-14,209.00999450683594,203.47999572753906,208.86000061035156,203.6300048828125,1033600.0,203.5826416015625
2017-12-15,205.27999877929688,202.8800048828125,205.17999267578125,204.13999938964844,3639800.0,204.09251403808594
2017-12-18,206.8000030517578,204.47000122070312,206.1300048828125,206.33999633789062,1643800.0,206.29200744628906
2017-12-19,208.47000122070312,205.5399932861328,206.4499969482422,207.25999450683594,923500.0,207.2117919921875
2017-12-20,210.27000427246094,205.80999755859375,207.49000549316406,206.02999877929688,1396200.0,205.98208618164062
2017-12-21,208.08999633789062,204.47000122070312,206.82000732421875,204.52000427246094,1585200.0,204.47244262695312
2017-12-22,205.5500030517578,202.41000366210938,205.5500030517578,203.38999938964844,1091700.0,203.3426971435547
2017-12-26,204.42999267578125,202.52999877929688,202.80999755859375,203.77999877929688,641200.0,203.73260498046875
2017-12-27,204.4600067138672,202.47999572753906,204.35000610351562,202.7100067138672,1107400.0,202.66285705566406
2017-12-28,205.5,202.24000549316406,203.24000549316406,205.24000549316406,611500.0,205.19227600097656
2017-12-29,206.16000366210938,203.0500030517578,206.0,203.08999633789062,736200.0,203.04275512695312
2018-01-02,204.97999572753906,202.33999633789062,204.13999938964844,202.55999755859375,1115900.0,202.5128936767578
2018-01-03,206.32000732421875,201.3000030517578,202.52000427246094,205.9600067138672,1362800.0,205.912109375
2018-01-04,208.0399932861328,206.07000732421875,206.07000732421875,207.0399932861328,888600.0,206.99183654785156
2018-01-05,211.0800018310547,207.60000610351562,207.91000366210938,210.5500030517578,755000.0,210.50103759765625
2018-01-08,210.49000549316406,207.7100067138672,209.77000427246094,208.22000122070312,1130900.0,208.17156982421875
2018-01-09,209.2100067138672,206.97000122070312,207.97999572753906,207.8699951171875,1280200.0,207.8216552734375
2018-01-10,207.17999267578125,205.0500030517578,205.67999267578125,207.08999633789062,1113600.0,207.0418243408203
2018-01-11,211.36000061035156,207.50999450683594,208.08999633789062,210.88999938964844,1196600.0,210.84095764160156
2018-01-12,213.72999572753906,211.8800048828125,212.9600067138672,213.38999938964844,1151300.0,213.34036254882812
2018-01-16,216.33999633789062,213.86000061035156,215.07000732421875,214.75,1442400.0,214.70005798339844
2018-01-17,221.1300048828125,215.14999389648438,215.6999969482422,220.36000061035156,1410600.0,220.30874633789062
2018-01-18,220.4600067138672,218.16000366210938,220.36000061035156,219.66000366210938,1380300.0,219.60891723632812
2018-01-19,221.22999572753906,218.57000732421875,220.66000366210938,220.14999389648438,1363900.0,220.09878540039062
2018-01-22,220.8000030517578,218.67999267578125,220.5,220.75,882200.0,220.6986541748047
2018-01-23,221.11000061035156,218.72000122070312,220.80999755859375,219.7899932861328,821200.0,219.73887634277344
2018-01-24,222.67999267578125,220.2100067138672,221.16000366210938,221.0,718600.0,220.94859313964844
2018-01-25,222.9600067138672,220.0,221.8300018310547,221.8800048828125,760500.0,221.82839965820312
2018-01-26,226.27000427246094,221.4499969482422,221.99000549316406,226.22000122070312,977000.0,226.16738891601562
2018-01-29,227.1300048828125,223.77999877929688,225.75999450683594,223.89999389648438,936100.0,223.84791564941406
2018-01-30,215.55999755859375,207.1199951171875,211.58999633789062,207.88999938964844,4717400.0,207.84164428710938
2018-01-31,219.8699951171875,208.33999633789062,214.36000061035156,208.35000610351562,2719900.0,208.30154418945312
2018-02-01,209.63999938964844,198.83999633789062,207.32000732421875,205.00999450683594,2755300.0,204.96231079101562
2018-02-02,209.60000610351562,203.2100067138672,204.1300048828125,204.4600067138672,2158300.0,204.41246032714844
2018-02-05,204.4600067138672,193.19000244140625,203.39999389648438,196.41000366210938,2260100.0,196.36431884765625
2018-02-06,200.0,191.58999633789062,193.02000427246094,197.58999633789062,3059200.0,197.54403686523438
2018-02-07,198.3300018310547,194.3800048828125,196.33999633789062,195.44000244140625,1729000.0,195.39454650878906
2018-02-08,198.11000061035156,189.14999389648438,195.25,189.27000427246094,1637100.0,189.22598266601562
2018-02-09,195.08999633789062,187.13999938964844,192.02000427246094,193.77000427246094,2870300.0,193.72494506835938
2018-02-12,196.77999877929688,192.8800048828125,195.02999877929688,193.55999755859375,945400.0,193.51498413085938
2018-02-13,195.5800018310547,191.07000732421875,192.00999450683594,195.44000244140625,842100.0,195.39454650878906
2018-02-14,196.02000427246094,193.47000122070312,193.9600067138672,195.5500030517578,645400.0,195.5045166015625
2018-02-15,197.30999755859375,190.72000122070312,196.36000061035156,191.94000244140625,1654500.0,191.89535522460938
2018-02-16,195.10000610351562,191.3699951171875,191.9600067138672,193.80999755859375,1019400.0,193.76492309570312
2018-02-20,193.4199981689453,190.67999267578125,192.57000732421875,192.60000610351562,919600.0,192.55520629882812
2018-02-21,195.30999755859375,191.61000061035156,192.94000244140625,191.64999389648438,684500.0,191.6054229736328
2018-02-22,194.89999389648438,191.1699981689453,192.8000030517578,191.89999389648438,1105000.0,191.85536193847656
2018-02-23,194.8800048828125,192.0500030517578,193.1999969482422,194.7899932861328,1116800.0,194.74468994140625
2018-02-26,196.8300018310547,194.11000061035156,195.27999877929688,195.8800048828125,973300.0,195.83444213867188
2018-02-27,199.08999633789062,195.58999633789062,196.1699981689453,196.85000610351562,1224900.0,196.80422973632812
2018-02-28,198.8300018310547,195.8699951171875,196.7100067138672,195.88999938964844,2302400.0,195.8444366455078
2018-03-01,196.1300048828125,191.69000244140625,195.41000366210938,193.4199981689453,1735900.0,193.37501525878906
2018-03-02,193.69000244140625,191.17999267578125,192.7899932861328,193.05999755859375,884600.0,193.0150909423828
2018-03-05,193.27000427246094,189.63999938964844,191.83999633789062,192.33999633789062,951700.0,192.29525756835938
2018-03-06,194.30999755859375,190.9600067138672,192.80999755859375,194.1300048828125,1067000.0,194.08485412597656
2018-03-07,194.42999267578125,192.02999877929688,192.5,194.25,1276600.0,194.20481872558594
2018-03-08,182.57000732421875,171.05999755859375,182.2100067138672,172.0,17357000.0,171.95999145507812
2018-03-09,174.69000244140625,172.05999755859375,173.10000610351562,173.36000061035156,6222900.0,173.36000061035156
2018-03-12,173.60000610351562,167.0500030517578,173.57000732421875,167.30999755859375,8525200.0,167.30999755859375
2018-03-13,168.0,163.02000427246094,167.52000427246094,164.38999938964844,7182900.0,164.38999938964844
2018-03-14,167.6199951171875,163.60000610351562,164.72000122070312,166.8800048828125,4874000.0,166.8800048828125
2018-03-15,169.5800018310547,166.77000427246094,167.7100067138672,166.89999389648438,4285800.0,166.89999389648438
2018-03-16,169.1699981689453,166.77000427246094,167.8000030517578,168.6699981689453,3912400.0,168.6699981689453
2018-03-19,169.02000427246094,165.47000122070312,168.3800048828125,166.44000244140625,3804300.0,166.44000244140625
2018-03-20,167.25999450683594,164.36000061035156,166.92999267578125,165.0,3868100.0,165.0
2018-03-21,169.55999755859375,164.30999755859375,165.61000061035156,167.0500030517578,5671900.0,167.0500030517578
2018-03-22,167.4499969482422,164.82000732421875,166.08999633789062,165.33999633789062,4238100.0,165.33999633789062
2018-03-23,166.83999633789062,164.0,165.82000732421875,164.0,3333400.0,164.0
2018-03-26,168.8699951171875,164.11000061035156,165.00999450683594,168.67999267578125,3101200.0,168.67999267578125
2018-03-27,170.1300048828125,164.27999877929688,169.1199951171875,165.5399932861328,4070200.0,165.5399932861328
2018-03-28,169.63999938964844,165.5,166.25,168.32000732421875,3036700.0,168.32000732421875
2018-03-29,169.38999938964844,167.02000427246094,168.86000061035156,167.74000549316406,2736100.0,167.74000549316406
2018-04-02,169.39999389648438,163.8000030517578,168.85000610351562,164.64999389648438,2757000.0,164.64999389648438
2018-04-03,168.60000610351562,165.25,165.25,167.85000610351562,1697600.0,167.85000610351562
2018-04-04,169.61000061035156,165.5,165.5500030517578,168.7899932861328,2533900.0,168.7899932861328
2018-04-05,169.97999572753906,167.8800048828125,169.6699981689453,169.02999877929688,1434700.0,169.02999877929688
2018-04-06,169.8699951171875,166.72999572753906,168.27999877929688,167.82000732421875,1625300.0,167.82000732421875
2018-04-09,169.89999389648438,167.7899932861328,168.7100067138672,167.94000244140625,1475900.0,167.94000244140625
2018-04-10,170.8000030517578,167.60000610351562,169.72999572753906,169.85000610351562,1759700.0,169.85000610351562
2018-04-11,169.8800048828125,168.16000366210938,168.66000366210938,169.0,1733900.0,169.0
2018-04-12,171.2100067138672,168.74000549316406,169.75,170.55999755859375,3035600.0,170.55999755859375
2018-04-13,172.52999877929688,170.75999450683594,171.6699981689453,171.64999389648438,2611000.0,171.64999389648438
2018-04-16,175.6999969482422,171.72000122070312,172.22000122070312,175.0800018310547,2200000.0,175.0800018310547
2018-04-17,177.80999755859375,174.27999877929688,176.82000732421875,174.3800048828125,2260000.0,174.3800048828125
2018-04-18,175.85000610351562,173.7899932861328,174.60000610351562,175.2100067138672,1566200.0,175.2100067138672
2018-04-19,174.6199951171875,171.47000122070312,174.55999755859375,171.72999572753906,2026700.0,171.72999572753906
2018-04-20,172.5500030517578,169.6300048828125,172.0800018310547,169.94000244140625,2986800.0,169.94000244140625
2018-04-23,173.86000061035156,170.25,170.39999389648438,172.35000610351562,2376200.0,172.35000610351562
2018-04-24,173.44000244140625,170.24000549316406,172.44000244140625,171.2899932861328,2020900.0,171.2899932861328
2018-04-25,172.3800048828125,168.86000061035156,171.67999267578125,171.6999969482422,1380200.0,171.6999969482422
2018-04-26,173.0500030517578,170.6999969482422,171.63999938964844,172.14999389648438,1249800.0,172.14999389648438
2018-04-27,174.97999572753906,172.17999267578125,172.22999572753906,173.9499969482422,1490600.0,173.9499969482422
2018-04-30,174.75,171.77000427246094,174.0,171.82000732421875,1494700.0,171.82000732421875
2018-05-01,172.97000122070312,170.8000030517578,172.00999450683594,171.07000732421875,1949400.0,171.07000732421875
2018-05-02,173.61000061035156,169.41000366210938,170.6300048828125,172.36000061035156,2184400.0,172.36000061035156
2018-05-03,174.0,166.25,172.72999572753906,172.8800048828125,3118500.0,172.8800048828125
2018-05-04,173.4600067138672,170.19000244140625,172.75,171.1699981689453,1854700.0,171.1699981689453
2018-05-07,172.6699981689453,168.35000610351562,171.5,172.58999633789062,2504500.0,172.58999633789062
2018-05-08,172.25,169.75999450683594,172.25,170.6999969482422,1814600.0,170.6999969482422
2018-05-09,170.77999877929688,168.7899932861328,170.57000732421875,169.5800018310547,2827300.0,169.5800018310547
2018-05-10,172.11000061035156,167.6699981689453,168.00999450683594,171.05999755859375,1948700.0,171.05999755859375
2018-05-11,174.27000427246094,169.6699981689453,170.5,173.72999572753906,2322900.0,173.72999572753906
2018-05-14,177.60000610351562,173.77000427246094,174.47000122070312,177.5399932861328,2797800.0,177.5399932861328
2018-05-15,177.42999267578125,175.13999938964844,177.17999267578125,176.05999755859375,1374400.0,176.05999755859375
2018-05-16,177.35000610351562,174.8800048828125,176.16000366210938,177.14999389648438,1489400.0,177.14999389648438
2018-05-17,179.99000549316406,176.69000244140625,177.64999389648438,178.91000366210938,1592700.0,178.91000366210938
2018-05-18,179.5800018310547,177.97999572753906,178.86000061035156,178.07000732421875,1064600.0,178.07000732421875
2018-05-21,179.2899932861328,176.85000610351562,179.0,177.4499969482422,1357100.0,177.4499969482422
2018-05-22,178.35000610351562,177.0500030517578,177.66000366210938,177.24000549316406,1262400.0,177.24000549316406
2018-05-23,177.3800048828125,175.14999389648438,176.6999969482422,177.08999633789062,1082700.0,177.08999633789062
2018-05-24,177.3800048828125,174.77999877929688,177.35000610351562,175.85000610351562,1308500.0,175.85000610351562
2018-05-25,176.97999572753906,175.0399932861328,175.97999572753906,175.89999389648438,1292200.0,175.89999389648438
2018-05-29,175.0,171.7100067138672,174.80999755859375,172.5800018310547,1446500.0,172.5800018310547
2018-05-30,173.97000122070312,171.33999633789062,172.60000610351562,173.32000732421875,1390300.0,173.32000732421875
2018-05-31,173.69000244140625,169.11000061035156,173.69000244140625,169.3699951171875,2019500.0,169.3699951171875
2018-06-01,171.08999633789062,169.39999389648438,170.2100067138672,170.82000732421875,1162000.0,170.82000732421875
2018-06-04,171.63999938964844,170.4600067138672,171.24000549316406,171.0,1011400.0,171.0
2018-06-05,172.6699981689453,170.00999450683594,171.24000549316406,170.8300018310547,1308700.0,170.8300018310547
2018-06-06,175.80999755859375,172.5,174.0,174.92999267578125,2680500.0,174.92999267578125
2018-06-07,177.88999938964844,175.0500030517578,175.22999572753906,177.11000061035156,1460800.0,177.11000061035156
2018-06-08,178.0399932861328,176.08999633789062,177.0500030517578,177.80999755859375,1667200.0,177.80999755859375
2018-06-11,182.10000610351562,177.99000549316406,178.41000366210938,180.9499969482422,1912900.0,180.9499969482422
2018-06-12,181.6199951171875,178.52000427246094,180.5800018310547,178.82000732421875,1500300.0,178.82000732421875
2018-06-13,179.5,174.6300048828125,179.5,176.17999267578125,3729600.0,176.17999267578125
2018-06-14,177.4499969482422,174.5500030517578,176.92999267578125,175.3300018310547,2237100.0,175.3300018310547
2018-06-15,177.0,174.8000030517578,175.66000366210938,175.0500030517578,3593500.0,175.0500030517578
2018-06-18,175.33999633789062,173.13999938964844,174.5399932861328,173.92999267578125,1585500.0,173.92999267578125
2018-06-19,174.39999389648438,172.9199981689453,173.10000610351562,173.36000061035156,2344200.0,173.36000061035156
2018-06-20,176.0399932861328,173.7899932861328,173.7899932861328,175.72000122070312,1420500.0,175.72000122070312
2018-06-21,176.08999633789062,172.63999938964844,175.27999877929688,175.0,1976600.0,175.0
2018-06-22,176.05999755859375,173.9199981689453,175.4499969482422,174.0800018310547,1867400.0,174.0800018310547
2018-06-25,175.99000549316406,172.35000610351562,174.05999755859375,173.85000610351562,1813900.0,173.85000610351562
2018-06-26,174.22999572753906,172.8000030517578,173.69000244140625,172.9499969482422,1506000.0,172.9499969482422
2018-06-27,174.97999572753906,172.0,172.1199951171875,172.80999755859375,1823500.0,172.80999755859375
2018-06-28,170.0,163.97000122070312,169.97999572753906,169.75999450683594,4021700.0,169.75999450683594
2018-06-29,171.05999755859375,169.89999389648438,170.39999389648438,169.9499969482422,1905900.0,169.9499969482422
2018-07-02,169.47000122070312,166.8800048828125,169.47000122070312,169.02999877929688,1396900.0,169.02999877929688
2018-07-03,170.3699951171875,168.86000061035156,169.2899932861328,170.25,941500.0,170.25
2018-07-05,172.3000030517578,170.25,171.1699981689453,171.97999572753906,1234200.0,171.97999572753906
2018-07-06,172.52000427246094,171.16000366210938,172.0,172.10000610351562,783900.0,172.10000610351562
2018-07-09,174.0500030517578,172.3000030517578,172.52999877929688,173.22000122070312,1151500.0,173.22000122070312
2018-07-10,174.11000061035156,172.58999633789062,173.67999267578125,173.4499969482422,968200.0,173.4499969482422
2018-07-11,173.4499969482422,171.6999969482422,173.0800018310547,171.7899932861328,1474900.0,171.7899932861328
2018-07-12,173.85000610351562,171.10000610351562,172.0800018310547,172.9600067138672,2201700.0,172.9600067138672
2018-07-13,173.74000549316406,172.42999267578125,172.44000244140625,173.08999633789062,700400.0,173.08999633789062
2018-07-16,173.3000030517578,172.27000427246094,173.08999633789062,172.35000610351562,1451600.0,172.35000610351562
2018-07-17,172.02000427246094,167.8300018310547,172.02000427246094,170.7100067138672,2265200.0,170.7100067138672
2018-07-18,179.47999572753906,170.72000122070312,170.80999755859375,177.75,5413500.0,177.75
2018-07-19,178.7100067138672,174.25,177.92999267578125,175.89999389648438,3488700.0,175.89999389648438
2018-07-20,179.47000122070312,174.3000030517578,174.49000549316406,178.08999633789062,3196800.0,178.08999633789062
2018-07-23,179.2100067138672,177.0,178.22999572753906,177.4199981689453,1676900.0,177.4199981689453
2018-07-24,178.9600067138672,175.8000030517578,177.47000122070312,176.42999267578125,1511500.0,176.42999267578125
2018-07-25,177.5500030517578,173.5399932861328,176.9199981689453,177.5,2717600.0,177.5
2018-07-26,179.1199951171875,176.67999267578125,178.0800018310547,177.94000244140625,2011700.0,177.94000244140625
2018-07-27,178.0800018310547,176.3000030517578,177.9499969482422,177.25,1277900.0,177.25
2018-07-30,178.13999938964844,175.6999969482422,177.17999267578125,176.8000030517578,1738500.0,176.8000030517578
2018-07-31,181.66000366210938,177.0,177.61000061035156,179.4199981689453,2848900.0,179.4199981689453
2018-08-01,188.60000610351562,178.57000732421875,179.88999938964844,182.92999267578125,6259600.0,182.92999267578125
2018-08-02,189.1999969482422,184.25,185.22999572753906,188.89999389648438,5071800.0,188.89999389648438
2018-08-03,193.3699951171875,188.91000366210938,189.61000061035156,189.25,2852300.0,189.25
2018-08-06,189.07000732421875,186.44000244140625,188.80999755859375,187.86000061035156,2211900.0,187.86000061035156
2018-08-07,190.35000610351562,187.0,188.91000366210938,188.27000427246094,3638900.0,188.27000427246094
2018-08-08,190.3000030517578,186.02999877929688,188.6699981689453,189.4600067138672,5734000.0,189.4600067138672
2018-08-09,190.3000030517578,184.9199981689453,190.02999877929688,185.4199981689453,2981800.0,185.4199981689453
2018-08-10,186.2100067138672,182.13999938964844,183.10000610351562,183.27999877929688,4442000.0,183.27999877929688
2018-08-13,183.82000732421875,180.1300048828125,183.39999389648438,181.75999450683594,1894600.0,181.75999450683594
2018-08-14,185.55999755859375,181.27000427246094,181.27000427246094,185.3000030517578,4180600.0,185.3000030517578
2018-08-15,186.41000366210938,183.1199951171875,185.0,185.47999572753906,2922200.0,185.47999572753906
2018-08-16,188.61000061035156,185.57000732421875,185.86000061035156,188.19000244140625,2625000.0,188.19000244140625
2018-08-17,189.3800048828125,187.3800048828125,189.1300048828125,188.33999633789062,1805700.0,188.33999633789062
2018-08-20,189.3000030517578,187.47000122070312,188.97000122070312,187.88999938964844,2449200.0,187.88999938964844
2018-08-21,187.5500030517578,185.75,187.33999633789062,186.0500030517578,2626400.0,186.0500030517578
2018-08-22,187.08999633789062,183.77999877929688,185.39999389648438,186.36000061035156,2227300.0,186.36000061035156
2018-08-23,187.07000732421875,185.05999755859375,186.44000244140625,185.8000030517578,1494200.0,185.8000030517578
2018-08-24,186.8699951171875,184.94000244140625,185.86000061035156,185.72000122070312,2266800.0,185.72000122070312
2018-08-27,187.99000549316406,185.85000610351562,186.0,187.0,1665000.0,187.0
2018-08-28,188.3800048828125,186.10000610351562,187.72000122070312,187.9600067138672,1821800.0,187.9600067138672
2018-08-29,190.9499969482422,187.99000549316406,188.30999755859375,190.4600067138672,2502500.0,190.4600067138672
2018-08-30,191.24000549316406,189.58999633789062,190.42999267578125,189.8000030517578,2245400.0,189.8000030517578
2018-08-31,189.57000732421875,187.75999450683594,189.22000122070312,188.33999633789062,1809200.0,188.33999633789062
2018-09-04,188.57000732421875,185.5800018310547,187.49000549316406,186.07000732421875,2098100.0,186.07000732421875
2018-09-05,186.85000610351562,181.77999877929688,186.13999938964844,184.92999267578125,3997300.0,184.92999267578125
2018-09-06,185.6199951171875,181.91000366210938,184.47999572753906,185.17999267578125,2712400.0,185.17999267578125
2018-09-07,189.14999389648438,185.30999755859375,185.55999755859375,188.58999633789062,2255000.0,188.58999633789062
2018-09-10,189.7100067138672,186.25999450683594,188.60000610351562,186.36000061035156,1828300.0,186.36000061035156
2018-09-11,186.0,183.0,186.0,184.8699951171875,1603600.0,184.8699951171875
2018-09-12,187.35000610351562,183.82000732421875,185.07000732421875,186.88999938964844,1982500.0,186.88999938964844
2018-09-13,193.41000366210938,186.8800048828125,187.6300048828125,193.2100067138672,2989200.0,193.2100067138672
2018-09-14,195.67999267578125,192.86000061035156,193.57000732421875,195.11000061035156,2357700.0,195.11000061035156
2018-09-17,201.69000244140625,194.82000732421875,196.5,197.83999633789062,6532300.0,197.83999633789062
2018-09-18,201.5500030517578,196.0,198.08999633789062,200.07000732421875,4442100.0,200.07000732421875
2018-09-19,201.72000122070312,197.91000366210938,200.4199981689453,199.19000244140625,2835800.0,199.19000244140625
2018-09-20,201.63999938964844,200.16000366210938,200.2100067138672,201.3300018310547,2499900.0,201.3300018310547
2018-09-21,203.05999755859375,197.41000366210938,202.13999938964844,202.22999572753906,3695700.0,202.22999572753906
2018-09-24,203.66000366210938,200.57000732421875,200.9199981689453,203.24000549316406,2839400.0,203.24000549316406
2018-09-25,203.2899932861328,199.8000030517578,203.0500030517578,201.5,3064000.0,201.5
2018-09-26,204.0,200.82000732421875,202.10000610351562,202.42999267578125,2256500.0,202.42999267578125
2018-09-27,206.6300048828125,202.9600067138672,203.36000061035156,206.35000610351562,2573900.0,206.35000610351562
2018-09-28,208.72999572753906,204.22000122070312,205.02999877929688,208.25,3330600.0,208.25
2018-10-01,211.97999572753906,208.5500030517578,209.22000122070312,210.92999267578125,2407300.0,210.92999267578125
2018-10-02,211.6199951171875,209.85000610351562,211.0,210.58999633789062,2269600.0,210.58999633789062
2018-10-03,213.5800018310547,210.3800048828125,213.00999450683594,212.3300018310547,2100400.0,212.3300018310547
2018-10-04,213.4199981689453,210.97000122070312,212.39999389648438,212.6199951171875,2321600.0,212.6199951171875
2018-10-05,216.0,212.80999755859375,213.0,215.72000122070312,2401500.0,215.72000122070312
2018-10-08,215.4600067138672,210.02000427246094,214.7899932861328,212.89999389648438,2701200.0,212.89999389648438
2018-10-09,215.27999877929688,211.52000427246094,212.0,214.0399932861328,1764000.0,214.0399932861328
2018-10-10,215.36000061035156,209.7100067138672,213.82000732421875,209.97000122070312,2564400.0,209.97000122070312
2018-10-11,210.77000427246094,202.72999572753906,209.58999633789062,206.0,3605400.0,206.0
2018-10-12,209.83999633789062,205.99000549316406,207.75999450683594,207.08999633789062,2621600.0,207.08999633789062
2018-10-15,207.07000732421875,203.8300018310547,205.80999755859375,203.9199981689453,1791200.0,203.9199981689453
2018-10-16,212.47000122070312,206.38999938964844,206.83999633789062,211.9600067138672,2788200.0,211.9600067138672
2018-10-17,212.2100067138672,209.2100067138672,211.19000244140625,211.1999969482422,1456700.0,211.1999969482422
2018-10-18,213.0800018310547,209.07000732421875,211.35000610351562,212.74000549316406,1875100.0,212.74000549316406
2018-10-19,214.91000366210938,209.0,213.6999969482422,210.0,2055300.0,210.0
2018-10-22,211.4499969482422,207.39999389648438,209.77999877929688,208.8000030517578,1396000.0,208.8000030517578
2018-10-23,211.0800018310547,205.02000427246094,206.1699981689453,210.33999633789062,1844000.0,210.33999633789062
2018-10-24,210.92999267578125,201.58999633789062,209.77000427246094,201.9199981689453,2877700.0,201.9199981689453
2018-10-25,211.9199981689453,201.22999572753906,202.61000061035156,210.3699951171875,3653800.0,210.3699951171875
2018-10-26,208.3699951171875,204.0800018310547,208.14999389648438,206.69000244140625,2859000.0,206.69000244140625
2018-10-29,214.0,204.0500030517578,208.42999267578125,206.8699951171875,1988100.0,206.8699951171875
2018-10-30,210.64999389648438,206.27000427246094,207.89999389648438,210.25999450683594,1994000.0,210.25999450683594
2018-10-31,214.4499969482422,209.27999877929688,212.0,213.80999755859375,2817300.0,213.80999755859375
2018-11-01,222.72000122070312,212.13999938964844,219.00999450683594,216.27999877929688,4115300.0,216.27999877929688
2018-11-02,218.0,212.07000732421875,216.75999450683594,213.1300048828125,2281300.0,213.1300048828125
2018-11-05,216.5800018310547,213.33999633789062,214.0,215.5,1355300.0,215.5
2018-11-06,215.9600067138672,213.47999572753906,215.0500030517578,214.24000549316406,2136800.0,214.24000549316406
2018-11-07,222.25,218.0,218.0,220.2899932861328,3238600.0,220.2899932861328
2018-11-08,221.19000244140625,219.32000732421875,220.60000610351562,220.49000549316406,3756800.0,220.49000549316406
2018-11-09,220.99000549316406,216.77000427246094,220.6699981689453,217.64999389648438,1794800.0,217.64999389648438
2018-11-12,219.16000366210938,216.4499969482422,217.0800018310547,217.4199981689453,1983700.0,217.4199981689453
2018-11-13,218.3699951171875,212.25999450683594,217.42999267578125,213.0500030517578,2883400.0,213.0500030517578
2018-11-14,214.66000366210938,210.9199981689453,213.55999755859375,212.35000610351562,2754400.0,212.35000610351562
2018-11-15,213.44000244140625,208.61000061035156,211.57000732421875,212.8000030517578,2405100.0,212.8000030517578
2018-11-16,215.11000061035156,212.38999938964844,213.2100067138672,213.72000122070312,1797000.0,213.72000122070312
2018-11-19,215.83999633789062,209.47000122070312,215.83999633789062,211.19000244140625,1397500.0,211.19000244140625
2018-11-20,211.8300018310547,207.24000549316406,211.22999572753906,207.77999877929688,1800500.0,207.77999877929688
2018-11-21,211.9600067138672,207.24000549316406,207.24000549316406,209.7100067138672,1839000.0,209.7100067138672
2018-11-23,213.16000366210938,207.19000244140625,208.83999633789062,211.16000366210938,535400.0,211.16000366210938
2018-11-26,218.3800048828125,211.52999877929688,213.1199951171875,216.27999877929688,2187800.0,216.27999877929688
2018-11-27,217.24000549316406,214.22000122070312,215.85000610351562,216.8000030517578,2278500.0,216.8000030517578
2018-11-28,222.52000427246094,215.47000122070312,216.5800018310547,221.72000122070312,2605500.0,221.72000122070312
2018-11-29,223.8300018310547,218.92999267578125,220.5,222.52000427246094,1890000.0,222.52000427246094
2018-11-30,223.9600067138672,219.92999267578125,223.19000244140625,223.3800048828125,2440900.0,223.3800048828125
2018-12-03,226.61000061035156,220.7899932861328,224.82000732421875,224.83999633789062,2704100.0,224.83999633789062
2018-12-04,226.19000244140625,217.2899932861328,225.4499969482422,217.83999633789062,2547900.0,217.83999633789062
2018-12-06,216.77999877929688,206.61000061035156,216.0399932861328,214.2899932861328,2854700.0,214.2899932861328
2018-12-07,215.11000061035156,204.27000427246094,213.38999938964844,206.11000061035156,2556400.0,206.11000061035156
