Date,High,Low,Open,Close,Volume,Adj Close
2000-01-03,1.3385416269302368,1.21875,1.3385416269302368,1.234375,1306400.0,0.7059743404388428
2000-01-04,1.2239583730697632,1.1927083730697632,1.2239583730697632,1.1979166269302368,334400.0,0.6851227283477783
2000-01-05,1.2239583730697632,1.1875,1.1875,1.21875,363200.0,0.697037935256958
2000-01-06,1.2708333730697632,1.2083333730697632,1.2135416269302368,1.2447916269302368,538400.0,0.7119321823120117
2000-01-07,1.296875,1.2447916269302368,1.2447916269302368,1.296875,388800.0,0.7417201399803162
2000-01-10,1.3229166269302368,1.25,1.3072916269302368,1.25,766400.0,0.7149105072021484
2000-01-11,1.2447916269302368,1.203125,1.2447916269302368,1.203125,723200.0,0.6881014704704285
2000-01-12,1.203125,1.1822916269302368,1.203125,1.1822916269302368,547200.0,0.676186203956604
2000-01-13,1.1875,1.171875,1.1875,1.1875,1940000.0,0.6791650652885437
2000-01-14,1.2083333730697632,1.1822916269302368,1.1875,1.2083333730697632,1100000.0,0.6910802125930786
2000-01-18,1.2916666269302368,1.2083333730697632,1.2083333730697632,1.2708333730697632,1956800.0,0.7268257141113281
2000-01-19,1.2916666269302368,1.2552083730697632,1.2760416269302368,1.265625,2683200.0,0.7238470911979675
2000-01-20,1.2708333730697632,1.25,1.2604166269302368,1.2708333730697632,1493600.0,0.7268257141113281
2000-01-21,1.3072916269302368,1.25,1.25,1.2760416269302368,1320800.0,0.729804515838623
2000-01-24,1.28125,1.2291666269302368,1.2760416269302368,1.2291666269302368,886400.0,0.7029955983161926
2000-01-25,1.2395833730697632,1.21875,1.2291666269302368,1.2291666269302368,454400.0,0.7029955983161926
2000-01-26,1.390625,1.2395833730697632,1.2395833730697632,1.3125,1839200.0,0.750656247138977
2000-01-27,1.3177083730697632,1.25,1.3125,1.2552083730697632,788000.0,0.7178898453712463
2000-01-28,1.265625,1.2395833730697632,1.25,1.25,780000.0,0.7149105072021484
2000-01-31,1.25,1.1979166269302368,1.2447916269302368,1.2291666269302368,507200.0,0.7029955983161926
2000-02-01,1.28125,1.2395833730697632,1.2395833730697632,1.2760416269302368,682400.0,0.729804515838623
2000-02-02,1.2864583730697632,1.2552083730697632,1.28125,1.2760416269302368,357600.0,0.729804515838623
2000-02-03,1.328125,1.2864583730697632,1.2864583730697632,1.3125,869600.0,0.750656247138977
2000-02-04,1.3229166269302368,1.3072916269302368,1.3072916269302368,1.3072916269302368,1332800.0,0.7476770281791687
2000-02-07,1.3177083730697632,1.2916666269302368,1.3072916269302368,1.3072916269302368,320000.0,0.7476770281791687
2000-02-08,1.3072916269302368,1.2760416269302368,1.2864583730697632,1.28125,602400.0,0.7327835559844971
2000-02-09,1.2864583730697632,1.265625,1.2708333730697632,1.265625,281600.0,0.7472034692764282
2000-02-10,1.296875,1.2395833730697632,1.265625,1.296875,1008800.0,0.7656532526016235
2000-02-11,1.296875,1.2708333730697632,1.296875,1.2708333730697632,316800.0,0.7502782344818115
2000-02-14,1.28125,1.2552083730697632,1.2760416269302368,1.2604166269302368,612800.0,0.7441285848617554
2000-02-15,1.28125,1.25,1.265625,1.265625,1841600.0,0.7472034692764282
2000-02-16,1.2708333730697632,1.25,1.2708333730697632,1.265625,1644800.0,0.7472034692764282
2000-02-17,1.265625,1.2291666269302368,1.2604166269302368,1.2395833730697632,896000.0,0.7318289875984192
2000-02-18,1.2395833730697632,1.203125,1.2395833730697632,1.2083333730697632,561600.0,0.7133796215057373
2000-02-22,1.21875,1.1770833730697632,1.2083333730697632,1.1927083730697632,1360800.0,0.7041545510292053
2000-02-23,1.1927083730697632,1.171875,1.1927083730697632,1.1822916269302368,384000.0,0.6980049014091492
2000-02-24,1.2291666269302368,1.1770833730697632,1.1770833730697632,1.203125,360000.0,0.7103044986724854
2000-02-25,1.2447916269302368,1.1822916269302368,1.1927083730697632,1.234375,1336800.0,0.7287542223930359
2000-02-28,1.2552083730697632,1.1822916269302368,1.1979166269302368,1.2552083730697632,501600.0,0.7410539388656616
2000-02-29,1.3177083730697632,1.2291666269302368,1.25,1.3177083730697632,605600.0,0.7779527306556702
2000-03-01,1.3541666269302368,1.3177083730697632,1.3177083730697632,1.3541666269302368,2980800.0,0.7994771599769592
2000-03-02,1.4114583730697632,1.3645833730697632,1.3645833730697632,1.3958333730697632,1464000.0,0.8240767121315002
2000-03-03,1.4322916269302368,1.4010416269302368,1.4010416269302368,1.4114583730697632,964800.0,0.8333014845848083
2000-03-06,1.4375,1.4114583730697632,1.4114583730697632,1.4322916269302368,4927200.0,0.8456006050109863
2000-03-07,1.515625,1.421875,1.4375,1.4895833730697632,1520000.0,0.8794249892234802
2000-03-08,1.5104166269302368,1.4635416269302368,1.4895833730697632,1.4635416269302368,4411200.0,0.8640504479408264
2000-03-09,1.4583333730697632,1.4166666269302368,1.4583333730697632,1.4375,1923200.0,0.8486756682395935
2000-03-10,1.4739583730697632,1.4270833730697632,1.4427083730697632,1.4375,2873600.0,0.8486756682395935
2000-03-13,1.4791666269302368,1.4270833730697632,1.4270833730697632,1.453125,902400.0,0.8579002618789673
2000-03-14,1.4791666269302368,1.4427083730697632,1.453125,1.4635416269302368,768000.0,0.8640504479408264
2000-03-15,1.4609333276748657,1.4166666269302368,1.453125,1.421875,525600.0,0.8394508957862854
2000-03-16,1.4479166269302368,1.421875,1.4375,1.4322916269302368,1192800.0,0.8456006050109863
2000-03-17,1.4479166269302368,1.4166666269302368,1.4166666269302368,1.4375,285600.0,0.8486756682395935
2000-03-20,1.4375,1.4010416269302368,1.4322916269302368,1.4010416269302368,744800.0,0.8271510004997253
2000-03-21,1.4635416269302368,1.4010416269302368,1.40625,1.453125,628800.0,0.8579002618789673
2000-03-22,1.4739583730697632,1.4583333730697632,1.4583333730697632,1.46875,988800.0,0.8671252131462097
2000-03-23,1.4791666269302368,1.4427083730697632,1.4739583730697632,1.4427083730697632,812000.0,0.8517507314682007
2000-03-24,1.46875,1.4427083730697632,1.4427083730697632,1.4427083730697632,432000.0,0.8517507314682007
2000-03-27,1.4427083730697632,1.390625,1.4427083730697632,1.40625,2011200.0,0.8302264213562012
2000-03-28,1.4010416269302368,1.375,1.3958333730697632,1.390625,1252800.0,0.8210012912750244
2000-03-29,1.4583333730697632,1.3541666269302368,1.3541666269302368,1.4583333730697632,5056800.0,0.8609752655029297
2000-03-30,1.5,1.4427083730697632,1.46875,1.5,1409600.0,0.8855744004249573
2000-03-31,1.5364583730697632,1.4895833730697632,1.5,1.5052083730697632,2131200.0,0.8886498808860779
2000-04-03,1.515625,1.497391700744629,1.5104166269302368,1.5104166269302368,753600.0,0.8917242288589478
2000-04-04,1.5208333730697632,1.3958333730697632,1.5208333730697632,1.3958333730697632,1224000.0,0.8240767121315002
2000-04-05,1.4375,1.359375,1.3958333730697632,1.4375,1375200.0,0.8486756682395935
2000-04-06,1.484375,1.4479166269302368,1.4479166269302368,1.4583333730697632,816800.0,0.8609752655029297
2000-04-07,1.4583333730697632,1.40625,1.4583333730697632,1.4270833730697632,684800.0,0.8425259590148926
2000-04-10,1.4375,1.40625,1.4375,1.40625,492000.0,0.8302264213562012
2000-04-11,1.4427083730697632,1.3958333730697632,1.4166666269302368,1.4270833730697632,727200.0,0.8425259590148926
2000-04-12,1.5,1.4375,1.5,1.4895833730697632,2733600.0,0.8794249892234802
2000-04-13,1.5,1.4375,1.4791666269302368,1.5,3048000.0,0.8855744004249573
2000-04-14,1.5,1.3802083730697632,1.5,1.4583333730697632,1781600.0,0.8609752655029297
2000-04-17,1.4791666269302368,1.4479166269302368,1.4479166269302368,1.4635416269302368,1113600.0,0.8640504479408264
2000-04-18,1.515625,1.4739583730697632,1.4739583730697632,1.4895833730697632,804800.0,0.8794249892234802
2000-04-19,1.484375,1.4322916269302368,1.484375,1.4583333730697632,1411200.0,0.8609752655029297
2000-04-20,1.5,1.4479166269302368,1.4583333730697632,1.4947916269302368,1901600.0,0.8824993968009949
2000-04-24,1.5052083730697632,1.46875,1.5,1.5,1697600.0,0.8855744004249573
2000-04-25,1.5572916269302368,1.5,1.5,1.5572916269302368,1540800.0,0.9193981289863586
2000-04-26,1.5572916269302368,1.515625,1.5572916269302368,1.53125,1492800.0,0.9040237069129944
2000-04-27,1.59375,1.5104166269302368,1.5260416269302368,1.5677083730697632,2009600.0,0.9255485534667969
2000-04-28,1.578125,1.5364583730697632,1.578125,1.546875,1239200.0,0.913249135017395
2000-05-01,1.6354166269302368,1.5364583730697632,1.5364583730697632,1.5989583730697632,1340000.0,0.9439978003501892
2000-05-02,1.5989583730697632,1.546875,1.578125,1.5729166269302368,1992000.0,0.9286231994628906
2000-05-03,1.5625,1.53125,1.5572916269302368,1.5364583730697632,1157600.0,0.907099187374115
2000-05-04,1.5416666269302368,1.5104166269302368,1.5260416269302368,1.5104166269302368,1267200.0,0.8917242288589478
2000-05-05,1.53125,1.5,1.5104166269302368,1.53125,1816800.0,0.9040237069129944
2000-05-08,1.578125,1.53125,1.5416666269302368,1.5677083730697632,2928800.0,0.9255485534667969
2000-05-09,1.6666666269302368,1.5625,1.5729166269302368,1.65625,5824800.0,0.9778218269348145
2000-05-10,1.65625,1.609375,1.6458333730697632,1.640625,2602400.0,0.9685971140861511
2000-05-11,1.75,1.6458333730697632,1.6458333730697632,1.75,3058400.0,1.0331703424453735
2000-05-12,1.78125,1.6979166269302368,1.7708333730697632,1.7291666269302368,2563200.0,1.0208704471588135
2000-05-15,1.8020833730697632,1.7083333730697632,1.7083333730697632,1.8020833730697632,2604000.0,1.0639196634292603
2000-05-16,1.8958333730697632,1.75,1.8333333730697632,1.8072916269302368,4956800.0,1.066994309425354
2000-05-17,1.8541666269302368,1.7552083730697632,1.7708333730697632,1.8333333730697632,2565600.0,1.1068979501724243
2000-05-18,1.9270833730697632,1.7916666269302368,1.9166666269302368,1.890625,48648000.0,1.1414881944656372
2000-05-19,1.890625,1.8333333730697632,1.890625,1.8489583730697632,1431200.0,1.116331934928894
2000-05-22,1.8541666269302368,1.7916666269302368,1.8541666269302368,1.8333333730697632,2157600.0,1.1068979501724243
2000-05-23,1.890625,1.8229166269302368,1.828125,1.8385416269302368,2640000.0,1.110042691230774
2000-05-24,1.8541666269302368,1.828125,1.84375,1.8541666269302368,1592000.0,1.119476556777954
2000-05-25,1.875,1.796875,1.8385416269302368,1.8541666269302368,1613600.0,1.119476556777954
2000-05-26,1.9166666269302368,1.8489583730697632,1.8541666269302368,1.9166666269302368,19468800.0,1.1572116613388062
2000-05-30,2.0104167461395264,1.9479166269302368,1.9791666269302368,2.0,2688800.0,1.2075251340866089
2000-05-31,2.0885417461395264,2.015625,2.0208332538604736,2.078125,3281600.0,1.2546937465667725
2000-06-01,2.0729167461395264,2.0,2.0729167461395264,2.03125,4222400.0,1.2263925075531006
2000-06-02,1.9166666269302368,1.75,1.9166666269302368,1.7708333730697632,3816000.0,1.0691629648208618
2000-06-05,1.859375,1.671875,1.7708333730697632,1.84375,3981600.0,1.113187313079834
2000-06-06,1.9583333730697632,1.84375,1.84375,1.8854166269302368,3295200.0,1.1383438110351562
2000-06-07,1.890625,1.7916666269302368,1.890625,1.8541666269302368,3499200.0,1.119476556777954
2000-06-08,1.8854166269302368,1.8125,1.8333333730697632,1.8854166269302368,3372800.0,1.1383438110351562
2000-06-09,1.9114583730697632,1.8541666269302368,1.8958333730697632,1.8854166269302368,876000.0,1.1383438110351562
2000-06-12,1.9322916269302368,1.8697916269302368,1.8697916269302368,1.9270833730697632,1148000.0,1.1635006666183472
2000-06-13,1.96875,1.9166666269302368,1.9375,1.9375,3120800.0,1.1697903871536255
2000-06-14,1.9791666269302368,1.9322916269302368,1.9375,1.9479166269302368,3360000.0,1.176079273223877
2000-06-15,1.9479166269302368,1.8854166269302368,1.9479166269302368,1.9270833730697632,2736800.0,1.1635006666183472
2000-06-16,1.9895833730697632,1.9270833730697632,1.9427083730697632,1.96875,1992800.0,1.1886574029922485
2000-06-19,1.96875,1.8958333730697632,1.96875,1.921875,764000.0,1.1603561639785767
2000-06-20,1.9166666269302368,1.8333333730697632,1.9166666269302368,1.8697916269302368,3324000.0,1.1289101839065552
2000-06-21,1.859375,1.828125,1.8489583730697632,1.8541666269302368,2536800.0,1.119476556777954
2000-06-22,1.875,1.7916666269302368,1.8645833730697632,1.7916666269302368,681600.0,1.0817415714263916
2000-06-23,1.8125,1.75,1.75,1.8125,1608000.0,1.094319462776184
2000-06-26,1.8333333730697632,1.7447916269302368,1.8229166269302368,1.7604166269302368,1572800.0,1.0628732442855835
2000-06-27,1.765625,1.71875,1.765625,1.71875,5445600.0,1.0377172231674194
2000-06-28,1.7447916269302368,1.6979166269302368,1.7395833730697632,1.7395833730697632,1179200.0,1.0502952337265015
2000-06-29,1.7760416269302368,1.71875,1.71875,1.7760416269302368,950400.0,1.0723072290420532
2000-06-30,1.7760416269302368,1.734375,1.7760416269302368,1.7643166780471802,3679200.0,1.0652281045913696
2000-07-03,1.78125,1.75,1.7760416269302368,1.7708333730697632,492000.0,1.0691629648208618
2000-07-05,1.7916666269302368,1.7239583730697632,1.7916666269302368,1.7395833730697632,4041600.0,1.0502952337265015
2000-07-06,1.7447916269302368,1.65625,1.7291666269302368,1.65625,2599200.0,0.9999815821647644
2000-07-07,1.6927083730697632,1.5677083730697632,1.6614583730697632,1.6666666269302368,3451200.0,1.0062706470489502
2000-07-10,1.6614583730697632,1.6458333730697632,1.65625,1.6614583730697632,855200.0,1.0031262636184692
2000-07-11,1.6770833730697632,1.6458333730697632,1.65625,1.65625,2313600.0,0.9999815821647644
2000-07-12,1.6875,1.640625,1.6614583730697632,1.6614583730697632,3468800.0,1.0031262636184692
2000-07-13,1.6614583730697632,1.5729166269302368,1.65625,1.5989583730697632,1810400.0,0.9653910398483276
2000-07-14,1.7135416269302368,1.59375,1.609375,1.703125,4632800.0,1.0282829999923706
2000-07-17,1.6822916269302368,1.640625,1.6822916269302368,1.6510416269302368,1672800.0,0.9968373775482178
2000-07-18,1.65625,1.625,1.6458333730697632,1.6510416269302368,1373600.0,0.9968373775482178
2000-07-19,1.6666666269302368,1.6458333730697632,1.65625,1.6614583730697632,1930400.0,1.0031262636184692
2000-07-20,1.671875,1.609375,1.65625,1.609375,1592000.0,0.9716805219650269
2000-07-21,1.6458333730697632,1.53125,1.6145833730697632,1.53125,984000.0,0.9245110750198364
2000-07-24,1.5729166269302368,1.5052083730697632,1.5364583730697632,1.5052083730697632,1020000.0,0.9087887406349182
2000-07-25,1.5208333730697632,1.453125,1.4947916269302368,1.484375,1548000.0,0.8962101340293884
2000-07-26,1.4791666269302368,1.40625,1.4479166269302368,1.4479166269302368,3927200.0,0.8741980195045471
2000-07-27,1.5104166269302368,1.4114583730697632,1.4114583730697632,1.4895833730697632,1779200.0,0.8993549942970276
2000-07-28,1.5625,1.5,1.5,1.546875,3886400.0,0.9339456558227539
2000-07-31,1.5989583730697632,1.5364583730697632,1.5625,1.5416666269302368,1428000.0,0.9308003783226013
2000-08-01,1.5416666269302368,1.5208333730697632,1.5364583730697632,1.53125,1918400.0,0.9245110750198364
2000-08-02,1.5520833730697632,1.5,1.53125,1.5,3135200.0,0.9056436419487
2000-08-03,1.4895833730697632,1.453125,1.4895833730697632,1.46875,2465600.0,0.8867764472961426
2000-08-04,1.4739583730697632,1.4583333730697632,1.4739583730697632,1.46875,2525600.0,0.8867764472961426
2000-08-07,1.5,1.46875,1.4791666269302368,1.4856749773025513,2710400.0,0.8969950079917908
2000-08-08,1.5104166269302368,1.4583333730697632,1.4895833730697632,1.4583333730697632,2777600.0,0.8804872035980225
2000-08-09,1.4895833730697632,1.453125,1.453125,1.4583333730697632,2506400.0,0.9053506255149841
2000-08-10,1.5052083730697632,1.4583333730697632,1.46875,1.46875,1356800.0,0.9118173718452454
2000-08-11,1.4895833730697632,1.4270833730697632,1.46875,1.46875,1877600.0,0.9118173718452454
2000-08-14,1.5572916269302368,1.4739583730697632,1.4739583730697632,1.5520833730697632,1601600.0,0.9635515809059143
2000-08-15,1.6041666269302368,1.5572916269302368,1.5625,1.5625,2693600.0,0.9700185656547546
2000-08-16,1.6041666269302368,1.5520833730697632,1.5625,1.6041666269302368,992000.0,0.9958853125572205
2000-08-17,1.6510416269302368,1.5885416269302368,1.5885416269302368,1.6510416269302368,765600.0,1.0249862670898438
2000-08-18,1.671875,1.5729166269302368,1.671875,1.5833333730697632,1772000.0,0.9829521179199219
2000-08-21,1.6145833730697632,1.5729166269302368,1.5833333730697632,1.6145833730697632,1716000.0,1.002352237701416
2000-08-22,1.6666666269302368,1.6302083730697632,1.6458333730697632,1.640625,3014400.0,1.018519639968872
2000-08-23,1.71875,1.6458333730697632,1.6510416269302368,1.7083333730697632,1226400.0,1.060553789138794
2000-08-24,1.71875,1.625,1.6979166269302368,1.640625,3957600.0,1.018519639968872
2000-08-25,1.6770833730697632,1.6041666269302368,1.640625,1.6666666269302368,778400.0,1.0346863269805908
2000-08-28,1.6666666269302368,1.6145833730697632,1.6666666269302368,1.6302083730697632,2314400.0,1.0120527744293213
2000-08-29,1.6979166269302368,1.6354166269302368,1.6354166269302368,1.65625,1666400.0,1.02821946144104
2000-08-30,1.6666666269302368,1.625,1.65625,1.6354166269302368,1469600.0,1.015285849571228
2000-08-31,1.6875,1.5989583730697632,1.6145833730697632,1.6666666269302368,5384000.0,1.0346863269805908
2000-09-01,1.7291666269302368,1.6770833730697632,1.6770833730697632,1.7291666269302368,2419200.0,1.0734866857528687
2000-09-05,1.7291666269302368,1.65625,1.7291666269302368,1.6666666269302368,842400.0,1.0346863269805908
2000-09-06,1.7291666269302368,1.6614583730697632,1.6666666269302368,1.71875,1155200.0,1.0670206546783447
2000-09-07,1.75,1.703125,1.7135416269302368,1.7083333730697632,890400.0,1.060553789138794
2000-09-08,1.78125,1.6666666269302368,1.7083333730697632,1.7083333730697632,2043200.0,1.060553789138794
2000-09-11,1.75,1.6979166269302368,1.6979166269302368,1.7239583730697632,1193600.0,1.0702539682388306
2000-09-12,1.7552083730697632,1.6979166269302368,1.7239583730697632,1.7135416269302368,3501600.0,1.0637868642807007
2000-09-13,1.7083333730697632,1.6354166269302368,1.7083333730697632,1.6354166269302368,713600.0,1.015285849571228
2000-09-14,1.6614583730697632,1.6458333730697632,1.6510416269302368,1.65625,1298400.0,1.02821946144104
2000-09-15,1.75,1.6510416269302368,1.6510416269302368,1.75,2955200.0,1.0864207744598389
2000-09-18,1.7708333730697632,1.6979166269302368,1.765625,1.703125,1262400.0,1.0573203563690186
2000-09-19,1.7083333730697632,1.671875,1.7083333730697632,1.6822916269302368,1150400.0,1.0443860292434692
2000-09-20,1.7708333730697632,1.71875,1.71875,1.734375,1101600.0,1.0767205953598022
2000-09-21,1.7239583730697632,1.640625,1.7239583730697632,1.6458333730697632,1214400.0,1.0217528343200684
2000-09-22,1.6354166269302368,1.5572916269302368,1.6354166269302368,1.5625,952800.0,0.9700185656547546
2000-09-25,1.5989583730697632,1.5625,1.5729166269302368,1.5989583730697632,2359200.0,0.9926524758338928
2000-09-26,1.640625,1.5989583730697632,1.5989583730697632,1.6354166269302368,2988000.0,1.015285849571228
2000-09-27,1.671875,1.6197916269302368,1.6354166269302368,1.6666666269302368,5679200.0,1.0346863269805908
2000-09-28,1.671875,1.6510416269302368,1.6666666269302368,1.6666666269302368,1156800.0,1.0346863269805908
2000-09-29,1.7135416269302368,1.6302083730697632,1.6666666269302368,1.6979166269302368,1858400.0,1.0540868043899536
2000-10-02,1.7604166269302368,1.7083333730697632,1.7083333730697632,1.7291666269302368,3088800.0,1.0734866857528687
2000-10-03,1.765625,1.6927083730697632,1.7395833730697632,1.6927083730697632,2420000.0,1.0508531332015991
2000-10-04,1.6979166269302368,1.6354166269302368,1.6979166269302368,1.6354166269302368,2656800.0,1.015285849571228
2000-10-05,1.6614583730697632,1.5833333730697632,1.6510416269302368,1.5885416269302368,1684800.0,0.9861851930618286
2000-10-06,1.625,1.5625,1.5833333730697632,1.5833333730697632,2477600.0,0.9829521179199219
2000-10-09,1.6145833730697632,1.5833333730697632,1.5833333730697632,1.5989583730697632,1164800.0,0.9926524758338928
2000-10-10,1.6927083730697632,1.59375,1.59375,1.6666666269302368,5724000.0,1.0346863269805908
2000-10-11,1.78125,1.6666666269302368,1.6666666269302368,1.75,2707200.0,1.0864207744598389
2000-10-12,1.8541666269302368,1.7708333730697632,1.7708333730697632,1.8541666269302368,2837600.0,1.1510887145996094
2000-10-13,1.875,1.8333333730697632,1.875,1.8489583730697632,2602400.0,1.1478554010391235
2000-10-16,1.8541666269302368,1.78125,1.8541666269302368,1.78125,1769600.0,1.105821132659912
2000-10-17,1.8072916269302368,1.7760416269302368,1.7760416269302368,1.7864583730697632,2049600.0,1.1090543270111084
2000-10-18,1.7916666269302368,1.7135416269302368,1.7864583730697632,1.7135416269302368,1028000.0,1.0637868642807007
2000-10-19,1.7916666269302368,1.71875,1.71875,1.765625,1145600.0,1.0961211919784546
2000-10-20,1.7916666269302368,1.75,1.7552083730697632,1.7916666269302368,444800.0,1.1122878789901733
2000-10-23,1.7916666269302368,1.7604166269302368,1.7708333730697632,1.7760416269302368,453600.0,1.1025876998901367
2000-10-24,1.8072916269302368,1.734375,1.7760416269302368,1.734375,1802400.0,1.0767205953598022
2000-10-25,1.734375,1.6510416269302368,1.734375,1.6666666269302368,559200.0,1.0346863269805908
2000-10-26,1.703125,1.6197916269302368,1.671875,1.65625,2216000.0,1.02821946144104
2000-10-27,1.65625,1.640625,1.6510416269302368,1.640625,286400.0,1.018519639968872
2000-10-30,1.65625,1.640625,1.640625,1.640625,645600.0,1.018519639968872
2000-10-31,1.6458333730697632,1.6302083730697632,1.640625,1.6354166269302368,1941600.0,1.015285849571228
2000-11-01,1.6666666269302368,1.6302083730697632,1.640625,1.6666666269302368,6778400.0,1.0346863269805908
2000-11-02,1.6666666269302368,1.6145833730697632,1.6666666269302368,1.65625,1335200.0,1.02821946144104
2000-11-03,1.6666666269302368,1.6458333730697632,1.65625,1.65625,2957600.0,1.02821946144104
2000-11-06,1.6614583730697632,1.6458333730697632,1.65625,1.6510416269302368,173600.0,1.0249862670898438
2000-11-07,1.65625,1.640625,1.65625,1.640625,886400.0,1.018519639968872
2000-11-08,1.65625,1.625,1.640625,1.6354166269302368,945600.0,1.040690541267395
2000-11-09,1.65625,1.6197916269302368,1.6354166269302368,1.625,1270400.0,1.0340619087219238
2000-11-10,1.671875,1.578125,1.625,1.6666666269302368,2038400.0,1.060576319694519
2000-11-13,1.75,1.65625,1.7447916269302368,1.734375,2729600.0,1.1036628484725952
2000-11-14,1.8333333730697632,1.7552083730697632,1.7552083730697632,1.796875,2072000.0,1.1434345245361328
2000-11-15,1.8802083730697632,1.8177083730697632,1.8177083730697632,1.8802083730697632,1401600.0,1.1964631080627441
2000-11-16,1.9166666269302368,1.8645833730697632,1.8854166269302368,1.8697916269302368,1260000.0,1.1898341178894043
2000-11-17,1.8802083730697632,1.8489583730697632,1.875,1.8541666269302368,1896000.0,1.17989182472229
2000-11-20,1.8854166269302368,1.8697916269302368,1.875,1.875,1853600.0,1.1931490898132324
2000-11-21,1.90625,1.875,1.8802083730697632,1.90625,1358400.0,1.213034749031067
2000-11-22,1.9270833730697632,1.90625,1.9166666269302368,1.9166666269302368,1956000.0,1.2196632623672485
2000-11-24,1.9375,1.921875,1.921875,1.921875,859200.0,1.2229772806167603
2000-11-27,1.921875,1.8541666269302368,1.921875,1.8697916269302368,2008800.0,1.1898341178894043
2000-11-28,1.8645833730697632,1.8333333730697632,1.8645833730697632,1.8489583730697632,1610400.0,1.1765774488449097
2000-11-29,1.8385416269302368,1.7864583730697632,1.8385416269302368,1.796875,1508000.0,1.1434345245361328
2000-11-30,1.8229166269302368,1.65625,1.8020833730697632,1.65625,2157600.0,1.0539482831954956
2000-12-01,1.8333333730697632,1.6770833730697632,1.6770833730697632,1.8177083730697632,1166400.0,1.1566914319992065
2000-12-04,1.90625,1.828125,1.8333333730697632,1.8802083730697632,1048800.0,1.1964631080627441
2000-12-05,1.9375,1.8854166269302368,1.8854166269302368,1.8854166269302368,1046400.0,1.1997771263122559
2000-12-06,2.0052082538604736,1.859375,1.890625,1.859375,1744800.0,1.1832062005996704
2000-12-07,2.0,1.8645833730697632,1.8645833730697632,1.9427083730697632,1968800.0,1.2362349033355713
2000-12-08,1.96875,1.9322916269302368,1.9479166269302368,1.9427083730697632,1000800.0,1.2362349033355713
2000-12-11,2.015625,1.9375,1.9479166269302368,1.9479166269302368,2652800.0,1.239548683166504
2000-12-12,2.0729167461395264,1.9479166269302368,1.9479166269302368,2.0416667461395264,2421600.0,1.2992064952850342
2000-12-13,2.0677082538604736,2.03125,2.0416667461395264,2.0416667461395264,1956800.0,1.2992064952850342
2000-12-14,2.03125,1.9375,2.03125,1.9479166269302368,1204800.0,1.239548683166504
2000-12-15,2.203125,1.9479166269302368,1.9635416269302368,2.1354167461395264,5448000.0,1.3588639497756958
2000-12-18,2.3072917461395264,2.1354167461395264,2.1354167461395264,2.2239582538604736,5275200.0,1.4152066707611084
2000-12-19,2.2708332538604736,2.203125,2.2239582538604736,2.2552082538604736,2967200.0,1.435092806816101
2000-12-20,2.2708332538604736,2.1614582538604736,2.2708332538604736,2.21875,4630400.0,1.4118924140930176
2000-12-21,2.2916667461395264,2.1770832538604736,2.2083332538604736,2.2239582538604736,3293600.0,1.4152066707611084
2000-12-22,2.2604167461395264,2.2239582538604736,2.2239582538604736,2.2604167461395264,1181600.0,1.438407063484192
2000-12-26,2.4895832538604736,2.3333332538604736,2.3333332538604736,2.4739582538604736,4407200.0,1.5742932558059692
2000-12-27,2.53125,2.40625,2.5,2.4947917461395264,6236000.0,1.5875505208969116
2000-12-28,2.6458332538604736,2.4635417461395264,2.515625,2.6458332538604736,3837600.0,1.6836647987365723
2000-12-29,2.6666667461395264,2.53125,2.6458332538604736,2.5989582538604736,3374400.0,1.6538376808166504
2001-01-02,2.6458332538604736,2.4166667461395264,2.59375,2.421875,4348800.0,1.5411499738693237
2001-01-03,2.4375,2.1979167461395264,2.4114582538604736,2.4375,7140000.0,1.5510928630828857
2001-01-04,2.4375,2.1666667461395264,2.4375,2.21875,4683200.0,1.4118924140930176
2001-01-05,2.3541667461395264,2.2291667461395264,2.2291667461395264,2.3333332538604736,2496800.0,1.4848066568374634
2001-01-08,2.4479167461395264,2.3489582538604736,2.3958332538604736,2.3958332538604736,3562400.0,1.5245789289474487
2001-01-09,2.390625,2.2760417461395264,2.390625,2.3385417461395264,2501600.0,1.4881212711334229
2001-01-10,2.4583332538604736,2.3333332538604736,2.3385417461395264,2.3645832538604736,2076000.0,1.504692792892456
2001-01-11,2.4375,2.3645832538604736,2.375,2.390625,1544000.0,1.521264672279358
2001-01-12,2.3802082538604736,2.2552082538604736,2.3802082538604736,2.3229167461395264,3276000.0,1.4781787395477295
2001-01-16,2.40625,2.3020832538604736,2.3020832538604736,2.40625,1448000.0,1.5312072038650513
2001-01-17,2.40625,2.2864582538604736,2.40625,2.3020832538604736,2240000.0,1.4649215936660767
2001-01-18,2.3385417461395264,2.109375,2.3229167461395264,2.15625,6264000.0,1.372120976448059
2001-01-19,2.3020832538604736,2.171875,2.1770832538604736,2.2604167461395264,1248800.0,1.438407063484192
2001-01-22,2.296875,2.2552082538604736,2.2604167461395264,2.2552082538604736,843200.0,1.435092806816101
2001-01-23,2.28125,2.21875,2.25,2.2395832538604736,1061600.0,1.4251497983932495
2001-01-24,2.2916667461395264,2.25,2.2604167461395264,2.25,420000.0,1.431778907775879
2001-01-25,2.4166667461395264,2.2604167461395264,2.2916667461395264,2.3229167461395264,2107200.0,1.4781787395477295
2001-01-26,2.3854167461395264,2.3125,2.3645832538604736,2.3489582538604736,1200800.0,1.4947504997253418
2001-01-29,2.372499942779541,2.2791666984558105,2.3483333587646484,2.2916667461395264,1985600.0,1.4582923650741577
2001-01-30,2.2916667461395264,2.25,2.2708332538604736,2.2750000953674316,1699200.0,1.4476875066757202
2001-01-31,2.3499999046325684,2.2674999237060547,2.2674999237060547,2.3350000381469727,2681600.0,1.4858678579330444
2001-02-01,2.325000047683716,2.2083332538604736,2.325000047683716,2.2750000953674316,1454400.0,1.4476875066757202
2001-02-02,2.3416666984558105,2.2733333110809326,2.2750000953674316,2.2983334064483643,2126400.0,1.46253502368927
2001-02-05,2.3908333778381348,2.2958333492279053,2.2958333492279053,2.3399999141693115,2133600.0,1.4890493154525757
2001-02-06,2.365833282470703,2.2799999713897705,2.3458333015441895,2.3366665840148926,964800.0,1.4869283437728882
2001-02-07,2.429166555404663,2.299999952316284,2.3333332538604736,2.429166555404663,1594400.0,1.5727471113204956
2001-02-08,2.4166667461395264,2.3333332538604736,2.4166667461395264,2.3499999046325684,864800.0,1.5214908123016357
2001-02-09,2.4833333492279053,2.3458333015441895,2.3499999046325684,2.4700000286102295,1779200.0,1.5991847515106201
2001-02-12,2.508333444595337,2.450000047683716,2.491666555404663,2.4749999046325684,1371200.0,1.6024222373962402
2001-02-13,2.493333339691162,2.422499895095825,2.4708333015441895,2.4625000953674316,1377600.0,1.59432852268219
2001-02-14,2.5208332538604736,2.441666603088379,2.4625000953674316,2.486666679382324,1689600.0,1.6099750995635986
2001-02-15,2.4791667461395264,2.3333332538604736,2.4791667461395264,2.3933334350585938,1288800.0,1.5495469570159912
2001-02-16,2.450000047683716,2.370833396911621,2.3933334350585938,2.3958332538604736,1508000.0,1.5511658191680908
2001-02-20,2.4583332538604736,2.390000104904175,2.441666603088379,2.3958332538604736,811200.0,1.5511658191680908
2001-02-21,2.432499885559082,2.3333332538604736,2.3916666507720947,2.3341667652130127,994400.0,1.511239767074585
2001-02-22,2.3416666984558105,2.2233333587646484,2.3341667652130127,2.255000114440918,1785600.0,1.4599839448928833
2001-02-23,2.2833333015441895,2.200000047683716,2.25,2.244166612625122,1747200.0,1.4529701471328735
2001-02-26,2.3458333015441895,2.244166612625122,2.244166612625122,2.2983334064483643,1340000.0,1.4880400896072388
2001-02-27,2.321666717529297,2.304166555404663,2.307499885559082,2.308333396911621,555200.0,1.4945143461227417
2001-02-28,2.309166669845581,2.2333333492279053,2.309166669845581,2.258333444595337,1143200.0,1.4621416330337524
2001-03-01,2.24916672706604,2.2091667652130127,2.238333225250244,2.2308332920074463,1262400.0,1.4443374872207642
2001-03-02,2.2291667461395264,2.2166666984558105,2.2291667461395264,2.2249999046325684,1796000.0,1.440560221672058
2001-03-05,2.3333332538604736,2.2208333015441895,2.2333333492279053,2.2874999046325684,1654400.0,1.4810254573822021
2001-03-06,2.3541667461395264,2.2300000190734863,2.2891666889190674,2.3541667461395264,1310400.0,1.5241881608963013
2001-03-07,2.615833282470703,2.383333444595337,2.383333444595337,2.50083327293396,6617600.0,1.6191465854644775
2001-03-08,2.7208333015441895,2.5916666984558105,2.625,2.6666667461395264,5320800.0,1.7265145778656006
2001-03-09,2.7041666507720947,2.625,2.6875,2.627500057220459,1332800.0,1.7011566162109375
2001-03-12,2.566666603088379,2.4783332347869873,2.566666603088379,2.5416667461395264,2090400.0,1.6455837488174438
2001-03-13,2.508333444595337,2.3975000381469727,2.5,2.495833396911621,1857600.0,1.6159095764160156
2001-03-14,2.5333333015441895,2.441666603088379,2.487499952316284,2.450833320617676,1635200.0,1.5867747068405151
2001-03-15,2.5,2.3958332538604736,2.5,2.4375,1118400.0,1.5781420469284058
2001-03-16,2.49916672706604,2.375,2.4375,2.384166717529297,950400.0,1.5436118841171265
2001-03-19,2.424999952316284,2.384999990463257,2.384999990463257,2.4166667461395264,1714400.0,1.564653754234314
2001-03-20,2.4625000953674316,2.3933334350585938,2.4175000190734863,2.4000000953674316,2223200.0,1.553863286972046
2001-03-21,2.4083333015441895,2.254166603088379,2.4083333015441895,2.2791666984558105,2280800.0,1.475630760192871
2001-03-22,2.2666666507720947,2.125,2.2083332538604736,2.2666666507720947,3619200.0,1.4675371646881104
2001-03-23,2.3333332538604736,2.2666666507720947,2.2666666507720947,2.316666603088379,2059200.0,1.4999090433120728
2001-03-26,2.3416666984558105,2.259999990463257,2.325000047683716,2.322499990463257,1668800.0,1.5036861896514893
2001-03-27,2.3524999618530273,2.3125,2.319999933242798,2.325000047683716,2008800.0,1.5053054094314575
2001-03-28,2.3375000953674316,2.2708332538604736,2.3333332538604736,2.2708332538604736,1344800.0,1.4702348709106445
2001-03-29,2.258333444595337,2.1583333015441895,2.258333444595337,2.1641666889190674,1256000.0,1.4011743068695068
2001-03-30,2.25,2.1583333015441895,2.1583333015441895,2.25,2184000.0,1.456747055053711
2001-04-02,2.2916667461395264,2.183333396911621,2.2699999809265137,2.191666603088379,1395200.0,1.4189794063568115
2001-04-03,2.2074999809265137,2.118333339691162,2.192500114440918,2.125,2698400.0,1.3758167028427124
2001-04-04,2.182499885559082,2.075000047683716,2.0833332538604736,2.0916666984558105,2784000.0,1.3542346954345703
2001-04-05,2.2166666984558105,2.0916666984558105,2.0924999713897705,2.191666603088379,1788000.0,1.4189794063568115
2001-04-06,2.191666603088379,2.1666667461395264,2.191666603088379,2.179166555404663,576000.0,1.410886526107788
2001-04-09,2.3125,2.195833444595337,2.200000047683716,2.2725000381469727,1476800.0,1.4713143110275269
2001-04-10,2.3499999046325684,2.2725000381469727,2.2725000381469727,2.308333396911621,1917600.0,1.4945143461227417
2001-04-11,2.3416666984558105,2.2674999237060547,2.3291666507720947,2.2916667461395264,1502400.0,1.4837234020233154
2001-04-12,2.3333332538604736,2.2916667461395264,2.2916667461395264,2.320833444595337,820800.0,1.502606749534607
2001-04-16,2.3575000762939453,2.316666603088379,2.3291666507720947,2.3358333110809326,1946400.0,1.5123190879821777
2001-04-17,2.4625000953674316,2.3416666984558105,2.3541667461395264,2.4549999237060547,2007200.0,1.5894726514816284
2001-04-18,2.4549999237060547,2.373333215713501,2.4549999237060547,2.384166717529297,1620000.0,1.5436118841171265
2001-04-19,2.384166717529297,2.185833215713501,2.384166717529297,2.2166666984558105,12101600.0,1.4351654052734375
2001-04-20,2.3333332538604736,2.2166666984558105,2.2208333015441895,2.240000009536743,7065600.0,1.4502718448638916
2001-04-23,2.2750000953674316,2.2249999046325684,2.240000009536743,2.257499933242798,3890400.0,1.4616023302078247
2001-04-24,2.4166667461395264,2.2883334159851074,2.4166667461395264,2.321666717529297,2896800.0,1.5031468868255615
2001-04-25,2.3583333492279053,2.2874999046325684,2.3541667461395264,2.3524999618530273,5378400.0,1.523110032081604
2001-04-26,2.575000047683716,2.373333215713501,2.373333215713501,2.4683332443237305,4723200.0,1.5981050729751587
2001-04-27,2.4683332443237305,2.4133334159851074,2.4683332443237305,2.4533333778381348,1750400.0,1.588393211364746
2001-04-30,2.4649999141693115,2.4000000953674316,2.452500104904175,2.4100000858306885,3266400.0,1.5603375434875488
2001-05-01,2.4166667461395264,2.3533332347869873,2.4166667461395264,2.37416672706604,1697600.0,1.537137746810913
2001-05-02,2.3416666984558105,2.2083332538604736,2.3416666984558105,2.255833387374878,1552800.0,1.4605237245559692
2001-05-03,2.2791666984558105,2.2166666984558105,2.255833387374878,2.2708332538604736,1380000.0,1.4702348709106445
2001-05-04,2.3324999809265137,2.2708332538604736,2.2716667652130127,2.325000047683716,1498400.0,1.5053054094314575
2001-05-07,2.383333444595337,2.325000047683716,2.3333332538604736,2.3333332538604736,2673600.0,1.51069974899292
2001-05-08,2.3583333492279053,2.2833333015441895,2.3583333492279053,2.308333396911621,1192800.0,1.4945143461227417
2001-05-09,2.4000000953674316,2.2874999046325684,2.2874999046325684,2.3499999046325684,1911200.0,1.5214908123016357
2001-05-10,2.375,2.3333332538604736,2.3499999046325684,2.359999895095825,2546400.0,1.5279654264450073
2001-05-11,2.359999895095825,2.319999933242798,2.359999895095825,2.3475000858306885,602400.0,1.5198725461959839
2001-05-14,2.570833444595337,2.375,2.375,2.5208332538604736,5012000.0,1.632095456123352
2001-05-15,2.573333263397217,2.5216667652130127,2.5216667652130127,2.560833215713501,1951200.0,1.6579933166503906
2001-05-16,2.6666667461395264,2.616666555404663,2.6666667461395264,2.637500047683716,5815200.0,1.7347617149353027
2001-05-17,2.693333387374878,2.629166603088379,2.638333320617676,2.674999952316284,3932000.0,1.7594270706176758
2001-05-18,2.7708332538604736,2.6875,2.6875,2.7325000762939453,2119200.0,1.7972456216812134
2001-05-21,2.8508334159851074,2.754166603088379,2.7916667461395264,2.8499999046325684,2458400.0,1.8745288848876953
2001-05-22,2.862499952316284,2.804166555404663,2.8499999046325684,2.817500114440918,3907200.0,1.8531527519226074
2001-05-23,2.804166555404663,2.7083332538604736,2.804166555404663,2.756666660308838,2944800.0,1.8131407499313354
2001-05-24,2.742500066757202,2.6533334255218506,2.741666555404663,2.6666667461395264,3521600.0,1.7539453506469727
2001-05-25,2.6666667461395264,2.6041667461395264,2.6041667461395264,2.6649999618530273,1011200.0,1.7528492212295532
2001-05-29,2.6666667461395264,2.62583327293396,2.6649999618530273,2.637500047683716,1001600.0,1.7347617149353027
2001-05-30,2.6500000953674316,2.5416667461395264,2.6458332538604736,2.570833444595337,1392000.0,1.6909130811691284
2001-05-31,2.609999895095825,2.5466666221618652,2.5833332538604736,2.566666603088379,1997600.0,1.6881728172302246
2001-06-01,2.633333444595337,2.5416667461395264,2.5791666507720947,2.5883333683013916,1308000.0,1.7024227380752563
2001-06-04,2.633333444595337,2.5883333683013916,2.5883333683013916,2.615833282470703,2667200.0,1.720510721206665
2001-06-05,2.6666667461395264,2.5999999046325684,2.625,2.616666555404663,3520800.0,1.7210588455200195
2001-06-06,2.625,2.5416667461395264,2.625,2.5766665935516357,4306400.0,1.6947498321533203
2001-06-07,2.558333396911621,2.4549999237060547,2.558333396911621,2.4583332538604736,1289600.0,1.6169180870056152
2001-06-08,2.5250000953674316,2.4708333015441895,2.4791667461395264,2.5208332538604736,868800.0,1.6580266952514648
2001-06-11,2.5333333015441895,2.5,2.5,2.501666784286499,1804800.0,1.6454195976257324
2001-06-12,2.504166603088379,2.383333444595337,2.501666784286499,2.4583332538604736,5997600.0,1.6169180870056152
2001-06-13,2.4666666984558105,2.370833396911621,2.4583332538604736,2.375,4704000.0,1.5621076822280884
2001-06-14,2.3916666507720947,2.2666666507720947,2.387500047683716,2.2916667461395264,4056800.0,1.5072969198226929
2001-06-15,2.302500009536743,2.2249999046325684,2.2708332538604736,2.25,4336800.0,1.4798915386199951
2001-06-18,2.2916667461395264,2.174999952316284,2.2708332538604736,2.2274999618530273,1896000.0,1.4650923013687134
2001-06-19,2.244999885559082,2.200000047683716,2.2274999618530273,2.2208333015441895,2547200.0,1.460707426071167
2001-06-20,2.244999885559082,2.049999952316284,2.2125000953674316,2.112499952316284,3425600.0,1.3894538879394531
2001-06-21,2.125,2.008333444595337,2.113333225250244,2.0374999046325684,3451200.0,1.3401241302490234
2001-06-22,2.0850000381469727,1.975000023841858,2.0458333492279053,2.0833332538604736,2155200.0,1.3702698945999146
2001-06-25,2.1500000953674316,2.0625,2.125,2.0625,2741600.0,1.356567144393921
2001-06-26,2.12416672706604,2.0350000858306885,2.066666603088379,2.1058332920074463,1244000.0,1.3850687742233276
2001-06-27,2.0916666984558105,2.055833339691162,2.0916666984558105,2.06333327293396,2860800.0,1.3571150302886963
2001-06-28,2.066666603088379,1.9958332777023315,2.049999952316284,2.0183334350585938,1872000.0,1.327516794204712
2001-06-29,2.125,2.0291666984558105,2.0391666889190674,2.0333333015441895,3446400.0,1.337383508682251
2001-07-02,2.0416667461395264,1.962499976158142,2.0416667461395264,1.9791666269302368,2801600.0,1.3017562627792358
2001-07-03,2.009166717529297,1.9791666269302368,1.9874999523162842,2.004166603088379,1071200.0,1.3181995153427124
2001-07-05,2.0483334064483643,1.9874999523162842,2.003333330154419,2.0416667461395264,3705600.0,1.3428646326065063
2001-07-06,2.0941667556762695,1.994166612625122,2.0374999046325684,2.0333333015441895,1313600.0,1.337383508682251
2001-07-09,2.0208332538604736,1.9208333492279053,2.0166666507720947,1.9333332777023315,3496800.0,1.2716103792190552
2001-07-10,1.9791666269302368,1.9133332967758179,1.9708333015441895,1.9249999523162842,3116000.0,1.2661290168762207
2001-07-11,1.9375,1.850000023841858,1.8833333253860474,1.9241666793823242,2402400.0,1.2655811309814453
2001-07-12,1.9500000476837158,1.9083333015441895,1.9291666746139526,1.9258333444595337,2083200.0,1.2666776180267334
2001-07-13,2.0374999046325684,1.9233332872390747,1.9233332872390747,2.0191667079925537,3490400.0,1.3280659914016724
2001-07-16,2.008333444595337,1.9333332777023315,2.008333444595337,1.9500000476837158,2169600.0,1.282572627067566
2001-07-17,2.0,1.9375,1.9483333826065063,1.9824999570846558,1610400.0,1.3039488792419434
2001-07-18,1.9583333730697632,1.9216666221618652,1.9583333730697632,1.9216666221618652,2391200.0,1.2639367580413818
2001-07-19,1.9333332777023315,1.8875000476837158,1.9216666221618652,1.9166666269302368,2216000.0,1.260648250579834
2001-07-20,1.9500000476837158,1.8958333730697632,1.899999976158142,1.9500000476837158,2223200.0,1.282572627067566
2001-07-23,2.0358333587646484,1.9458333253860474,1.9541666507720947,2.001666784286499,1668000.0,1.3165556192398071
2001-07-24,2.054166555404663,1.9983333349227905,2.0,2.0225000381469727,4328000.0,1.3302580118179321
2001-07-25,2.066666603088379,2.009166717529297,2.0250000953674316,2.059999942779541,2352800.0,1.354922890663147
2001-07-26,2.0833332538604736,2.049999952316284,2.073333263397217,2.075000047683716,2061600.0,1.36478853225708
2001-07-27,2.1549999713897705,2.067500114440918,2.1041667461395264,2.1549999713897705,1397600.0,1.4174067974090576
2001-07-30,2.1708333492279053,2.1416666507720947,2.1708333492279053,2.1466667652130127,749600.0,1.4119261503219604
2001-07-31,2.18833327293396,2.0866665840148926,2.1416666507720947,2.0916666984558105,1764800.0,1.3757508993148804
2001-08-01,2.1083333492279053,2.0399999618530273,2.1083333492279053,2.0399999618530273,2378400.0,1.3417681455612183
2001-08-02,2.0833332538604736,2.0458333492279053,2.049999952316284,2.069166660308838,1252800.0,1.3609516620635986
2001-08-03,2.0791666507720947,2.051666736602783,2.075000047683716,2.059999942779541,790400.0,1.354922890663147
2001-08-06,2.0833332538604736,2.0333333015441895,2.059999942779541,2.0366666316986084,2525600.0,1.3395758867263794
2001-08-07,2.049999952316284,2.012500047683716,2.0433332920074463,2.013333320617676,2206400.0,1.3242284059524536
2001-08-08,2.050833225250244,1.9333332777023315,2.012500047683716,1.9333332777023315,1852800.0,1.2974194288253784
2001-08-09,1.9458333253860474,1.8833333253860474,1.9333332777023315,1.9333332777023315,2304800.0,1.2974194288253784
2001-08-10,2.005000114440918,1.9333332777023315,1.9333332777023315,1.9833333492279053,833600.0,1.3309730291366577
2001-08-13,2.002500057220459,1.972499966621399,1.9833333492279053,1.9758332967758179,622400.0,1.3259401321411133
2001-08-14,2.075000047683716,1.9916666746139526,1.9916666746139526,2.065833330154419,2047200.0,1.386337399482727
2001-08-15,2.2249999046325684,2.0391666889190674,2.074166774749756,2.194166660308838,3072000.0,1.4724587202072144
2001-08-16,2.200000047683716,2.130833387374878,2.194999933242798,2.1633334159851074,2388800.0,1.4517674446105957
2001-08-17,2.179166555404663,2.0908334255218506,2.1633334159851074,2.0983333587646484,2408000.0,1.4081460237503052
2001-08-20,2.1041667461395264,2.06333327293396,2.1041667461395264,2.0766665935516357,1296000.0,1.3936071395874023
2001-08-21,2.116666555404663,2.0625,2.075833320617676,2.065000057220459,768000.0,1.3857775926589966
2001-08-22,2.112499952316284,2.052500009536743,2.0791666507720947,2.058333396911621,1711200.0,1.3813036680221558
2001-08-23,2.066666603088379,1.9583333730697632,2.054166555404663,2.0,2283200.0,1.3421577215194702
2001-08-24,2.0,1.9416667222976685,2.0,1.9833333492279053,632000.0,1.3309730291366577
2001-08-27,2.0250000953674316,1.975000023841858,1.975000023841858,1.9758332967758179,559200.0,1.3259401321411133
2001-08-28,1.9916666746139526,1.9466667175292969,1.9758332967758179,1.9466667175292969,3170400.0,1.3063669204711914
2001-08-29,1.9483333826065063,1.850000023841858,1.9483333826065063,1.8650000095367432,3593600.0,1.251562237739563
2001-08-30,1.912500023841858,1.8416666984558105,1.8708332777023315,1.8650000095367432,1161600.0,1.251562237739563
2001-08-31,1.8916666507720947,1.8541666269302368,1.875,1.8633333444595337,1010400.0,1.250443696975708
2001-09-04,1.9266666173934937,1.871666669845581,1.871666669845581,1.8966666460037231,864000.0,1.2728132009506226
2001-09-05,1.8916666507720947,1.8533333539962769,1.8916666507720947,1.8833333253860474,674400.0,1.2638652324676514
2001-09-06,1.9149999618530273,1.8666666746139526,1.8708332777023315,1.8883333206176758,945600.0,1.2672204971313477
2001-09-07,1.8958333730697632,1.868333339691162,1.8791667222976685,1.875,890400.0,1.2582728862762451
2001-09-10,1.975000023841858,1.8616666793823242,1.875,1.9583333730697632,3776000.0,1.3141964673995972
2001-09-17,1.9958332777023315,1.9166666269302368,1.9541666507720947,1.9183332920074463,3516000.0,1.2873525619506836
2001-09-18,1.9166666269302368,1.8116666078567505,1.9166666269302368,1.8116666078567505,1076000.0,1.2157708406448364
2001-09-19,1.8083332777023315,1.600000023841858,1.7999999523162842,1.6583333015441895,3132000.0,1.1128722429275513
2001-09-20,1.652500033378601,1.5791666507720947,1.649999976158142,1.587499976158142,2979200.0,1.0653375387191772
2001-09-21,1.5958333015441895,1.5208333730697632,1.5208333730697632,1.5916666984558105,2972000.0,1.0681343078613281
2001-09-24,1.600000023841858,1.4583333730697632,1.5833333730697632,1.5,2539200.0,1.0066183805465698
2001-09-25,1.5,1.4291666746139526,1.5,1.4708333015441895,1852800.0,0.9870449304580688
2001-09-26,1.4283332824707031,1.3541666269302368,1.4283332824707031,1.3916666507720947,3590400.0,0.933918297290802
2001-09-27,1.625,1.3883333206176758,1.3916666507720947,1.6008332967758179,2090400.0,1.0742852687835693
2001-09-28,1.6699999570846558,1.5708333253860474,1.621666669845581,1.662500023841858,2966400.0,1.115668773651123
2001-10-01,1.6666666269302368,1.6041666269302368,1.6583333015441895,1.6174999475479126,1701600.0,1.0854697227478027
2001-10-02,1.6174999475479126,1.5666667222976685,1.6174999475479126,1.5800000429153442,1262400.0,1.0603047609329224
2001-10-03,1.5750000476837158,1.5166666507720947,1.5666667222976685,1.5291666984558105,3612000.0,1.0261911153793335
2001-10-04,1.627500057220459,1.5333333015441895,1.5333333015441895,1.6083333492279053,6955200.0,1.0793181657791138
2001-10-05,1.6691666841506958,1.5858333110809326,1.6133333444595337,1.6541666984558105,1622400.0,1.1100764274597168
2001-10-08,1.7083333730697632,1.621666669845581,1.6416666507720947,1.6725000143051147,706400.0,1.1223790645599365
2001-10-09,1.7000000476837158,1.6749999523162842,1.7000000476837158,1.6833332777023315,823200.0,1.12964928150177
2001-10-10,1.8250000476837158,1.6958333253860474,1.6958333253860474,1.819166660308838,2105600.0,1.2208043336868286
2001-10-11,1.8458333015441895,1.7916666269302368,1.8166667222976685,1.8358333110809326,2566400.0,1.2319891452789307
2001-10-12,1.9791666269302368,1.7983332872390747,1.7999999523162842,1.871666669845581,5645600.0,1.2560359239578247
2001-10-15,1.9083333015441895,1.8025000095367432,1.871666669845581,1.8266667127609253,3550400.0,1.2258373498916626
2001-10-16,1.9383333921432495,1.8266667127609253,1.8266667127609253,1.9366666078567505,2647200.0,1.299655556678772
2001-10-17,1.9666666984558105,1.9049999713897705,1.9666666984558105,1.912500023841858,4764000.0,1.2834380865097046
2001-10-18,1.912500023841858,1.8324999809265137,1.912500023841858,1.8541666269302368,3216000.0,1.2442920207977295
2001-10-19,1.8958333730697632,1.8166667222976685,1.850000023841858,1.8600000143051147,2923200.0,1.2482067346572876
2001-10-22,1.9333332777023315,1.8624999523162842,1.868333339691162,1.9333332777023315,1013600.0,1.2974194288253784
2001-10-23,1.975000023841858,1.8883333206176758,1.9541666507720947,1.930833339691162,2645600.0,1.2957417964935303
2001-10-24,2.0,1.8666666746139526,1.9166666269302368,1.9674999713897705,2230400.0,1.3203479051589966
2001-10-25,2.0374999046325684,1.975000023841858,1.9833333492279053,2.0291666984558105,1924800.0,1.3617311716079712
2001-10-26,2.0808334350585938,2.0250000953674316,2.0250000953674316,2.067500114440918,1569600.0,1.3874558210372925
2001-10-29,2.0999999046325684,2.066666603088379,2.070833444595337,2.0824999809265137,2119200.0,1.3975216150283813
2001-10-30,2.0824999809265137,1.972499966621399,2.0824999809265137,2.0,1608000.0,1.3421577215194702
2001-10-31,2.0416667461395264,1.9791666269302368,2.0,2.008333444595337,3328800.0,1.347750186920166
2001-11-01,2.0291666984558105,1.9583333730697632,2.004166603088379,1.9958332777023315,1644000.0,1.3393617868423462
2001-11-02,1.9916666746139526,1.9291666746139526,1.9916666746139526,1.9533333778381348,898400.0,1.3108410835266113
2001-11-05,1.9558333158493042,1.8916666507720947,1.9533333778381348,1.9241666793823242,1236800.0,1.2912676334381104
2001-11-06,1.9241666793823242,1.8624999523162842,1.9166666269302368,1.912500023841858,1616000.0,1.2834380865097046
2001-11-07,1.9391666650772095,1.8666666746139526,1.909166693687439,1.9291666746139526,1366400.0,1.3223146200180054
2001-11-08,1.9791666269302368,1.9416667222976685,1.9416667222976685,1.9708333015441895,1616000.0,1.350873589515686
2001-11-09,2.049999952316284,1.975000023841858,1.9900000095367432,2.0374999046325684,2105600.0,1.3965692520141602
2001-11-12,2.0258333683013916,1.9500000476837158,2.0250000953674316,2.004166603088379,2481600.0,1.3737210035324097
2001-11-13,2.0141665935516357,1.9583333730697632,2.002500057220459,1.975000023841858,1616000.0,1.3537296056747437
2001-11-14,1.9583333730697632,1.8958333730697632,1.9416667222976685,1.9166666269302368,1481600.0,1.3137457370758057
2001-11-15,1.875,1.725000023841858,1.8666666746139526,1.7625000476837158,2542400.0,1.2080750465393066
2001-11-16,1.8208333253860474,1.744166612625122,1.7583333253860474,1.8208333253860474,1632000.0,1.2480584383010864
2001-11-19,1.8250000476837158,1.75,1.8166667222976685,1.8141666650772095,1212000.0,1.243489146232605
2001-11-20,1.9166666269302368,1.8333333730697632,1.8333333730697632,1.899999976158142,1692000.0,1.302322506904602
2001-11-21,1.8908333778381348,1.7999999523162842,1.8908333778381348,1.8291666507720947,1120800.0,1.2537699937820435
2001-11-23,1.9141666889190674,1.7999999523162842,1.8250000476837158,1.9141666889190674,556800.0,1.3120322227478027
2001-11-26,1.912500023841858,1.8166667222976685,1.912500023841858,1.8875000476837158,1228800.0,1.2937543392181396
2001-11-27,1.9041666984558105,1.846666693687439,1.8883333206176758,1.868333339691162,1063200.0,1.2806165218353271
2001-11-28,1.8658332824707031,1.78166663646698,1.8658332824707031,1.8083332777023315,2367200.0,1.2394905090332031
2001-11-29,1.8583333492279053,1.8083332777023315,1.8083332777023315,1.8508332967758179,1313600.0,1.268621802330017
2001-11-30,1.8658332824707031,1.8125,1.8458333015441895,1.840833306312561,1819200.0,1.2617672681808472
2001-12-03,1.9166666269302368,1.8291666507720947,1.837499976158142,1.8991667032241821,1399200.0,1.301750659942627
2001-12-04,1.9383333921432495,1.8891667127609253,1.8958333730697632,1.934166669845581,1284800.0,1.3257412910461426
2001-12-05,1.972499966621399,1.8975000381469727,1.9366666078567505,1.9149999618530273,2894400.0,1.3126029968261719
2001-12-06,1.912500023841858,1.8666666746139526,1.912500023841858,1.8933333158493042,1411200.0,1.2977526187896729
2001-12-07,1.8891667127609253,1.8416666984558105,1.8825000524520874,1.877500057220459,2151200.0,1.2869000434875488
2001-12-10,1.8891667127609253,1.8583333492279053,1.8708332777023315,1.8700000047683716,571200.0,1.2817591428756714
2001-12-11,1.881666660308838,1.850000023841858,1.8624999523162842,1.8574999570846558,670400.0,1.2731910943984985
2001-12-12,1.8666666746139526,1.7374999523162842,1.8541666269302368,1.8025000095367432,2121600.0,1.2354918718338013
2001-12-13,1.8141666650772095,1.7833333015441895,1.7983332872390747,1.7883332967758179,1452000.0,1.225782036781311
2001-12-14,1.8300000429153442,1.7416666746139526,1.7883332967758179,1.8141666650772095,1128800.0,1.243489146232605
2001-12-17,1.8166667222976685,1.7691667079925537,1.815000057220459,1.8083332777023315,950400.0,1.2394905090332031
2001-12-18,1.8566666841506958,1.8016666173934937,1.8083332777023315,1.8566666841506958,1330400.0,1.2726200819015503
2001-12-19,1.8891667127609253,1.837499976158142,1.8566666841506958,1.8891667127609253,2740800.0,1.2948968410491943
2001-12-20,1.9008333683013916,1.8799999952316284,1.8891667127609253,1.8958333730697632,1841600.0,1.2994663715362549
2001-12-21,1.962499976158142,1.9108333587646484,1.9583333730697632,1.9416667222976685,6629600.0,1.3308823108673096
2001-12-24,1.9833333492279053,1.9583333730697632,1.9833333492279053,1.9708333015441895,979200.0,1.350873589515686
2001-12-26,2.0,1.9741666316986084,1.975000023841858,1.9991666078567505,2014400.0,1.370294451713562
2001-12-27,2.0274999141693115,1.975000023841858,1.975000023841858,2.0141665935516357,1882400.0,1.3805755376815796
2001-12-28,2.0466666221618652,1.9791666269302368,2.0141665935516357,2.0399999618530273,1514400.0,1.3982826471328735
2001-12-31,2.0333333015441895,2.0,2.0333333015441895,2.004166603088379,1138400.0,1.3737210035324097
2002-01-02,1.9958332777023315,1.9333332777023315,1.9958332777023315,1.972499966621399,1174400.0,1.3520156145095825
2002-01-03,1.975000023841858,1.9474999904632568,1.9666666984558105,1.9616667032241821,1663200.0,1.344590187072754
2002-01-04,1.9908332824707031,1.9566667079925537,1.9600000381469727,1.96916663646698,1320000.0,1.3497314453125
2002-01-07,1.971666693687439,1.9458333253860474,1.962499976158142,1.9600000381469727,1665600.0,1.343448281288147
2002-01-08,1.9958332777023315,1.9083333015441895,1.9583333730697632,1.9816666841506958,1416000.0,1.3582987785339355
2002-01-09,1.9758332967758179,1.9516667127609253,1.975000023841858,1.9633333683013916,1821600.0,1.3457328081130981
2002-01-10,1.9708333015441895,1.9416667222976685,1.9591666460037231,1.9416667222976685,2426400.0,1.3308823108673096
2002-01-11,1.9333332777023315,1.9141666889190674,1.9249999523162842,1.9183332920074463,3309600.0,1.31488835811615
2002-01-14,1.8958333730697632,1.8758333921432495,1.8833333253860474,1.8833333253860474,1976000.0,1.2908979654312134
2002-01-15,1.9166666269302368,1.8583333492279053,1.8708332777023315,1.8991667032241821,3740000.0,1.301750659942627
2002-01-16,1.9016666412353516,1.8633333444595337,1.8983333110809326,1.8708332777023315,1168800.0,1.28233003616333
2002-01-17,1.875,1.8383333683013916,1.875,1.8666666746139526,600800.0,1.2794743776321411
2002-01-18,1.8708332777023315,1.8250000476837158,1.8708332777023315,1.8341666460037231,1282400.0,1.257197618484497
2002-01-22,1.837499976158142,1.787500023841858,1.8350000381469727,1.787500023841858,1388000.0,1.2252107858657837
2002-01-23,1.8083332777023315,1.7374999523162842,1.7666666507720947,1.787500023841858,5571200.0,1.2252107858657837
2002-01-24,1.8508332967758179,1.75,1.7833333015441895,1.8166667222976685,3352800.0,1.2452027797698975
2002-01-25,1.8125,1.774999976158142,1.8083332777023315,1.805833339691162,4375200.0,1.2377769947052002
2002-01-28,1.8033332824707031,1.6958333253860474,1.8033332824707031,1.7108333110809326,3672800.0,1.1726610660552979
2002-01-29,1.7208333015441895,1.6508333683013916,1.715000033378601,1.6791666746139526,4824800.0,1.1509556770324707
2002-01-30,1.6749999523162842,1.649999976158142,1.6583333015441895,1.6708333492279053,2486400.0,1.145243763923645
2002-01-31,1.6833332777023315,1.662500023841858,1.6708333492279053,1.6708333492279053,4555200.0,1.145243763923645
2002-02-01,1.6708333492279053,1.65583336353302,1.6699999570846558,1.6649999618530273,3420800.0,1.1412453651428223
2002-02-04,1.6658333539962769,1.6416666507720947,1.6658333539962769,1.649999976158142,1380000.0,1.1309638023376465
2002-02-05,1.6575000286102295,1.6158332824707031,1.6475000381469727,1.6449999809265137,1522400.0,1.127536654472351
2002-02-06,1.649999976158142,1.6291667222976685,1.6449999809265137,1.630833387374878,1409600.0,1.1457210779190063
2002-02-07,1.625,1.5575000047683716,1.625,1.565000057220459,1800800.0,1.0994703769683838
2002-02-08,1.5791666507720947,1.5575000047683716,1.565000057220459,1.5666667222976685,2192000.0,1.1006407737731934
2002-02-11,1.600000023841858,1.5625,1.5666667222976685,1.5833333730697632,4512000.0,1.1123504638671875
2002-02-12,1.5916666984558105,1.5625,1.5883333683013916,1.5916666984558105,1424000.0,1.1182050704956055
2002-02-13,1.590833306312561,1.5608333349227905,1.5833333730697632,1.587499976158142,1051200.0,1.1152771711349487
2002-02-14,1.6416666507720947,1.587499976158142,1.587499976158142,1.6008332967758179,1474400.0,1.1246445178985596
2002-02-15,1.6291667222976685,1.5833333730697632,1.5833333730697632,1.6100000143051147,2668800.0,1.1310840845108032
2002-02-19,1.6333333253860474,1.6041666269302368,1.6108332872390747,1.6091666221618652,2307200.0,1.130499005317688
2002-02-20,1.6208332777023315,1.5416666269302368,1.6100000143051147,1.5816667079925537,1829600.0,1.1111793518066406
2002-02-21,1.5958333015441895,1.5791666507720947,1.5824999809265137,1.5916666984558105,3022400.0,1.1182050704956055
2002-02-22,1.6541666984558105,1.5750000476837158,1.5916666984558105,1.6449999809265137,4476800.0,1.1556731462478638
2002-02-25,1.6699999570846558,1.6416666507720947,1.6449999809265137,1.6491667032241821,4946400.0,1.1586006879806519
2002-02-26,1.6749999523162842,1.6541666984558105,1.6541666984558105,1.6699999570846558,3447200.0,1.173236608505249
2002-02-27,1.6916667222976685,1.6649999618530273,1.6699999570846558,1.6741666793823242,3076800.0,1.1761640310287476
2002-02-28,1.6749999523162842,1.649999976158142,1.6666666269302368,1.6749999523162842,3924000.0,1.176749348640442
2002-03-01,1.7366666793823242,1.6691666841506958,1.6749999523162842,1.7333333492279053,4432800.0,1.21773099899292
2002-03-04,1.7666666507720947,1.7116667032241821,1.7333333492279053,1.7491666078567505,2616000.0,1.2288539409637451
2002-03-05,1.7666666507720947,1.7233333587646484,1.7374999523162842,1.725000023841858,2148000.0,1.2118765115737915
2002-03-06,1.8250000476837158,1.7000000476837158,1.7166666984558105,1.809166669845581,1764800.0,1.2710063457489014
2002-03-07,1.875,1.8125,1.8166667222976685,1.8450000286102295,3168800.0,1.2961807250976562
2002-03-08,1.8791667222976685,1.815833330154419,1.8450000286102295,1.8416666984558105,3135200.0,1.2938393354415894
2002-03-11,1.8658332824707031,1.8424999713897705,1.8458333015441895,1.8624999523162842,1748000.0,1.308475375175476
2002-03-12,1.9166666269302368,1.8624999523162842,1.8624999523162842,1.9116666316986084,2736800.0,1.343016266822815
2002-03-13,1.9333332777023315,1.8883333206176758,1.9166666269302368,1.9166666269302368,3077600.0,1.3465290069580078
2002-03-14,1.9450000524520874,1.8883333206176758,1.9175000190734863,1.9450000524520874,3302400.0,1.3664343357086182
2002-03-15,1.96833336353302,1.899999976158142,1.899999976158142,1.9450000524520874,1687200.0,1.3664343357086182
2002-03-18,1.9833333492279053,1.9508333206176758,1.9583333730697632,1.9766666889190674,1179200.0,1.3886812925338745
2002-03-19,2.015000104904175,1.9641666412353516,1.972499966621399,2.015000104904175,653600.0,1.4156121015548706
2002-03-20,2.066666603088379,1.9900000095367432,2.015000104904175,2.0333333015441895,1886400.0,1.4284920692443848
2002-03-21,2.0908334255218506,2.0258333683013916,2.0341665744781494,2.0791666507720947,2312000.0,1.4606914520263672
2002-03-22,2.0791666507720947,1.9950000047683716,2.0791666507720947,2.0250000953674316,2206400.0,1.422637701034546
2002-03-25,2.060833215713501,1.994166612625122,2.0250000953674316,1.997499942779541,2799200.0,1.4033176898956299
2002-03-26,2.0174999237060547,1.9666666984558105,2.008333444595337,1.9958332777023315,756000.0,1.4021469354629517
2002-03-27,2.068333387374878,2.004166603088379,2.004166603088379,2.065000057220459,1349600.0,1.450738787651062
2002-03-28,2.077500104904175,2.050833225250244,2.058333396911621,2.06333327293396,1521600.0,1.4495675563812256
2002-04-01,2.1416666507720947,2.0791666507720947,2.0833332538604736,2.126666784286499,1382400.0,1.4940621852874756
2002-04-02,2.1708333492279053,2.129166603088379,2.129166603088379,2.133333444595337,2169600.0,1.4987455606460571
2002-04-03,2.1416666507720947,2.0416667461395264,2.134166717529297,2.070833444595337,1637600.0,1.4548368453979492
2002-04-04,2.0824999809265137,2.013333320617676,2.070833444595337,2.0350000858306885,1442400.0,1.429662823677063
2002-04-05,2.0374999046325684,1.9924999475479126,2.0350000858306885,2.0,1329600.0,1.4050743579864502
2002-04-08,2.0458333492279053,2.005000114440918,2.0208332538604736,2.0158333778381348,1992000.0,1.4161972999572754
2002-04-09,2.0250000953674316,1.9483333826065063,2.0141665935516357,1.9541666507720947,2129600.0,1.3728744983673096
2002-04-10,2.0225000381469727,1.9541666507720947,1.9541666507720947,2.0199999809265137,1366400.0,1.4191246032714844
2002-04-11,2.0625,2.0,2.0199999809265137,2.006666660308838,984800.0,1.409757375717163
2002-04-12,2.006666660308838,1.934166669845581,2.006666660308838,1.971666693687439,2042400.0,1.3851685523986816
2002-04-15,2.0350000858306885,1.9833333492279053,1.9833333492279053,2.012500047683716,1675200.0,1.4138554334640503
2002-04-16,2.0466666221618652,1.9916666746139526,1.9916666746139526,2.0374999046325684,3699200.0,1.4314192533493042
2002-04-17,2.060833215713501,1.9983333349227905,2.054166555404663,2.0199999809265137,16428000.0,1.4191246032714844
2002-04-18,2.0799999237060547,2.0233333110809326,2.0308332443237305,2.0625,2875200.0,1.4489825963974
2002-04-19,2.0875000953674316,2.0333333015441895,2.0625,2.0833332538604736,1731200.0,1.4636189937591553
2002-04-22,2.0883333683013916,2.051666736602783,2.075000047683716,2.0625,837600.0,1.4489825963974
2002-04-23,2.0916666984558105,2.0433332920074463,2.058333396911621,2.0875000953674316,1304000.0,1.4665457010269165
2002-04-24,2.0916666984558105,2.0283334255218506,2.0875000953674316,2.0433332920074463,1692800.0,1.4355173110961914
2002-04-25,2.0891666412353516,2.0374999046325684,2.0458333492279053,2.0783333778381348,1149600.0,1.4601058959960938
2002-04-26,2.0999999046325684,2.058333396911621,2.0916666984558105,2.0791666507720947,1449600.0,1.4606914520263672
2002-04-29,2.0933332443237305,2.067500114440918,2.075000047683716,2.0791666507720947,1443200.0,1.4606914520263672
2002-04-30,2.0958333015441895,2.0799999237060547,2.0799999237060547,2.0941667556762695,2820800.0,1.4712294340133667
2002-05-01,2.1683332920074463,2.0916666984558105,2.0941667556762695,2.1516666412353516,1915200.0,1.5116257667541504
2002-05-02,2.1708333492279053,2.122499942779541,2.1516666412353516,2.125,2460000.0,1.49289071559906
2002-05-03,2.1483333110809326,2.0850000381469727,2.116666555404663,2.1041667461395264,3084000.0,1.478254795074463
2002-05-06,2.1041667461395264,2.0466666221618652,2.1041667461395264,2.051666736602783,1635200.0,1.4413721561431885
2002-05-07,2.054166555404663,1.9841666221618652,2.054166555404663,1.9841666221618652,2025600.0,1.3939504623413086
2002-05-08,2.077500104904175,2.0,2.0,2.066666603088379,1917600.0,1.4519097805023193
2002-05-09,2.071666717529297,2.0333333015441895,2.066666603088379,2.0416667461395264,1408800.0,1.434346318244934
2002-05-10,2.053333282470703,2.0250000953674316,2.0458333492279053,2.0399999618530273,888800.0,1.4331754446029663
2002-05-13,2.066666603088379,2.008333444595337,2.0333333015441895,2.06166672706604,674400.0,1.448397159576416
2002-05-14,2.077500104904175,2.0374999046325684,2.070833444595337,2.058333396911621,1500800.0,1.4460550546646118
2002-05-15,2.055000066757202,2.00083327293396,2.055000066757202,2.008333444595337,1180800.0,1.4389265775680542
2002-05-16,2.058333396911621,2.004166603088379,2.008333444595337,2.0241665840148926,1407200.0,1.4502702951431274
2002-05-17,2.0333333015441895,1.934166669845581,2.0333333015441895,1.962499976158142,1354400.0,1.4060873985290527
2002-05-20,1.9883333444595337,1.9541666507720947,1.962499976158142,1.962499976158142,754400.0,1.4060873985290527
2002-05-21,1.9958332777023315,1.9483333826065063,1.962499976158142,1.9583333730697632,1843200.0,1.4031025171279907
2002-05-22,1.975000023841858,1.9500000476837158,1.9583333730697632,1.9591666460037231,658400.0,1.403699517250061
2002-05-23,2.013333320617676,1.9500000476837158,1.9633333683013916,2.006666660308838,1209600.0,1.437732219696045
2002-05-24,2.008333444595337,1.962499976158142,2.008333444595337,1.9833333492279053,916800.0,1.4210143089294434
2002-05-28,1.9958332777023315,1.9583333730697632,1.9791666269302368,1.975000023841858,939200.0,1.4150439500808716
2002-05-29,1.975000023841858,1.9375,1.975000023841858,1.9541666507720947,1072800.0,1.4001169204711914
2002-05-30,1.9583333730697632,1.8899999856948853,1.9483333826065063,1.899999976158142,1490400.0,1.361308217048645
2002-05-31,1.9666666984558105,1.90583336353302,1.912500023841858,1.912500023841858,1106400.0,1.3702641725540161
2002-06-03,1.912500023841858,1.850000023841858,1.912500023841858,1.8666666746139526,1676000.0,1.3374255895614624
2002-06-04,1.8941667079925537,1.8308333158493042,1.8708332777023315,1.872499942779541,924000.0,1.3416048288345337
2002-06-05,1.872499942779541,1.8141666650772095,1.872499942779541,1.837499976158142,1109600.0,1.3165279626846313
2002-06-06,1.8708332777023315,1.7616666555404663,1.8458333015441895,1.7616666555404663,1860000.0,1.262195110321045
2002-06-07,1.7999999523162842,1.7166666984558105,1.7408332824707031,1.7991666793823242,3567200.0,1.2890629768371582
2002-06-10,1.809999942779541,1.7825000286102295,1.7999999523162842,1.7825000286102295,2098400.0,1.277121901512146
2002-06-11,1.7825000286102295,1.7416666746139526,1.774999976158142,1.7508333921432495,2638400.0,1.2544331550598145
2002-06-12,1.7916666269302368,1.75,1.7716666460037231,1.7916666269302368,773600.0,1.2836894989013672
2002-06-13,1.8083332777023315,1.7541667222976685,1.7916666269302368,1.7541667222976685,989600.0,1.2568217515945435
2002-06-14,1.7858333587646484,1.7391666173934937,1.7541667222976685,1.774999976158142,1496000.0,1.2717479467391968
2002-06-17,1.8333333730697632,1.787500023841858,1.787500023841858,1.8333333730697632,879200.0,1.3135428428649902
2002-06-18,1.8574999570846558,1.8166667222976685,1.8291666507720947,1.8566666841506958,1157600.0,1.3302607536315918
2002-06-19,1.8916666507720947,1.8291666507720947,1.8666666746139526,1.8358333110809326,2415200.0,1.3153340816497803
2002-06-20,1.8708332777023315,1.815000057220459,1.8541666269302368,1.8250000476837158,910400.0,1.3075718879699707
2002-06-21,1.8391666412353516,1.7999999523162842,1.8333333730697632,1.8208333253860474,1879200.0,1.30458664894104
2002-06-24,1.8458333015441895,1.8041666746139526,1.8208333253860474,1.8316667079925537,1653600.0,1.3123488426208496
2002-06-25,1.8633333444595337,1.8125,1.850000023841858,1.8333333730697632,1157600.0,1.3135428428649902
2002-06-26,1.8450000286102295,1.7999999523162842,1.8250000476837158,1.840833306312561,1260800.0,1.3189159631729126
2002-06-27,1.8416666984558105,1.8125,1.8333333730697632,1.8350000381469727,900800.0,1.314737319946289
2002-06-28,1.9041666984558105,1.8350000381469727,1.8350000381469727,1.9041666984558105,2307200.0,1.3642933368682861
2002-07-01,1.899999976158142,1.8324999809265137,1.899999976158142,1.8416666984558105,1272000.0,1.3195134401321411
2002-07-02,1.8424999713897705,1.7916666269302368,1.8416666984558105,1.8041666746139526,2175200.0,1.2926455736160278
2002-07-03,1.837499976158142,1.7675000429153442,1.8041666746139526,1.7999999523162842,992000.0,1.289659857749939
2002-07-05,1.840833306312561,1.8075000047683716,1.8083332777023315,1.8258333206176758,278400.0,1.3081690073013306
2002-07-08,1.8250000476837158,1.7791666984558105,1.8208333253860474,1.7916666269302368,1111200.0,1.2836894989013672
2002-07-09,1.819166660308838,1.7791666984558105,1.7916666269302368,1.7958333492279053,2036000.0,1.2866748571395874
2002-07-10,1.8166667222976685,1.7458332777023315,1.8166667222976685,1.7508333921432495,1903200.0,1.2544331550598145
2002-07-11,1.7374999523162842,1.6966667175292969,1.7374999523162842,1.7041666507720947,1503200.0,1.2209978103637695
2002-07-12,1.715833306312561,1.6958333253860474,1.7074999809265137,1.7041666507720947,1896000.0,1.2209978103637695
2002-07-15,1.7041666507720947,1.6541666984558105,1.7041666507720947,1.6683332920074463,2716800.0,1.1953237056732178
2002-07-16,1.6875,1.6575000286102295,1.6583333015441895,1.6725000143051147,1564800.0,1.1983088254928589
2002-07-17,1.7133333683013916,1.6666666269302368,1.6883333921432495,1.6916667222976685,3501600.0,1.2120417356491089
2002-07-18,1.6958333253860474,1.6691666841506958,1.6916667222976685,1.6691666841506958,1688000.0,1.195920467376709
2002-07-19,1.6799999475479126,1.6441667079925537,1.6666666269302368,1.6458333730697632,3003200.0,1.1792031526565552
2002-07-22,1.6766666173934937,1.590000033378601,1.6541666984558105,1.600000023841858,3640800.0,1.146364688873291
2002-07-23,1.6124999523162842,1.527500033378601,1.600000023841858,1.5333333015441895,3084000.0,1.0985989570617676
2002-07-24,1.6375000476837158,1.4791666269302368,1.5149999856948853,1.6375000476837158,3868800.0,1.1732321977615356
2002-07-25,1.65666663646698,1.5625,1.6375000476837158,1.6116666793823242,3164000.0,1.1547231674194336
2002-07-26,1.65666663646698,1.6058332920074463,1.6116666793823242,1.65666663646698,1615200.0,1.1869643926620483
2002-07-29,1.7625000476837158,1.65666663646698,1.65666663646698,1.7625000476837158,1430400.0,1.2627918720245361
2002-07-30,1.7583333253860474,1.6699999570846558,1.7583333253860474,1.7066667079925537,1832000.0,1.2227890491485596
2002-07-31,1.7891666889190674,1.7116667032241821,1.712499976158142,1.7416666746139526,2396000.0,1.2478657960891724
2002-08-01,1.7583333253860474,1.6783332824707031,1.7416666746139526,1.6783332824707031,780000.0,1.2024885416030884
2002-08-02,1.7166666984558105,1.6458333730697632,1.6833332777023315,1.65666663646698,835200.0,1.1869643926620483
2002-08-05,1.6875,1.619166612625122,1.662500023841858,1.619166612625122,1123200.0,1.1600968837738037
2002-08-06,1.7208333015441895,1.6291667222976685,1.6291667222976685,1.7083333730697632,1455200.0,1.2239832878112793
2002-08-07,1.7391666173934937,1.690000057220459,1.7291666269302368,1.7274999618530273,1078400.0,1.237715482711792
2002-08-08,1.7999999523162842,1.7208333015441895,1.7291666269302368,1.7999999523162842,1076000.0,1.320268988609314
2002-08-09,1.8283333778381348,1.7725000381469727,1.7999999523162842,1.8224999904632568,2872800.0,1.3367724418640137
2002-08-12,1.8491666316986084,1.7833333015441895,1.8083332777023315,1.8391666412353516,1030400.0,1.3489969968795776
2002-08-13,1.875,1.806666612625122,1.8350000381469727,1.8075000047683716,1407200.0,1.3257699012756348
2002-08-14,1.8700000047683716,1.8049999475479126,1.8250000476837158,1.8700000047683716,861600.0,1.3716126680374146
2002-08-15,1.9233332872390747,1.875,1.875,1.8833333253860474,1791200.0,1.3813928365707397
2002-08-16,1.9158333539962769,1.8741666078567505,1.8833333253860474,1.9083333015441895,737600.0,1.3997292518615723
2002-08-19,1.9108333587646484,1.8250000476837158,1.9041666984558105,1.8916666507720947,1872800.0,1.3875049352645874
2002-08-20,1.8916666507720947,1.840000033378601,1.8916666507720947,1.8666666746139526,1224800.0,1.3691680431365967
2002-08-21,1.8891667127609253,1.840833306312561,1.8666666746139526,1.8741666078567505,1863200.0,1.3746685981750488
2002-08-22,1.9283332824707031,1.8700000047683716,1.8758333921432495,1.9175000190734863,1567200.0,1.406453251838684
2002-08-23,1.9391666650772095,1.9083333015441895,1.9166666269302368,1.9249999523162842,1706400.0,1.411954402923584
2002-08-26,1.9541666507720947,1.9199999570846558,1.9333332777023315,1.9500000476837158,2047200.0,1.4302918910980225
2002-08-27,1.9858332872390747,1.9458333253860474,1.9541666507720947,1.9733333587646484,3032000.0,1.4474059343338013
2002-08-28,1.9708333015441895,1.8841667175292969,1.96916663646698,1.8841667175292969,960800.0,1.382003903388977
2002-08-29,1.9116666316986084,1.8708332777023315,1.8841667175292969,1.8858333826065063,657600.0,1.3832265138626099
2002-08-30,1.9258333444595337,1.8541666269302368,1.8650000095367432,1.8541666269302368,1332800.0,1.3599992990493774
2002-09-03,1.8558332920074463,1.7999999523162842,1.850000023841858,1.8258333206176758,1928000.0,1.3392176628112793
2002-09-04,1.8674999475479126,1.75,1.8266667127609253,1.8450000286102295,2192000.0,1.3532756567001343
2002-09-05,1.8566666841506958,1.7916666269302368,1.846666693687439,1.7916666269302368,1848000.0,1.3141571283340454
2002-09-06,1.875,1.8125,1.8208333253860474,1.8558332920074463,1212800.0,1.3612215518951416
2002-09-09,1.8891667127609253,1.8333333730697632,1.8624999523162842,1.8416666984558105,1168800.0,1.3508309125900269
2002-09-10,1.8866666555404663,1.8458333015441895,1.8458333015441895,1.8624999523162842,1593600.0,1.3661117553710938
2002-09-11,1.9049999713897705,1.850000023841858,1.8624999523162842,1.8524999618530273,1660800.0,1.3587769269943237
2002-09-12,1.8541666269302368,1.7999999523162842,1.8541666269302368,1.7999999523162842,908000.0,1.320268988609314
2002-09-13,1.8516666889190674,1.784166693687439,1.7958333492279053,1.8416666984558105,1132800.0,1.3508309125900269
2002-09-16,1.8666666746139526,1.8083332777023315,1.837499976158142,1.8458333015441895,1088000.0,1.3538868427276611
2002-09-17,1.8458333015441895,1.7999999523162842,1.837499976158142,1.8333333730697632,1608800.0,1.3447182178497314
2002-09-18,1.850000023841858,1.8108333349227905,1.8416666984558105,1.837499976158142,759200.0,1.347774624824524
2002-09-19,1.8416666984558105,1.7583333253860474,1.8333333730697632,1.7583333253860474,1255200.0,1.2897073030471802
2002-09-20,1.7958333492279053,1.7291666269302368,1.7791666984558105,1.7291666269302368,1553600.0,1.2683135271072388
2002-09-23,1.755833387374878,1.712499976158142,1.7416666746139526,1.7341666221618652,1544000.0,1.2719813585281372
2002-09-24,1.722499966621399,1.662500023841858,1.7208333015441895,1.6666666269302368,2083200.0,1.2224708795547485
2002-09-25,1.7208333015441895,1.6708333492279053,1.6875,1.7058333158493042,4737600.0,1.25119948387146
2002-09-26,1.7916666269302368,1.7083333730697632,1.7083333730697632,1.7599999904632568,1604000.0,1.2909297943115234
2002-09-27,1.8250000476837158,1.7583333253860474,1.7625000476837158,1.7691667079925537,864000.0,1.297653317451477
2002-09-30,1.8125,1.7683333158493042,1.7691667079925537,1.7916666269302368,2453600.0,1.3141571283340454
2002-10-01,1.8508332967758179,1.7925000190734863,1.7925000190734863,1.8508332967758179,1034400.0,1.35755455493927
2002-10-02,1.8875000476837158,1.815833330154419,1.8424999713897705,1.815833330154419,1219200.0,1.331882357597351
2002-10-03,1.8674999475479126,1.8049999475479126,1.8125,1.8233333826065063,1500000.0,1.33738374710083
2002-10-04,1.8333333730697632,1.7833333015441895,1.8333333730697632,1.7933332920074463,1078400.0,1.3153791427612305
2002-10-07,1.8125,1.7208333015441895,1.7999999523162842,1.721666693687439,789600.0,1.262812614440918
2002-10-08,1.743333339691162,1.712499976158142,1.721666693687439,1.7208333015441895,1279200.0,1.2622019052505493
2002-10-09,1.7374999523162842,1.6766666173934937,1.7166666984558105,1.684999942779541,1212800.0,1.2359185218811035
2002-10-10,1.7166666984558105,1.6791666746139526,1.684999942779541,1.7141666412353516,1949600.0,1.2573119401931763
2002-10-11,1.7583333253860474,1.6875,1.7350000143051147,1.7416666746139526,2340000.0,1.2774821519851685
2002-10-14,1.840000033378601,1.7458332777023315,1.7458332777023315,1.8358333110809326,897600.0,1.3465522527694702
2002-10-15,1.9075000286102295,1.8424999713897705,1.8666666746139526,1.8908333778381348,1204800.0,1.386893630027771
2002-10-16,1.8666666746139526,1.8083332777023315,1.8624999523162842,1.8250000476837158,1625600.0,1.338606357574463
2002-10-17,1.8958333730697632,1.8250000476837158,1.8333333730697632,1.872499942779541,759200.0,1.3734467029571533
2002-10-18,1.8766666650772095,1.840000033378601,1.8766666650772095,1.840833306312561,734400.0,1.3502197265625
2002-10-21,1.8925000429153442,1.840833306312561,1.840833306312561,1.8666666746139526,898400.0,1.3691680431365967
2002-10-22,1.8616666793823242,1.7899999618530273,1.8574999570846558,1.7983332872390747,760800.0,1.3190462589263916
2002-10-23,1.8875000476837158,1.777500033378601,1.7899999618530273,1.8700000047683716,1473600.0,1.3716126680374146
2002-10-24,1.903333306312561,1.7933332920074463,1.8958333730697632,1.7975000143051147,756800.0,1.318435549736023
2002-10-25,1.7966666221618652,1.7583333253860474,1.7966666221618652,1.774999976158142,992000.0,1.3019320964813232
2002-10-28,1.8083332777023315,1.746666669845581,1.774999976158142,1.774999976158142,2016800.0,1.3019320964813232
2002-10-29,1.7833333015441895,1.7274999618530273,1.7833333015441895,1.7658333778381348,1073600.0,1.29520845413208
2002-10-30,1.8308333158493042,1.7658333778381348,1.7658333778381348,1.8300000429153442,975200.0,1.3422729969024658
2002-10-31,1.8624999523162842,1.7999999523162842,1.850000023841858,1.8216667175292969,2576000.0,1.3361611366271973
2002-11-01,1.8791667222976685,1.8200000524520874,1.8208333253860474,1.8541666269302368,1480800.0,1.3599992990493774
2002-11-04,1.875,1.8391666412353516,1.8674999475479126,1.8458333015441895,2436000.0,1.3538868427276611
2002-11-05,1.8541666269302368,1.8233333826065063,1.8541666269302368,1.8283333778381348,1792800.0,1.3410511016845703
2002-11-06,1.8791667222976685,1.8333333730697632,1.8333333730697632,1.8674999475479126,1850400.0,1.400456428527832
2002-11-07,1.8825000524520874,1.8666666746139526,1.875,1.8766666650772095,737600.0,1.4073306322097778
2002-11-08,1.8858333826065063,1.8641666173934937,1.8708332777023315,1.872499942779541,1255200.0,1.4042060375213623
2002-11-11,1.8791667222976685,1.8624999523162842,1.8758333921432495,1.869166612625122,1188800.0,1.4017058610916138
2002-11-12,1.8891667127609253,1.8674999475479126,1.877500057220459,1.878333330154419,1005600.0,1.4085798263549805
2002-11-13,1.881666660308838,1.8041666746139526,1.8791667222976685,1.8041666746139526,2604000.0,1.3529624938964844
2002-11-14,1.8550000190734863,1.818333387374878,1.818333387374878,1.8274999856948853,1504800.0,1.3704595565795898
2002-11-15,1.8550000190734863,1.8133333921432495,1.8283333778381348,1.8333333730697632,751200.0,1.3748340606689453
2002-11-18,1.909166693687439,1.8450000286102295,1.875,1.8925000429153442,1431200.0,1.419204592704773
2002-11-19,1.912500023841858,1.8666666746139526,1.8958333730697632,1.875,1764000.0,1.406080961227417
2002-11-20,1.9241666793823242,1.8633333444595337,1.875,1.9216666221618652,1072800.0,1.4410761594772339
2002-11-21,1.965000033378601,1.8933333158493042,1.9333332777023315,1.9491666555404663,1114400.0,1.4616990089416504
2002-11-22,1.9500000476837158,1.8916666507720947,1.9500000476837158,1.899999976158142,852000.0,1.4248288869857788
2002-11-25,1.9375,1.8958333730697632,1.9008333683013916,1.9366666078567505,734400.0,1.452324628829956
2002-11-26,1.9416667222976685,1.8949999809265137,1.9366666078567505,1.9049999713897705,609600.0,1.4285778999328613
2002-11-27,1.9558333158493042,1.8958333730697632,1.912500023841858,1.9458333253860474,789600.0,1.4591994285583496
2002-11-29,1.9474999904632568,1.9249999523162842,1.9416667222976685,1.9249999523162842,432000.0,1.4435762166976929
2002-12-02,1.9850000143051147,1.912500023841858,1.9375,1.9791666269302368,629600.0,1.4841959476470947
2002-12-03,2.009166717529297,1.9708333015441895,1.975000023841858,1.9883333444595337,1005600.0,1.4910707473754883
2002-12-04,2.002500057220459,1.9516667127609253,1.9791666269302368,1.9874999523162842,1099200.0,1.4904457330703735
2002-12-05,2.0416667461395264,1.9924999475479126,1.9924999475479126,2.0266666412353516,790400.0,1.5198167562484741
2002-12-06,2.051666736602783,2.0158333778381348,2.0166666507720947,2.0341665744781494,1262400.0,1.5254409313201904
2002-12-09,2.0791666507720947,2.0216667652130127,2.0425000190734863,2.0241665840148926,952800.0,1.5179415941238403
2002-12-10,2.0941667556762695,2.0208332538604736,2.0333333015441895,2.0875000953674316,1308000.0,1.5654362440109253
2002-12-11,2.119999885559082,2.066666603088379,2.0883333683013916,2.1083333492279053,1132800.0,1.5810602903366089
2002-12-12,2.175833225250244,2.1075000762939453,2.1083333492279053,2.1675000190734863,1227200.0,1.625428557395935
2002-12-13,2.2033333778381348,2.1675000190734863,2.1683332920074463,2.1683332920074463,1413600.0,1.626054048538208
2002-12-16,2.2083332538604736,2.1466667652130127,2.174999952316284,2.183333396911621,1771200.0,1.6373029947280884
2002-12-17,2.2125000953674316,2.129166603088379,2.183333396911621,2.1566667556762695,2030400.0,1.6173059940338135
2002-12-18,2.1524999141693115,2.066666603088379,2.1524999141693115,2.0941667556762695,1493600.0,1.5704360008239746
2002-12-19,2.117500066757202,2.0783333778381348,2.1041667461395264,2.0824999809265137,2590400.0,1.5616871118545532
2002-12-20,2.127500057220459,2.072499990463257,2.1033332347869873,2.072499990463257,7404000.0,1.554187536239624
2002-12-23,2.132499933242798,2.077500104904175,2.0791666507720947,2.126666784286499,2702400.0,1.594807744026184
2002-12-24,2.1416666507720947,2.0991666316986084,2.129166603088379,2.1041667461395264,1016000.0,1.5779346227645874
2002-12-26,2.1441667079925537,2.1050000190734863,2.112499952316284,2.1058332920074463,682400.0,1.5791850090026855
2002-12-27,2.12416672706604,2.053333282470703,2.116666555404663,2.0625,998400.0,1.5466885566711426
2002-12-30,2.0999999046325684,2.0350000858306885,2.070833444595337,2.06333327293396,1041600.0,1.5473132133483887
2002-12-31,2.0916666984558105,2.0358333587646484,2.066666603088379,2.065000057220459,1572000.0,1.5485632419586182
2003-01-02,2.1500000953674316,2.0791666507720947,2.0791666507720947,2.136666774749756,1647200.0,1.6023072004318237
2003-01-03,2.1549999713897705,2.109999895095825,2.1416666507720947,2.109999895095825,1169600.0,1.5823090076446533
2003-01-06,2.1541666984558105,2.0999999046325684,2.113333225250244,2.1041667461395264,1409600.0,1.5779346227645874
2003-01-07,2.1083333492279053,2.0283334255218506,2.0916666984558105,2.0458333492279053,2637600.0,1.5341905355453491
2003-01-08,2.054166555404663,2.005000114440918,2.0466666221618652,2.0141665935516357,1966400.0,1.510442852973938
2003-01-09,2.050833225250244,2.008333444595337,2.0350000858306885,2.0225000381469727,2662400.0,1.5166921615600586
2003-01-10,2.055000066757202,2.006666660308838,2.047499895095825,2.008333444595337,2707200.0,1.5060687065124512
2003-01-13,2.0308332443237305,1.975000023841858,2.0291666984558105,2.008333444595337,3231200.0,1.5060687065124512
2003-01-14,2.0225000381469727,1.9916666746139526,1.9916666746139526,2.008333444595337,2464800.0,1.5060687065124512
2003-01-15,2.0216667652130127,1.9916666746139526,2.0166666507720947,2.0141665935516357,5632800.0,1.510442852973938
2003-01-16,2.0208332538604736,2.004166603088379,2.0141665935516357,2.004166603088379,5188800.0,1.5029438734054565
2003-01-17,2.0241665840148926,2.0,2.005000114440918,2.004166603088379,1229600.0,1.5029438734054565
2003-01-21,2.009166717529297,1.9916666746139526,2.005000114440918,1.996666669845581,2688000.0,1.4973194599151611
2003-01-22,2.012500047683716,1.9591666460037231,1.997499942779541,1.9874999523162842,1793600.0,1.4904457330703735
2003-01-23,2.0,1.9766666889190674,1.9833333492279053,1.9908332824707031,1443200.0,1.4929455518722534
2003-01-24,1.9874999523162842,1.9516667127609253,1.9874999523162842,1.962499976158142,2227200.0,1.4716976881027222
2003-01-27,1.9708333015441895,1.9208333492279053,1.9583333730697632,1.9208333492279053,1915200.0,1.4404516220092773
2003-01-28,1.940833330154419,1.899999976158142,1.9249999523162842,1.9158333539962769,2421600.0,1.4367018938064575
2003-01-29,1.9791666269302368,1.9041666984558105,1.9183332920074463,1.9541666507720947,2936000.0,1.4654487371444702
2003-01-30,1.9841666221618652,1.9491666555404663,1.9666666984558105,1.9583333730697632,2525600.0,1.4685735702514648
2003-01-31,1.9774999618530273,1.943333387374878,1.9541666507720947,1.9591666460037231,1992800.0,1.4691979885101318
2003-02-03,1.9708333015441895,1.9450000524520874,1.962499976158142,1.9583333730697632,2913600.0,1.4685735702514648
2003-02-04,2.049166679382324,1.9516667127609253,1.9600000381469727,2.0233333110809326,2308800.0,1.5173169374465942
2003-02-05,2.0374999046325684,1.9591666460037231,2.0374999046325684,1.9708333015441895,1685600.0,1.507792353630066
2003-02-06,1.9783333539962769,1.9249999523162842,1.9700000286102295,1.9583333730697632,1752000.0,1.498229742050171
2003-02-07,2.002500057220459,1.9358333349227905,2.002500057220459,1.9416667222976685,1963200.0,1.4854785203933716
2003-02-10,1.9833333492279053,1.931666612625122,1.9458333253860474,1.9766666889190674,1941600.0,1.5122551918029785
2003-02-11,1.9874999523162842,1.9358333349227905,1.9874999523162842,1.9508333206176758,1200800.0,1.4924911260604858
2003-02-12,1.9516667127609253,1.8941667079925537,1.9516667127609253,1.8941667079925537,1824000.0,1.4491379261016846
2003-02-13,1.9358333349227905,1.875,1.8983333110809326,1.934166669845581,1918400.0,1.4797407388687134
2003-02-14,1.934166669845581,1.8958333730697632,1.934166669845581,1.9183332920074463,2180000.0,1.467626929283142
2003-02-18,1.9275000095367432,1.9016666412353516,1.9166666269302368,1.9166666269302368,3879200.0,1.4663516283035278
2003-02-19,1.9450000524520874,1.9166666269302368,1.9166666269302368,1.9291666746139526,1581600.0,1.4759149551391602
2003-02-20,1.9891666173934937,1.934166669845581,1.9483333826065063,1.9666666984558105,2383200.0,1.504604458808899
2003-02-21,2.0316667556762695,1.9666666984558105,1.975000023841858,2.015000104904175,1983200.0,1.5415823459625244
2003-02-24,2.065833330154419,2.012500047683716,2.0199999809265137,2.060833215713501,2304000.0,1.5766470432281494
2003-02-25,2.0941667556762695,2.0458333492279053,2.060833215713501,2.058333396911621,3183200.0,1.5747344493865967
2003-02-26,2.073333263397217,2.0450000762939453,2.0458333492279053,2.047499895095825,1469600.0,1.566446304321289
2003-02-27,2.066666603088379,2.003333330154419,2.047499895095825,2.010833263397217,1604000.0,1.538394570350647
2003-02-28,2.051666736602783,2.005833387374878,2.0274999141693115,2.005833387374878,752000.0,1.534569263458252
2003-03-03,2.0333333015441895,2.001666784286499,2.0266666412353516,2.0333333015441895,929600.0,1.5556082725524902
2003-03-04,2.056666612625122,2.0166666507720947,2.0166666507720947,2.0458333492279053,847200.0,1.5651715993881226
2003-03-05,2.057499885559082,2.015000104904175,2.054166555404663,2.0366666316986084,1108800.0,1.558158278465271
2003-03-06,2.070833444595337,2.0199999809265137,2.0199999809265137,2.066666603088379,1971200.0,1.5811101198196411
2003-03-07,2.064166784286499,2.012500047683716,2.0458333492279053,2.0291666984558105,1937600.0,1.5524204969406128
2003-03-10,2.0783333778381348,2.0241665840148926,2.0250000953674316,2.0625,2078400.0,1.5779218673706055
2003-03-11,2.070833444595337,2.049999952316284,2.058333396911621,2.059166669845581,2198400.0,1.5753719806671143
2003-03-12,2.054166555404663,2.00083327293396,2.054166555404663,2.0208332538604736,1745600.0,1.5460455417633057
2003-03-13,2.0399999618530273,2.0,2.0291666984558105,2.0166666507720947,1672800.0,1.5428577661514282
2003-03-14,2.0216667652130127,1.9700000286102295,2.0208332538604736,1.9891666173934937,1042400.0,1.5218185186386108
2003-03-17,2.008333444595337,1.9566667079925537,1.9833333492279053,1.9800000190734863,1140800.0,1.5148050785064697
2003-03-18,1.9891666173934937,1.9008333683013916,1.9800000190734863,1.9891666173934937,1716800.0,1.5218185186386108
2003-03-19,2.005000114440918,1.9824999570846558,1.9991666078567505,2.0,1296800.0,1.5301063060760498
2003-03-20,2.0225000381469727,1.9708333015441895,2.0,2.0216667652130127,1138400.0,1.5466827154159546
2003-03-21,2.0250000953674316,1.9633333683013916,2.0250000953674316,1.9833333492279053,2508000.0,1.517354965209961
2003-03-24,2.0,1.9574999809265137,2.0,1.9583333730697632,895200.0,1.498229742050171
2003-03-25,2.0,1.965833306312561,1.965833306312561,1.9874999523162842,3057600.0,1.5205433368682861
2003-03-26,1.9908332824707031,1.9533333778381348,1.9791666269302368,1.9550000429153442,725600.0,1.495679259300232
2003-03-27,2.009999990463257,1.9500000476837158,1.9508333206176758,2.0,672000.0,1.5301063060760498
2003-03-28,2.0350000858306885,1.9916666746139526,1.9916666746139526,2.0350000858306885,1808000.0,1.5568833351135254
2003-03-31,2.0299999713897705,2.0,2.0166666507720947,2.0,1076000.0,1.5301063060760498
2003-04-01,2.0208332538604736,1.9916666746139526,2.012500047683716,2.0166666507720947,1493600.0,1.5428577661514282
2003-04-02,2.0308332443237305,1.9983333349227905,2.0174999237060547,2.0225000381469727,1108800.0,1.5473198890686035
2003-04-03,2.0325000286102295,1.9708333015441895,2.0250000953674316,1.9816666841506958,981600.0,1.516080379486084
2003-04-04,2.009166717529297,1.9700000286102295,1.9841666221618652,2.008333444595337,748800.0,1.5364817380905151
2003-04-07,2.049999952316284,1.9924999475479126,2.049999952316284,1.9924999475479126,1575200.0,1.5243685245513916
2003-04-08,2.015000104904175,1.9758332967758179,1.9841666221618652,1.994166612625122,883200.0,1.5256435871124268
2003-04-09,2.0358333587646484,1.9916666746139526,1.9916666746139526,2.005000114440918,873600.0,1.533931851387024
2003-04-10,2.0374999046325684,2.009999990463257,2.0191667079925537,2.0233333110809326,1471200.0,1.547957181930542
2003-04-11,2.0299999713897705,2.001666784286499,2.0291666984558105,2.0258333683013916,1020000.0,1.5498707294464111
2003-04-14,2.0833332538604736,2.0374999046325684,2.0416667461395264,2.0833332538604736,3094400.0,1.5938608646392822
2003-04-15,2.075000047683716,2.051666736602783,2.075000047683716,2.06166672706604,1373600.0,1.577284812927246
2003-04-16,2.075000047683716,2.0325000286102295,2.075000047683716,2.0333333015441895,2277600.0,1.5556082725524902
2003-04-17,2.072499990463257,2.0416667461395264,2.0458333492279053,2.06166672706604,1248000.0,1.577284812927246
2003-04-21,2.0799999237060547,2.055833339691162,2.075833320617676,2.0783333778381348,1934400.0,1.5900355577468872
2003-04-22,2.125,2.068333387374878,2.068333387374878,2.116666555404663,856800.0,1.6193625926971436
2003-04-23,2.130833387374878,2.1008334159851074,2.117500066757202,2.12583327293396,1152000.0,1.6263753175735474
2003-04-24,2.129166603088379,2.1075000762939453,2.125,2.1075000762939453,760800.0,1.6123496294021606
2003-04-25,2.118333339691162,2.0975000858306885,2.116666555404663,2.0999999046325684,711200.0,1.6066114902496338
2003-04-28,2.112499952316284,2.055833339691162,2.1083333492279053,2.059166669845581,1351200.0,1.5753719806671143
2003-04-29,2.073333263397217,2.049166679382324,2.059999942779541,2.049166679382324,765600.0,1.5677214860916138
2003-04-30,2.053333282470703,2.0208332538604736,2.049166679382324,2.0416667461395264,784800.0,1.5619838237762451
2003-05-01,2.0983333587646484,2.0374999046325684,2.0374999046325684,2.0891666412353516,1490400.0,1.5983234643936157
2003-05-02,2.114166736602783,2.074166774749756,2.0999999046325684,2.075000047683716,1144800.0,1.5874850749969482
2003-05-05,2.1066665649414062,2.0791666507720947,2.0833332538604736,2.0875000953674316,1426400.0,1.5970484018325806
2003-05-06,2.1041667461395264,2.073333263397217,2.0916666984558105,2.0833332538604736,900800.0,1.5938608646392822
2003-05-07,2.0950000286102295,2.070833444595337,2.0799999237060547,2.0791666507720947,2188800.0,1.6218513250350952
2003-05-08,2.0916666984558105,2.074166774749756,2.0791666507720947,2.0850000381469727,656000.0,1.6264019012451172
2003-05-09,2.109999895095825,2.0833332538604736,2.0875000953674316,2.1066665649414062,1389600.0,1.6433030366897583
2003-05-12,2.119999885559082,2.0983333587646484,2.112499952316284,2.0991666316986084,2121600.0,1.637452483177185
2003-05-13,2.0991666316986084,2.0816667079925537,2.0991666316986084,2.0833332538604736,1862400.0,1.625101923942566
2003-05-14,2.0950000286102295,2.066666603088379,2.0833332538604736,2.0866665840148926,2184000.0,1.627702236175537
2003-05-15,2.1041667461395264,2.0833332538604736,2.0916666984558105,2.0933332443237305,2355200.0,1.6329020261764526
2003-05-16,2.0958333015441895,2.066666603088379,2.0833332538604736,2.066666603088379,1594400.0,1.6121010780334473
2003-05-19,2.1024999618530273,2.0625,2.072499990463257,2.0625,1073600.0,1.608850359916687
2003-05-20,2.075833320617676,2.0333333015441895,2.066666603088379,2.051666736602783,1718400.0,1.6004002094268799
2003-05-21,2.12416672706604,2.06333327293396,2.0875000953674316,2.1083333492279053,1901600.0,1.6446033716201782
2003-05-22,2.135833263397217,2.1050000190734863,2.116666555404663,2.134999990463257,965600.0,1.6654044389724731
2003-05-23,2.184999942779541,2.12583327293396,2.130833387374878,2.1624999046325684,764000.0,1.6868557929992676
2003-05-27,2.2058334350585938,2.1500000953674316,2.1500000953674316,2.191666603088379,1114400.0,1.7096071243286133
2003-05-28,2.202500104904175,2.1683332920074463,2.200000047683716,2.174166679382324,1827200.0,1.6959562301635742
2003-05-29,2.197499990463257,2.1675000190734863,2.179166555404663,2.197499990463257,2972000.0,1.7141574621200562
2003-05-30,2.257499933242798,2.2041666507720947,2.2058334350585938,2.257499933242798,1380800.0,1.7609602212905884
2003-06-02,2.325000047683716,2.262500047683716,2.2666666507720947,2.2950000762939453,3038400.0,1.7902123928070068
2003-06-03,2.31333327293396,2.2666666507720947,2.2791666984558105,2.306666612625122,1488800.0,1.799311637878418
2003-06-04,2.3366665840148926,2.302500009536743,2.316666603088379,2.3333332538604736,3003200.0,1.8201136589050293
2003-06-05,2.37416672706604,2.3291666507720947,2.3333332538604736,2.368333339691162,5145600.0,1.847415804862976
2003-06-06,2.4183332920074463,2.372499942779541,2.375,2.4016666412353516,5849600.0,1.8734171390533447
2003-06-09,2.4058332443237305,2.375,2.4008333683013916,2.378333330154419,4292000.0,1.8552154302597046
2003-06-10,2.450833320617676,2.379166603088379,2.379166603088379,2.450833320617676,3012800.0,1.9117697477340698
2003-06-11,2.5208332538604736,2.4808332920074463,2.5208332538604736,2.509999990463257,2940000.0,1.9579218626022339
2003-06-12,2.5266666412353516,2.448333263397217,2.508333444595337,2.4549999237060547,2707200.0,1.9150201082229614
2003-06-13,2.4566667079925537,2.4091665744781494,2.4549999237060547,2.4200000762939453,1536000.0,1.887718677520752
2003-06-16,2.433333396911621,2.385833263397217,2.428333282470703,2.388333320617676,2038400.0,1.8630167245864868
2003-06-17,2.4000000953674316,2.3499999046325684,2.3924999237060547,2.362499952316284,1730400.0,1.8428651094436646
2003-06-18,2.362499952316284,2.3291666507720947,2.3583333492279053,2.3358333110809326,1790400.0,1.8220645189285278
2003-06-19,2.368333339691162,2.316666603088379,2.3366665840148926,2.3583333492279053,3112800.0,1.8396146297454834
2003-06-20,2.366666555404663,2.305833339691162,2.362499952316284,2.308333396911621,1413600.0,1.8006130456924438
2003-06-23,2.3416666984558105,2.2858333587646484,2.315000057220459,2.3291666507720947,2856000.0,1.8168630599975586
2003-06-24,2.3299999237060547,2.31166672706604,2.3291666507720947,2.322499990463257,4556000.0,1.811663269996643
2003-06-25,2.3541667461395264,2.315000057220459,2.323333263397217,2.316666603088379,2846400.0,1.807112693786621
2003-06-26,2.3358333110809326,2.300833225250244,2.319166660308838,2.3125,2247200.0,1.8038626909255981
2003-06-27,2.362499952316284,2.31333327293396,2.31333327293396,2.325000047683716,1334400.0,1.813613772392273
2003-06-30,2.3333332538604736,2.2808332443237305,2.325000047683716,2.300833225250244,2774400.0,1.7947627305984497
2003-07-01,2.3125,2.2083332538604736,2.3125,2.309166669845581,3077600.0,1.801262378692627
2003-07-02,2.3316667079925537,2.2750000953674316,2.31333327293396,2.3125,2517600.0,1.8038626909255981
2003-07-03,2.3125,2.2916667461395264,2.308333396911621,2.305833339691162,1133600.0,1.7986623048782349
2003-07-07,2.3125,2.258333444595337,2.3125,2.2783334255218506,1964000.0,1.7772114276885986
2003-07-08,2.2783334255218506,2.2341666221618652,2.2783334255218506,2.259166717529297,1701600.0,1.7622601985931396
2003-07-09,2.305000066757202,2.254166603088379,2.2708332538604736,2.303333282470703,2380800.0,1.796712875366211
2003-07-10,2.309999942779541,2.259166717529297,2.303333282470703,2.263333320617676,1584800.0,1.7655110359191895
2003-07-11,2.263333320617676,2.237499952316284,2.263333320617676,2.257499933242798,1323200.0,1.7609602212905884
2003-07-14,2.2674999237060547,2.2333333492279053,2.262500047683716,2.245833396911621,1728800.0,1.7518601417541504
2003-07-15,2.261666774749756,2.2166666984558105,2.258333444595337,2.2166666984558105,1291200.0,1.7291083335876465
2003-07-16,2.2166666984558105,2.1708333492279053,2.2166666984558105,2.179166555404663,1281600.0,1.6998562812805176
2003-07-17,2.180000066757202,2.1458332538604736,2.178333282470703,2.179166555404663,2254400.0,1.6998562812805176
2003-07-18,2.241666555404663,2.174999952316284,2.179166555404663,2.2241666316986084,2714400.0,1.7349579334259033
2003-07-21,2.248333215713501,2.180833339691162,2.2300000190734863,2.183333396911621,1448000.0,1.7031068801879883
2003-07-22,2.2216665744781494,2.183333396911621,2.183333396911621,2.195833444595337,1894400.0,1.7128567695617676
2003-07-23,2.2125000953674316,2.1458332538604736,2.2083332538604736,2.1558332443237305,1567200.0,1.681654930114746
2003-07-24,2.2325000762939453,2.1458332538604736,2.1600000858306885,2.1500000953674316,1546400.0,1.6771045923233032
2003-07-25,2.184166669845581,2.120833396911621,2.1583333015441895,2.1675000190734863,1034400.0,1.6907551288604736
2003-07-28,2.194166660308838,2.1666667461395264,2.1675000190734863,2.174999952316284,2628800.0,1.6966063976287842
2003-07-29,2.200000047683716,2.120833396911621,2.183333396911621,2.12416672706604,1744800.0,1.6569536924362183
2003-07-30,2.125,2.0791666507720947,2.125,2.0824999809265137,3434400.0,1.6244522333145142
2003-07-31,2.1024999618530273,2.067500114440918,2.0916666984558105,2.0875000953674316,2680800.0,1.6283518075942993
2003-08-01,2.0833332538604736,2.0458333492279053,2.0791666507720947,2.0625,2427200.0,1.608850359916687
2003-08-04,2.072499990463257,2.006666660308838,2.072499990463257,2.0258333683013916,2136000.0,1.5802494287490845
2003-08-05,2.049999952316284,2.0174999237060547,2.0333333015441895,2.0266666412353516,2035200.0,1.5808987617492676
2003-08-06,2.1008334159851074,2.0233333110809326,2.0233333110809326,2.0841667652130127,6257600.0,1.6585267782211304
2003-08-07,2.113333225250244,2.0433332920074463,2.0833332538604736,2.0891666412353516,1872000.0,1.6625056266784668
2003-08-08,2.0958333015441895,2.065833330154419,2.0958333015441895,2.066666603088379,1051200.0,1.6446008682250977
2003-08-11,2.140000104904175,2.075000047683716,2.075000047683716,2.135833263397217,1260000.0,1.6996417045593262
2003-08-12,2.184999942779541,2.1416666507720947,2.1416666507720947,2.184999942779541,2093600.0,1.7387677431106567
2003-08-13,2.2083332538604736,2.191666603088379,2.198333263397217,2.2058334350585938,1527200.0,1.7553467750549316
2003-08-14,2.2166666984558105,2.180000066757202,2.2108333110809326,2.200000047683716,1608800.0,1.7507045269012451
2003-08-15,2.241666555404663,2.200000047683716,2.2041666507720947,2.2174999713897705,1399200.0,1.7646299600601196
2003-08-18,2.234999895095825,2.2166666984558105,2.2291667461395264,2.2291667461395264,2372000.0,1.7739142179489136
2003-08-19,2.240833282470703,2.2033333778381348,2.2249999046325684,2.240833282470703,2215200.0,1.7831977605819702
2003-08-20,2.25,2.198333263397217,2.244999885559082,2.25,2198400.0,1.790493369102478
2003-08-21,2.2966666221618652,2.251666784286499,2.256666660308838,2.2891666889190674,2472000.0,1.8216606378555298
2003-08-22,2.2958333492279053,2.247499942779541,2.2958333492279053,2.25,1687200.0,1.790493369102478
2003-08-25,2.258333444595337,2.2149999141693115,2.258333444595337,2.2249999046325684,2493600.0,1.7705975770950317
2003-08-26,2.2325000762939453,2.18833327293396,2.2249999046325684,2.2233333587646484,1937600.0,1.7692718505859375
2003-08-27,2.24916672706604,2.2208333015441895,2.2291667461395264,2.238333225250244,1244000.0,1.7812081575393677
2003-08-28,2.248333215713501,2.2058334350585938,2.237499952316284,2.241666555404663,1812000.0,1.783861517906189
2003-08-29,2.24916672706604,2.2358334064483643,2.242500066757202,2.245833396911621,854400.0,1.787177324295044
2003-09-02,2.2708332538604736,2.2316665649414062,2.245833396911621,2.262500047683716,944000.0,1.800439476966858
2003-09-03,2.25,2.2158334255218506,2.25,2.2200000286102295,1579200.0,1.7666194438934326
2003-09-04,2.239166736602783,2.2149999141693115,2.2241666316986084,2.2291667461395264,1839200.0,1.7739142179489136
2003-09-05,2.245833396911621,2.202500104904175,2.2333333492279053,2.2258334159851074,1454400.0,1.7712624073028564
2003-09-08,2.2874999046325684,2.2249999046325684,2.2249999046325684,2.2708332538604736,1056000.0,1.8070709705352783
2003-09-09,2.2666666507720947,2.1875,2.2666666507720947,2.18833327293396,1546400.0,1.741420030593872
2003-09-10,2.202500104904175,2.1583333015441895,2.18833327293396,2.184166669845581,1298400.0,1.7381044626235962
2003-09-11,2.196666717529297,2.1516666412353516,2.18833327293396,2.1691665649414062,748800.0,1.7261680364608765
2003-09-12,2.1633334159851074,2.125,2.1608333587646484,2.1549999713897705,1243200.0,1.7148935794830322
2003-09-15,2.180833339691162,2.1391665935516357,2.1633334159851074,2.140000104904175,1104000.0,1.7029584646224976
2003-09-16,2.176666736602783,2.129166603088379,2.1416666507720947,2.1708333492279053,4269600.0,1.727494478225708
2003-09-17,2.174999952316284,2.1466667652130127,2.1708333492279053,2.1549999713897705,1759200.0,1.7148935794830322
2003-09-18,2.1666667461395264,2.1475000381469727,2.1666667461395264,2.1516666412353516,1845600.0,1.7122410535812378
2003-09-19,2.192500114440918,2.1541666984558105,2.1583333015441895,2.1649999618530273,1596000.0,1.7228516340255737
2003-09-22,2.1666667461395264,2.133333444595337,2.1666667461395264,2.1500000953674316,1666400.0,1.7109147310256958
2003-09-23,2.191666603088379,2.1524999141693115,2.1583333015441895,2.180000066757202,2551200.0,1.7347891330718994
2003-09-24,2.2341666221618652,2.198333263397217,2.198333263397217,2.2083332538604736,1246400.0,1.7573353052139282
2003-09-25,2.2225000858306885,2.1541666984558105,2.2125000953674316,2.1541666984558105,1896000.0,1.7142308950424194
2003-09-26,2.1691665649414062,2.0999999046325684,2.1583333015441895,2.1624999046325684,3295200.0,1.720862865447998
2003-09-29,2.200833320617676,2.1500000953674316,2.1666667461395264,2.1641666889190674,1449600.0,1.7221883535385132
2003-09-30,2.2033333778381348,2.1500000953674316,2.1666667461395264,2.1666667461395264,3021600.0,1.7241780757904053
2003-10-01,2.2183332443237305,2.1666667461395264,2.1666667461395264,2.2158334255218506,1287200.0,1.7633038759231567
2003-10-02,2.252500057220459,2.2074999809265137,2.2158334255218506,2.234999895095825,2251200.0,1.7785557508468628
2003-10-03,2.2791666984558105,2.237499952316284,2.25,2.2791666984558105,1020800.0,1.8137027025222778
2003-10-06,2.2941665649414062,2.255000114440918,2.2833333015441895,2.2899999618530273,1124000.0,1.8223230838775635
2003-10-07,2.306666612625122,2.259999990463257,2.2899999618530273,2.2958333492279053,1092000.0,1.82696533203125
2003-10-08,2.325000047683716,2.2658333778381348,2.299999952316284,2.2683334350585938,1910400.0,1.8050823211669922
2003-10-09,2.2866666316986084,2.24916672706604,2.2766666412353516,2.258333444595337,2417600.0,1.797123908996582
2003-10-10,2.2750000953674316,2.255833387374878,2.262500047683716,2.262500047683716,2520800.0,1.800439476966858
2003-10-13,2.2666666507720947,2.256666660308838,2.265000104904175,2.2666666507720947,1605600.0,1.8037554025650024
2003-10-14,2.2666666507720947,2.238333225250244,2.2666666507720947,2.2666666507720947,2443200.0,1.8037554025650024
2003-10-15,2.2708332538604736,2.2308332920074463,2.2708332538604736,2.255000114440918,1509600.0,1.7944716215133667
2003-10-16,2.2666666507720947,2.244166612625122,2.25,2.255000114440918,1034400.0,1.7944716215133667
2003-10-17,2.265000104904175,2.2341666221618652,2.265000104904175,2.241666555404663,979200.0,1.783861517906189
2003-10-20,2.25,2.2266666889190674,2.237499952316284,2.240000009536743,1538400.0,1.7825348377227783
2003-10-21,2.248333215713501,2.2333333492279053,2.241666555404663,2.239166736602783,2306400.0,1.7818721532821655
2003-10-22,2.246666669845581,2.2216665744781494,2.241666555404663,2.2258334159851074,1496000.0,1.7712624073028564
2003-10-23,2.2258334159851074,2.190000057220459,2.2258334159851074,2.2033333778381348,1368000.0,1.753356695175171
2003-10-24,2.196666717529297,2.1666667461395264,2.195833444595337,2.176666736602783,940800.0,1.7321363687515259
2003-10-27,2.198333263397217,2.1708333492279053,2.183333396911621,2.1733334064483643,668000.0,1.7294832468032837
2003-10-28,2.174999952316284,2.137500047683716,2.174999952316284,2.1666667461395264,1387200.0,1.7241780757904053
2003-10-29,2.2049999237060547,2.1708333492279053,2.1708333492279053,2.18833327293396,1123200.0,1.741420030593872
2003-10-30,2.2174999713897705,2.1041667461395264,2.185833215713501,2.112499952316284,2379200.0,1.6810741424560547
2003-10-31,2.1416666507720947,2.0999999046325684,2.0999999046325684,2.129166603088379,3180800.0,1.6943362951278687
2003-11-03,2.190000057220459,2.137500047683716,2.137500047683716,2.189166784286499,2462400.0,1.7420830726623535
2003-11-04,2.196666717529297,2.178333282470703,2.179166555404663,2.179166555404663,1443200.0,1.7341252565383911
2003-11-05,2.195833444595337,2.1549999713897705,2.195833444595337,2.179166555404663,1006400.0,1.7665927410125732
2003-11-06,2.2074999809265137,2.1549999713897705,2.1624999046325684,2.200000047683716,1359200.0,1.7834824323654175
2003-11-07,2.2258334159851074,2.193333387374878,2.200000047683716,2.2083332538604736,951200.0,1.7902374267578125
2003-11-10,2.25,2.2158334255218506,2.2208333015441895,2.238333225250244,1512000.0,1.8145571947097778
2003-11-11,2.25,2.1541666984558105,2.25,2.1608333587646484,1880000.0,1.7517303228378296
2003-11-12,2.2108333110809326,2.1666667461395264,2.181666612625122,2.2108333110809326,1013600.0,1.7922643423080444
2003-11-13,2.2241666316986084,2.190000057220459,2.195833444595337,2.2166666984558105,700800.0,1.7969931364059448
2003-11-14,2.244999885559082,2.2091667652130127,2.2249999046325684,2.2233333587646484,1203200.0,1.80239737033844
2003-11-17,2.2274999618530273,2.189166784286499,2.2083332538604736,2.2166666984558105,1260800.0,1.7969931364059448
2003-11-18,2.2183332443237305,2.196666717529297,2.2166666984558105,2.2083332538604736,1540800.0,1.7902374267578125
2003-11-19,2.2041666507720947,2.182499885559082,2.200000047683716,2.1875,2952800.0,1.7733486890792847
2003-11-20,2.189166784286499,2.1491665840148926,2.179166555404663,2.1624999046325684,1605600.0,1.753082036972046
2003-11-21,2.202500104904175,2.174999952316284,2.179166555404663,2.182499885559082,1719200.0,1.7692949771881104
2003-11-24,2.194999933242798,2.1500000953674316,2.183333396911621,2.1875,3149600.0,1.7733486890792847
2003-11-25,2.2091667652130127,2.18666672706604,2.191666603088379,2.199166774749756,2201600.0,1.782806158065796
2003-11-26,2.2166666984558105,2.198333263397217,2.2083332538604736,2.2041666507720947,1128000.0,1.7868595123291016
2003-11-28,2.2149999141693115,2.196666717529297,2.2058334350585938,2.2133333683013916,1156800.0,1.7942909002304077
2003-12-01,2.259999990463257,2.2249999046325684,2.2249999046325684,2.254166603088379,1613600.0,1.8273931741714478
2003-12-02,2.2874999046325684,2.254166603088379,2.254166603088379,2.2750000953674316,2210400.0,1.8442825078964233
2003-12-03,2.316666603088379,2.2658333778381348,2.3125,2.2825000286102295,1941600.0,1.8503628969192505
2003-12-04,2.377500057220459,2.2791666984558105,2.2916667461395264,2.373333215713501,4276800.0,1.9239983558654785
2003-12-05,2.3958332538604736,2.362499952316284,2.3958332538604736,2.366666555404663,1832000.0,1.9185938835144043
2003-12-08,2.4183332920074463,2.362499952316284,2.362499952316284,2.4175000190734863,2822400.0,1.9598028659820557
2003-12-09,2.445833444595337,2.3975000381469727,2.424999952316284,2.4041666984558105,1844000.0,1.9489946365356445
2003-12-10,2.424999952316284,2.387500047683716,2.3958332538604736,2.4216666221618652,1764000.0,1.9631816148757935
2003-12-11,2.450000047683716,2.4000000953674316,2.4208333492279053,2.447499990463257,2235200.0,1.9841234683990479
2003-12-12,2.4649999141693115,2.445833444595337,2.447499990463257,2.450000047683716,1504800.0,1.9861506223678589
2003-12-15,2.4791667461395264,2.4166667461395264,2.4708333015441895,2.4166667461395264,1311200.0,1.9591279029846191
2003-12-16,2.4583332538604736,2.4083333015441895,2.4166667461395264,2.4583332538604736,2282400.0,1.9929057359695435
2003-12-17,2.495833396911621,2.4583332538604736,2.4783332347869873,2.4691667556762695,2369600.0,2.0016887187957764
2003-12-18,2.512500047683716,2.4683332443237305,2.4749999046325684,2.507499933242798,2705600.0,2.032764196395874
2003-12-19,2.508333444595337,2.4749999046325684,2.507499933242798,2.487499952316284,2220800.0,2.0165510177612305
2003-12-22,2.490833282470703,2.433333396911621,2.4791667461395264,2.4733333587646484,2781600.0,2.005066394805908
2003-12-23,2.504166603088379,2.450000047683716,2.4833333492279053,2.4708333015441895,2107200.0,2.0030393600463867
2003-12-24,2.508333444595337,2.4749999046325684,2.4749999046325684,2.497499942779541,2902400.0,2.0246570110321045
2003-12-26,2.5,2.489166736602783,2.5,2.494999885559082,777600.0,2.022629976272583
2003-12-29,2.5274999141693115,2.496666669845581,2.5,2.5216667652130127,2732000.0,2.044248342514038
2003-12-30,2.5250000953674316,2.501666784286499,2.5250000953674316,2.510833263397217,2667200.0,2.035466432571411
2003-12-31,2.5416667461395264,2.441666603088379,2.5291666984558105,2.445833444595337,3507200.0,1.9827725887298584
2004-01-02,2.4666666984558105,2.4133334159851074,2.445833444595337,2.449166774749756,3905600.0,1.985474944114685
2004-01-05,2.5250000953674316,2.4583332538604736,2.4583332538604736,2.5,2496800.0,2.026683807373047
2004-01-06,2.554166555404663,2.495833396911621,2.5,2.495833396911621,2493600.0,2.023305892944336
2004-01-07,2.5374999046325684,2.491666555404663,2.491666555404663,2.495833396911621,3622400.0,2.023305892944336
2004-01-08,2.5199999809265137,2.491666555404663,2.495833396911621,2.49916672706604,2244800.0,2.026008129119873
2004-01-09,2.629166603088379,2.558333396911621,2.5833332538604736,2.6041667461395264,6939200.0,2.11112904548645
2004-01-12,2.62583327293396,2.5916666984558105,2.5916666984558105,2.623333215713501,1759200.0,2.126667022705078
2004-01-13,2.6666667461395264,2.611666679382324,2.633333444595337,2.630000114440918,2261600.0,2.1320717334747314
2004-01-14,2.6658332347869873,2.620833396911621,2.628333330154419,2.6441667079925537,1526400.0,2.1435563564300537
2004-01-15,2.6583333015441895,2.575000047683716,2.6416666507720947,2.5833332538604736,3247200.0,2.094241142272949
2004-01-16,2.5833332538604736,2.555000066757202,2.5833332538604736,2.5808334350585938,1272000.0,2.0922141075134277
2004-01-20,2.612499952316284,2.5791666507720947,2.5808334350585938,2.6083333492279053,3788000.0,2.114506959915161
2004-01-21,2.6466667652130127,2.6016666889190674,2.6041667461395264,2.6466667652130127,1507200.0,2.1455843448638916
2004-01-22,2.6658332347869873,2.625,2.6608333587646484,2.6608333587646484,4179200.0,2.1570680141448975
2004-01-23,2.7333333492279053,2.6441667079925537,2.6541666984558105,2.7333333492279053,2767200.0,2.2158405780792236
2004-01-26,2.741666555404663,2.674999952316284,2.7125000953674316,2.741666555404663,2816000.0,2.2225968837738037
2004-01-27,2.7266666889190674,2.6733334064483643,2.7208333015441895,2.6733334064483643,4716000.0,2.167201280593872
2004-01-28,2.695833444595337,2.622499942779541,2.691666603088379,2.633333444595337,1483200.0,2.1347739696502686
2004-01-29,2.6433334350585938,2.565000057220459,2.6416666507720947,2.5783333778381348,2552000.0,2.090186834335327
2004-01-30,2.570833444595337,2.5333333015441895,2.566666603088379,2.5416667461395264,1611200.0,2.0604617595672607
2004-02-02,2.556666612625122,2.505000114440918,2.5450000762939453,2.5416667461395264,2107200.0,2.0604617595672607
2004-02-03,2.5408332347869873,2.512500047683716,2.5291666984558105,2.5208332538604736,1668000.0,2.043571949005127
2004-02-04,2.5250000953674316,2.487499952316284,2.5174999237060547,2.487499952316284,3596000.0,2.0491061210632324
2004-02-05,2.49916672706604,2.445833444595337,2.495833396911621,2.4516665935516357,2081600.0,2.019587278366089
2004-02-06,2.5158333778381348,2.434999942779541,2.434999942779541,2.506666660308838,2563200.0,2.064894676208496
2004-02-09,2.554166555404663,2.504166603088379,2.506666660308838,2.547499895095825,1347200.0,2.0985310077667236
2004-02-10,2.629166603088379,2.547499895095825,2.547499895095825,2.628333330154419,2456000.0,2.1651194095611572
2004-02-11,2.6508333683013916,2.6033332347869873,2.619999885559082,2.6458332538604736,1565600.0,2.179534435272217
2004-02-12,2.679166555404663,2.625,2.625,2.6708333492279053,1804800.0,2.2001285552978516
2004-02-13,2.6708333492279053,2.6533334255218506,2.6666667461395264,2.6666667461395264,2395200.0,2.1966969966888428
2004-02-17,2.7083332538604736,2.6641666889190674,2.6666667461395264,2.685833215713501,1745600.0,2.212484836578369
2004-02-18,2.684166669845581,2.634166717529297,2.683333396911621,2.637500047683716,4889600.0,2.1726696491241455
2004-02-19,2.554166555404663,2.4833333492279053,2.5416667461395264,2.494999885559082,9117600.0,2.055284261703491
2004-02-20,2.508333444595337,2.445833444595337,2.504166603088379,2.489166736602783,2493600.0,2.050478219985962
2004-02-23,2.502500057220459,2.4666666984558105,2.4833333492279053,2.4791667461395264,2866400.0,2.0422415733337402
2004-02-24,2.487499952316284,2.43833327293396,2.4583332538604736,2.445833444595337,3866400.0,2.0147831439971924
2004-02-25,2.5258333683013916,2.441666603088379,2.4625000953674316,2.5208332538604736,2080800.0,2.0765645503997803
2004-02-26,2.5291666984558105,2.493333339691162,2.5,2.5166666507720947,5155200.0,2.073132038116455
2004-02-27,2.5458333492279053,2.511666774749756,2.5250000953674316,2.5308332443237305,2407200.0,2.084801435470581
2004-03-01,2.554166555404663,2.5166666507720947,2.5316667556762695,2.554166555404663,4545600.0,2.1040236949920654
2004-03-02,2.6075000762939453,2.549999952316284,2.554166555404663,2.5841667652130127,5731200.0,2.1287362575531006
2004-03-03,2.5891666412353516,2.554166555404663,2.566666603088379,2.569166660308838,2818400.0,2.116379976272583
2004-03-04,2.5833332538604736,2.5333333015441895,2.566666603088379,2.5833332538604736,2810400.0,2.128049850463867
2004-03-05,2.628333330154419,2.566666603088379,2.566666603088379,2.626666784286499,2074400.0,2.163745641708374
2004-03-08,2.6458332538604736,2.5416667461395264,2.633333444595337,2.5416667461395264,5383200.0,2.09372615814209
2004-03-09,2.5816667079925537,2.5216667652130127,2.5333333015441895,2.556666612625122,2755200.0,2.1060826778411865
2004-03-10,2.566666603088379,2.492500066757202,2.554166555404663,2.508333444595337,1920000.0,2.0662686824798584
2004-03-11,2.501666784286499,2.4641666412353516,2.487499952316284,2.4791667461395264,1834400.0,2.0422415733337402
2004-03-12,2.5441665649414062,2.4749999046325684,2.4749999046325684,2.5374999046325684,3400800.0,2.0902931690216064
2004-03-15,2.5808334350585938,2.513333320617676,2.5416667461395264,2.5250000953674316,2393600.0,2.0799965858459473
2004-03-16,2.5358333587646484,2.50083327293396,2.5241665840148926,2.5358333587646484,2628800.0,2.088921070098877
2004-03-17,2.558333396911621,2.5166666507720947,2.5291666984558105,2.549999952316284,2455200.0,2.100590944290161
2004-03-18,2.5875000953674316,2.513333320617676,2.5416667461395264,2.575000047683716,1844000.0,2.121185064315796
2004-03-19,2.575833320617676,2.5425000190734863,2.575833320617676,2.554166555404663,2534400.0,2.1040236949920654
2004-03-22,2.5408332347869873,2.508333444595337,2.5333333015441895,2.508333444595337,2047200.0,2.0662686824798584
2004-03-23,2.5374999046325684,2.5,2.512500047683716,2.502500057220459,3393600.0,2.061462879180908
2004-03-24,2.502500057220459,2.3933334350585938,2.502500057220459,2.3966667652130127,4068000.0,1.9742810726165771
2004-03-25,2.4208333492279053,2.3958332538604736,2.4083333015441895,2.4124999046325684,2072000.0,1.9873239994049072
2004-03-26,2.429166555404663,2.4083333015441895,2.4124999046325684,2.4108333587646484,2697600.0,1.9859510660171509
2004-03-29,2.493333339691162,2.4108333587646484,2.4116666316986084,2.493333339691162,2659200.0,2.0539114475250244
2004-03-30,2.556666612625122,2.4808332920074463,2.4833333492279053,2.509999990463257,3249600.0,2.067640781402588
2004-03-31,2.559999942779541,2.515000104904175,2.5250000953674316,2.5466666221618652,3120800.0,2.0978446006774902
2004-04-01,2.5841667652130127,2.502500057220459,2.554166555404663,2.510833263397217,4713600.0,2.0683281421661377
2004-04-02,2.565833330154419,2.5166666507720947,2.5250000953674316,2.565000057220459,3009600.0,2.112947463989258
2004-04-05,2.5850000381469727,2.5408332347869873,2.5458333492279053,2.5833332538604736,3112800.0,2.128049850463867
2004-04-06,2.5908334255218506,2.549999952316284,2.5833332538604736,2.570833444595337,3785600.0,2.1177523136138916
2004-04-07,2.612499952316284,2.5425000190734863,2.575000047683716,2.612499952316284,4521600.0,2.1520755290985107
2004-04-08,2.68666672706604,2.6416666507720947,2.6500000953674316,2.6675000190734863,3526400.0,2.197382926940918
2004-04-12,2.7341666221618652,2.6708333492279053,2.6708333492279053,2.7249999046325684,3044000.0,2.2447493076324463
2004-04-13,2.7333333492279053,2.695833444595337,2.7166666984558105,2.7125000953674316,3519200.0,2.234452962875366
2004-04-14,2.7358334064483643,2.697499990463257,2.7133333683013916,2.7125000953674316,2100800.0,2.234452962875366
2004-04-15,2.877500057220459,2.737499952316284,2.737499952316284,2.8516666889190674,5732000.0,2.349092721939087
2004-04-16,2.925833225250244,2.8508334159851074,2.8516666889190674,2.9016666412353516,2890400.0,2.390279769897461
2004-04-19,2.942500114440918,2.9016666412353516,2.9016666412353516,2.930833339691162,2189600.0,2.414306402206421
2004-04-20,2.931666612625122,2.870833396911621,2.931666612625122,2.883333444595337,3501600.0,2.3751790523529053
2004-04-21,2.883333444595337,2.814166784286499,2.883333444595337,2.869999885559082,2702400.0,2.3641955852508545
2004-04-22,2.9625000953674316,2.862499952316284,2.869999885559082,2.9625000953674316,2264000.0,2.4403929710388184
2004-04-23,2.9633333683013916,2.9141666889190674,2.9583332538604736,2.93833327293396,3893600.0,2.420485019683838
2004-04-26,3.0158333778381348,2.924999952316284,2.93833327293396,3.004166603088379,2599200.0,2.4747157096862793
2004-04-27,3.0824999809265137,3.005000114440918,3.005000114440918,3.066666603088379,2889600.0,2.5262014865875244
2004-04-28,3.067500114440918,2.9825000762939453,3.067500114440918,2.9841666221618652,2239200.0,2.4582414627075195
2004-04-29,2.9841666221618652,2.8458333015441895,2.9841666221618652,2.8541667461395264,5043200.0,2.351151466369629
2004-04-30,3.0374999046325684,2.886666774749756,2.8908333778381348,2.9749999046325684,4140000.0,2.4506900310516357
2004-05-03,3.073333263397217,2.9583332538604736,2.9749999046325684,3.059166669845581,3015200.0,2.5200226306915283
2004-05-04,3.0791666507720947,3.008333444595337,3.075000047683716,3.0374999046325684,3044000.0,2.5021746158599854
2004-05-05,3.0341665744781494,2.9583332538604736,3.0341665744781494,3.0158333778381348,3521600.0,2.5175209045410156
2004-05-06,3.072499990463257,3.0,3.004166603088379,3.050833225250244,3828000.0,2.5467371940612793
2004-05-07,3.0791666507720947,2.9825000762939453,3.058333396911621,3.0191667079925537,5340800.0,2.5203027725219727
2004-05-10,2.9791667461395264,2.888333320617676,2.9791667461395264,2.8916666507720947,3537600.0,2.4138705730438232
2004-05-11,2.9625000953674316,2.9041666984558105,2.9041666984558105,2.9625000953674316,3291200.0,2.4729995727539062
2004-05-12,3.010833263397217,2.924999952316284,2.9833333492279053,3.003333330154419,3158400.0,2.5070858001708984
2004-05-13,3.0308332443237305,2.9816665649414062,3.001666784286499,2.99916672706604,3747200.0,2.503608465194702
2004-05-14,3.069999933242798,2.99916672706604,3.0,3.0208332538604736,2055200.0,2.521695137023926
2004-05-17,3.0208332538604736,2.9800000190734863,3.012500047683716,2.9800000190734863,4083200.0,2.4876084327697754
2004-05-18,3.0,2.9641666412353516,3.0,2.990000009536743,7363200.0,2.4959557056427
2004-05-19,3.0166666507720947,2.9708333015441895,2.991666555404663,2.9816665649414062,3638400.0,2.488999843597412
2004-05-20,3.0291666984558105,2.9816665649414062,2.9816665649414062,3.013333320617676,3108000.0,2.5154330730438232
2004-05-21,3.0166666507720947,2.9833333492279053,3.015000104904175,2.9858334064483643,3634400.0,2.4924776554107666
2004-05-24,3.070833444595337,2.9791667461395264,2.9791667461395264,3.057499885559082,2690400.0,2.552302360534668
2004-05-25,3.182499885559082,3.066666603088379,3.066666603088379,3.175833225250244,2957600.0,2.65108323097229
2004-05-26,3.2041666507720947,3.0975000858306885,3.175833225250244,3.109999895095825,2030400.0,2.5961272716522217
2004-05-27,3.109999895095825,3.0416667461395264,3.109999895095825,3.0416667461395264,1747200.0,2.53908634185791
2004-05-28,3.1041667461395264,3.0483334064483643,3.054166555404663,3.066666603088379,1648800.0,2.5599544048309326
2004-06-01,3.179166555404663,3.0799999237060547,3.0799999237060547,3.177500009536743,2248800.0,2.6524746417999268
2004-06-02,3.1700000762939453,3.114166736602783,3.1666667461395264,3.138333320617676,2369600.0,2.619779586791992
2004-06-03,3.183333396911621,3.116666555404663,3.138333320617676,3.126666784286499,4052000.0,2.6100409030914307
2004-06-04,3.1566667556762695,3.0916666984558105,3.125,3.1516666412353516,2931200.0,2.6309101581573486
2004-06-07,3.25,3.138333320617676,3.1583333015441895,3.245833396911621,2820000.0,2.70951771736145
2004-06-08,3.2750000953674316,3.1566667556762695,3.247499942779541,3.1675000190734863,1856000.0,2.6441261768341064
2004-06-09,3.1666667461395264,3.0875000953674316,3.1666667461395264,3.1108334064483643,2868800.0,2.5968234539031982
2004-06-10,3.184999942779541,3.1024999618530273,3.116666555404663,3.184999942779541,2767200.0,2.658735513687134
2004-06-14,3.2216665744781494,3.180833339691162,3.2125000953674316,3.180833339691162,3418400.0,2.655256748199463
2004-06-15,3.3324999809265137,3.2241666316986084,3.2249999046325684,3.325833320617676,3243200.0,2.7762980461120605
2004-06-16,3.380000114440918,3.320833444595337,3.3333332538604736,3.3566665649414062,3804800.0,2.802037000656128
2004-06-17,3.359999895095825,3.325000047683716,3.3575000762939453,3.3375000953674316,5167200.0,2.786038637161255
2004-06-18,3.365833282470703,3.3350000381469727,3.3383333683013916,3.362499952316284,3074400.0,2.806905746459961
2004-06-21,3.3933334350585938,3.3499999046325684,3.363333225250244,3.361666679382324,2254400.0,2.806210517883301
2004-06-22,3.4075000286102295,3.3408334255218506,3.3541667461395264,3.4075000286102295,1857600.0,2.844470977783203
2004-06-23,3.512500047683716,3.384999990463257,3.3958332538604736,3.512500047683716,2045600.0,2.9321227073669434
2004-06-24,3.5433332920074463,3.4591667652130127,3.513333320617676,3.4716665744781494,1922400.0,2.8980352878570557
2004-06-25,3.504166603088379,3.4583332538604736,3.4716665744781494,3.4791667461395264,4708800.0,2.9042959213256836
2004-06-28,3.487499952316284,3.4000000953674316,3.487499952316284,3.435833215713501,3279200.0,2.8681228160858154
2004-06-29,3.4800000190734863,3.443333387374878,3.445833444595337,3.4533333778381348,2815200.0,2.8827316761016846
2004-06-30,3.5291666984558105,3.4583332538604736,3.4583332538604736,3.5250000953674316,2390400.0,2.942556858062744
2004-07-01,3.560833215713501,3.512500047683716,3.5299999713897705,3.5416667461395264,1788000.0,2.9564690589904785
2004-07-02,3.565000057220459,3.490000009536743,3.5625,3.5258333683013916,2590400.0,2.943251848220825
2004-07-06,3.6041667461395264,3.5374999046325684,3.5425000190734863,3.555833339691162,4306400.0,2.968294620513916
2004-07-07,3.565000057220459,3.5258333683013916,3.558333396911621,3.554166555404663,3084000.0,2.9669041633605957
2004-07-08,3.572499990463257,3.5141665935516357,3.558333396911621,3.5250000953674316,3305600.0,2.942556858062744
2004-07-09,3.5291666984558105,3.4725000858306885,3.5274999141693115,3.4808332920074463,6814400.0,2.9056875705718994
2004-07-12,3.494999885559082,3.450833320617676,3.4791667461395264,3.4641666412353516,3566400.0,2.8917746543884277
2004-07-13,3.5250000953674316,3.440833330154419,3.4641666412353516,3.502500057220459,2023200.0,2.923774242401123
2004-07-14,3.573333263397217,3.494166612625122,3.495833396911621,3.549999952316284,2158400.0,2.9634246826171875
2004-07-15,3.5924999713897705,3.5466666221618652,3.549999952316284,3.558333396911621,2127200.0,2.9703822135925293
2004-07-16,3.570833444595337,3.5291666984558105,3.5625,3.5425000190734863,3432800.0,2.957165002822876
2004-07-19,3.633333444595337,3.5333333015441895,3.554166555404663,3.617500066757202,3765600.0,3.01977276802063
2004-07-20,3.616666555404663,3.5433332920074463,3.616666555404663,3.5625,2016000.0,2.973860502243042
2004-07-21,3.5833332538604736,3.444166660308838,3.570833444595337,3.444999933242798,2294400.0,2.8757755756378174
2004-07-22,3.4708333015441895,3.3958332538604736,3.443333387374878,3.4166667461395264,3140000.0,2.852123260498047
2004-07-23,3.4158332347869873,3.37416672706604,3.4083333015441895,3.3941667079925537,1774400.0,2.833341360092163
2004-07-26,3.434166669845581,3.380000114440918,3.4041666984558105,3.3916666507720947,3705600.0,2.831254005432129
2004-07-27,3.5208332538604736,3.3916666507720947,3.4000000953674316,3.513333320617676,2424800.0,2.932816982269287
2004-07-28,3.570833444595337,3.4708333015441895,3.5174999237060547,3.5458333492279053,2704800.0,2.959947109222412
2004-07-29,3.616666555404663,3.5174999237060547,3.558333396911621,3.616666555404663,3824000.0,3.0190770626068115
2004-07-30,3.685833215713501,3.5975000858306885,3.616666555404663,3.6641666889190674,4625600.0,3.058727741241455
2004-08-02,3.6641666889190674,3.574166774749756,3.6641666889190674,3.6475000381469727,3398400.0,3.0448150634765625
2004-08-03,3.690000057220459,3.628333330154419,3.6475000381469727,3.6416666507720947,3624000.0,3.0399458408355713
2004-08-04,3.633333444595337,3.4825000762939453,3.633333444595337,3.487499952316284,2616800.0,2.9436254501342773
2004-08-05,3.501666784286499,3.2916667461395264,3.487499952316284,3.3583333492279053,5656800.0,2.8346030712127686
2004-08-06,3.367500066757202,3.3324999809265137,3.3583333492279053,3.3383333683013916,3861600.0,2.8177218437194824
2004-08-09,3.3975000381469727,3.3350000381469727,3.3350000381469727,3.375,2908800.0,2.8486697673797607
2004-08-10,3.4158332347869873,3.3608334064483643,3.375,3.382499933242798,1658400.0,2.854999542236328
2004-08-11,3.4024999141693115,3.3499999046325684,3.375,3.387500047683716,5354400.0,2.8592207431793213
2004-08-12,3.4124999046325684,3.3266665935516357,3.379166603088379,3.327500104904175,4027200.0,2.8085780143737793
2004-08-13,3.379166603088379,3.316666603088379,3.3458333015441895,3.369166612625122,3124800.0,2.8437464237213135
2004-08-16,3.37583327293396,3.239166736602783,3.368333339691162,3.2733333110809326,7168800.0,2.7628583908081055
2004-08-17,3.2733333110809326,3.183333396911621,3.2733333110809326,3.2333333492279053,4891200.0,2.7290964126586914
2004-08-18,3.2883334159851074,3.240000009536743,3.240000009536743,3.2766666412353516,3548000.0,2.765671968460083
2004-08-19,3.306666612625122,3.262500047683716,3.2774999141693115,3.2741665840148926,2642400.0,2.763561725616455
2004-08-20,3.3450000286102295,3.2708332538604736,3.2916667461395264,3.327500104904175,3703200.0,2.8085780143737793
2004-08-23,3.325000047683716,3.238333225250244,3.316666603088379,3.244166612625122,3821600.0,2.7382397651672363
2004-08-24,3.2933332920074463,3.2208333015441895,3.25,3.2808332443237305,3593600.0,2.7691879272460938
2004-08-25,3.309999942779541,3.240000009536743,3.2791666984558105,3.254166603088379,3189600.0,2.746680974960327
2004-08-26,3.2741665840148926,3.2116665840148926,3.254166603088379,3.2674999237060547,3351200.0,2.7579336166381836
2004-08-27,3.3125,3.2666666507720947,3.2758333683013916,3.31166672706604,1255200.0,2.795213222503662
2004-08-30,3.321666717529297,3.25,3.299999952316284,3.2799999713897705,1596800.0,2.7684855461120605
2004-08-31,3.367500066757202,3.2850000858306885,3.2916667461395264,3.367500066757202,1989600.0,2.8423399925231934
2004-09-01,3.4583332538604736,3.383333444595337,3.387500047683716,3.430000066757202,2076800.0,2.895092725753784
2004-09-02,3.4700000286102295,3.4083333015441895,3.43833327293396,3.4691667556762695,1780800.0,2.9281511306762695
2004-09-03,3.496666669845581,3.452500104904175,3.4691667556762695,3.4674999713897705,2896800.0,2.9267444610595703
2004-09-07,3.493333339691162,3.450000047683716,3.4674999713897705,3.493333339691162,3368000.0,2.9485483169555664
2004-09-08,3.507499933242798,3.4708333015441895,3.498333215713501,3.4758334159851074,3160800.0,2.9337782859802246
2004-09-09,3.553333282470703,3.487499952316284,3.487499952316284,3.5408332347869873,3019200.0,2.988642692565918
2004-09-10,3.549999952316284,3.507499933242798,3.5333333015441895,3.5208332538604736,1816800.0,2.9717607498168945
2004-09-13,3.575000047683716,3.50083327293396,3.5166666507720947,3.5458333492279053,2020800.0,2.99286150932312
2004-09-14,3.5766665935516357,3.5241665840148926,3.566666603088379,3.552500009536743,1942400.0,2.998487949371338
2004-09-15,3.5958333015441895,3.5441665649414062,3.5441665649414062,3.570833444595337,2863200.0,3.013963460922241
2004-09-16,3.6091666221618652,3.565833330154419,3.5791666507720947,3.5958333015441895,1447200.0,3.035064935684204
2004-09-17,3.638333320617676,3.575000047683716,3.6083333492279053,3.629166603088379,1649600.0,3.0631988048553467
2004-09-20,3.6666667461395264,3.611666679382324,3.625,3.623333215713501,994400.0,3.058276414871216
2004-09-21,3.743333339691162,3.625,3.637500047683716,3.7133333683013916,2707200.0,3.1342403888702393
2004-09-22,3.7133333683013916,3.6500000953674316,3.7133333683013916,3.6666667461395264,1844000.0,3.094851016998291
2004-09-23,3.7241666316986084,3.629166603088379,3.6666667461395264,3.696666717529297,1335200.0,3.1201729774475098
2004-09-24,3.799999952316284,3.700000047683716,3.7049999237060547,3.755833387374878,2072000.0,3.1701133251190186
2004-09-27,3.7808332443237305,3.674999952316284,3.734999895095825,3.674999952316284,1912800.0,3.1018848419189453
2004-09-28,3.7808332443237305,3.695833444595337,3.695833444595337,3.756666660308838,3452000.0,3.170816421508789
2004-09-29,3.7916667461395264,3.700833320617676,3.752500057220459,3.7149999141693115,3032000.0,3.135648250579834
2004-09-30,3.763333320617676,3.700833320617676,3.7158334255218506,3.741666555404663,3170400.0,3.1581547260284424
2004-10-01,3.7758333683013916,3.7274999618530273,3.742500066757202,3.7691667079925537,3298400.0,3.181366443634033
2004-10-04,3.815000057220459,3.7683334350585938,3.7750000953674316,3.7958333492279053,2102400.0,3.2038753032684326
2004-10-05,3.8949999809265137,3.7916667461395264,3.7916667461395264,3.875,2177600.0,3.2706947326660156
2004-10-06,3.931666612625122,3.87583327293396,3.87583327293396,3.9149999618530273,3120800.0,3.304457426071167
2004-10-07,4.022500038146973,3.865833282470703,3.9191665649414062,3.880000114440918,4104000.0,3.274915933609009
2004-10-08,3.929166555404663,3.859999895095825,3.880833387374878,3.865833282470703,4268000.0,3.262958288192749
2004-10-11,3.8941667079925537,3.7883334159851074,3.879166603088379,3.804166555404663,2640800.0,3.2109086513519287
2004-10-12,3.8408334255218506,3.74916672706604,3.804166555404663,3.74916672706604,2553600.0,3.1644861698150635
2004-10-13,3.691666603088379,3.5208332538604736,3.6875,3.5341665744781494,4845600.0,2.9830150604248047
2004-10-14,3.5999999046325684,3.5350000858306885,3.558333396911621,3.5791666507720947,3499200.0,3.0209977626800537
2004-10-15,3.6016666889190674,3.554166555404663,3.5875000953674316,3.5791666507720947,1942400.0,3.0209977626800537
2004-10-18,3.5883333683013916,3.495833396911621,3.575000047683716,3.512500047683716,2950400.0,2.9647269248962402
2004-10-19,3.5399999618530273,3.488333225250244,3.504166603088379,3.49916672706604,2676800.0,2.9534730911254883
2004-10-20,3.6083333492279053,3.505833387374878,3.505833387374878,3.6008334159851074,3357600.0,3.0392844676971436
2004-10-21,3.621666669845581,3.5799999237060547,3.612499952316284,3.6075000762939453,5049600.0,3.044912338256836
2004-10-22,3.7066667079925537,3.6008334159851074,3.6083333492279053,3.62416672706604,2828000.0,3.0589792728424072
2004-10-25,3.6458332538604736,3.5783333778381348,3.620833396911621,3.5908334255218506,2835200.0,3.0308456420898438
2004-10-26,3.6416666507720947,3.557499885559082,3.5875000953674316,3.613333225250244,3202400.0,3.049835205078125
2004-10-27,3.6875,3.5166666507720947,3.614166736602783,3.5858333110809326,5258400.0,3.026625156402588
2004-10-28,3.6008334159851074,3.489166736602783,3.554166555404663,3.509999990463257,3080000.0,2.9626169204711914
2004-10-29,3.5875000953674316,3.4825000762939453,3.5,3.5258333683013916,2688000.0,2.975979804992676
2004-11-01,3.609999895095825,3.4758334159851074,3.558333396911621,3.491666555404663,3207200.0,2.947143077850342
2004-11-02,3.491666555404663,3.3916666507720947,3.4833333492279053,3.4083333015441895,3772800.0,2.8768043518066406
2004-11-03,3.567500114440918,3.43833327293396,3.43833327293396,3.5625,3768000.0,3.0426828861236572
2004-11-04,3.620833396911621,3.558333396911621,3.558333396911621,3.609999895095825,3396000.0,3.083252191543579
2004-11-05,3.6475000381469727,3.5866665840148926,3.622499942779541,3.6083333492279053,2912000.0,3.0818283557891846
2004-11-08,3.617500066757202,3.549999952316284,3.5833332538604736,3.572499990463257,3776000.0,3.0512237548828125
2004-11-09,3.629166603088379,3.5325000286102295,3.572499990463257,3.566666603088379,3933600.0,3.046241521835327
2004-11-10,3.6666667461395264,3.5399999618530273,3.575000047683716,3.6466667652130127,2877600.0,3.1145694255828857
2004-11-11,3.6466667652130127,3.5958333015441895,3.6466667652130127,3.633333444595337,1879200.0,3.1031806468963623
2004-11-12,3.6875,3.627500057220459,3.631666660308838,3.6583333015441895,1947200.0,3.124532699584961
2004-11-15,3.6491665840148926,3.5308332443237305,3.6491665840148926,3.572499990463257,1992000.0,3.0512237548828125
2004-11-16,3.6083333492279053,3.504166603088379,3.575833320617676,3.510833263397217,4820000.0,2.9985551834106445
2004-11-17,3.619166612625122,3.5166666507720947,3.5166666507720947,3.5933332443237305,2429600.0,3.0690176486968994
2004-11-18,3.630000114440918,3.5858333110809326,3.5966665744781494,3.6033332347869873,3038400.0,3.0775575637817383
2004-11-19,3.7091667652130127,3.6066665649414062,3.6083333492279053,3.6558332443237305,1838400.0,3.1223976612091064
2004-11-22,3.743333339691162,3.674999952316284,3.676666736602783,3.734999895095825,2523200.0,3.1900134086608887
2004-11-23,3.9041666984558105,3.7191667556762695,3.7266666889190674,3.869166612625122,3996000.0,3.304603338241577
2004-11-24,3.9716665744781494,3.8483333587646484,3.887500047683716,3.933333396911621,3161600.0,3.3594067096710205
2004-11-26,4.020833492279053,3.945833444595337,3.9541666507720947,3.9841666221618652,677600.0,3.402822971343994
2004-11-29,4.039166450500488,3.93666672706604,3.9841666221618652,3.993333339691162,2204000.0,3.4106521606445312
2004-11-30,4.069166660308838,3.993333339691162,3.993333339691162,4.0316667556762695,1385600.0,3.443392753601074
2004-12-01,4.074166774749756,3.947499990463257,4.0316667556762695,3.9549999237060547,3381600.0,3.3779120445251465
2004-12-02,3.9166667461395264,3.6566667556762695,3.9166667461395264,3.7208333015441895,6648800.0,3.177913188934326
2004-12-03,3.8483333587646484,3.7016665935516357,3.7125000953674316,3.8416666984558105,3996800.0,3.2811155319213867
2004-12-06,3.875,3.753333330154419,3.862499952316284,3.799999952316284,2080800.0,3.24552845954895
2004-12-07,3.799999952316284,3.621666669845581,3.799999952316284,3.62583327293396,2409600.0,3.0967748165130615
2004-12-08,3.737499952316284,3.5883333683013916,3.626666784286499,3.7074999809265137,3651200.0,3.1665256023406982
2004-12-09,3.7249999046325684,3.6408333778381348,3.7083332538604736,3.679166555404663,2350400.0,3.142326831817627
2004-12-10,3.675833225250244,3.6016666889190674,3.6708333492279053,3.625,2278400.0,3.0960631370544434
2004-12-13,3.7174999713897705,3.6416666507720947,3.6666667461395264,3.7174999713897705,1646400.0,3.175065755844116
2004-12-14,3.804166555404663,3.7216665744781494,3.7358334064483643,3.7933332920074463,1740000.0,3.2398335933685303
2004-12-15,3.8491666316986084,3.754166603088379,3.801666736602783,3.802500009536743,2136000.0,3.2476630210876465
2004-12-16,3.8324999809265137,3.7158334255218506,3.8324999809265137,3.7325000762939453,2563200.0,3.187878131866455
2004-12-17,3.801666736602783,3.7316665649414062,3.7325000762939453,3.799999952316284,1934400.0,3.24552845954895
2004-12-20,3.827500104904175,3.758333444595337,3.7916667461395264,3.7774999141693115,1149600.0,3.2263107299804688
2004-12-21,3.805833339691162,3.7666666507720947,3.7816667556762695,3.7958333492279053,2918400.0,3.2419705390930176
2004-12-22,3.808333396911621,3.685833215713501,3.7899999618530273,3.7125000953674316,3944000.0,3.1707963943481445
2004-12-23,3.759166717529297,3.700833320617676,3.7249999046325684,3.7041666507720947,1735200.0,3.1636781692504883
2004-12-27,3.691666603088379,3.616666555404663,3.679166555404663,3.621666669845581,1826400.0,3.09321665763855
2004-12-28,3.682499885559082,3.617500066757202,3.620833396911621,3.674999952316284,1587200.0,3.138767719268799
2004-12-29,3.699166774749756,3.6408333778381348,3.683333396911621,3.674166679382324,1493600.0,3.1380562782287598
2004-12-30,3.6608333587646484,3.625,3.6491665840148926,3.640000104904175,1426400.0,3.108874559402466
2004-12-31,3.7191667556762695,3.630000114440918,3.638333320617676,3.6875,1838400.0,3.149444103240967
2005-01-03,3.679166555404663,3.5416667461395264,3.679166555404663,3.575833320617676,3068000.0,3.0540707111358643
2005-01-04,3.614166736602783,3.5208332538604736,3.5899999141693115,3.5225000381469727,2637600.0,3.008519411087036
2005-01-05,3.554166555404663,3.4691667556762695,3.5225000381469727,3.4791667461395264,2861600.0,2.971510171890259
2005-01-06,3.62583327293396,3.4791667461395264,3.4800000190734863,3.5283334255218506,2306400.0,3.0135018825531006
2005-01-07,3.5374999046325684,3.429166555404663,3.5374999046325684,3.4725000858306885,2918400.0,2.965815544128418
2005-01-10,3.570833444595337,3.489166736602783,3.501666784286499,3.504166603088379,2825600.0,2.992860794067383
2005-01-11,3.5374999046325684,3.4574999809265137,3.504166603088379,3.513333320617676,1675200.0,3.0006892681121826
2005-01-12,3.566666603088379,3.4649999141693115,3.513333320617676,3.56333327293396,2248800.0,3.043395519256592
2005-01-13,3.6066665649414062,3.5408332347869873,3.5766665935516357,3.5625,1901600.0,3.0426828861236572
2005-01-14,3.622499942779541,3.5408332347869873,3.570833444595337,3.6008334159851074,1335200.0,3.075423240661621
2005-01-18,3.7100000381469727,3.633333444595337,3.633333444595337,3.7066667079925537,2589600.0,3.1658143997192383
2005-01-19,3.7316665649414062,3.619166612625122,3.700000047683716,3.633333444595337,2880000.0,3.1031806468963623
2005-01-20,3.6633334159851074,3.5374999046325684,3.616666555404663,3.6408333778381348,1790400.0,3.109586238861084
2005-01-21,3.7766666412353516,3.6558332443237305,3.6575000286102295,3.7116665840148926,3063200.0,3.170083999633789
2005-01-24,3.7808332443237305,3.741666555404663,3.75,3.75,1848800.0,3.202824831008911
2005-01-25,3.8499999046325684,3.7266666889190674,3.7791666984558105,3.7750000953674316,3262400.0,3.2241766452789307
2005-01-26,3.877500057220459,3.759999990463257,3.7816667556762695,3.877500057220459,2400800.0,3.311720609664917
2005-01-27,3.9741666316986084,3.861666679382324,3.877500057220459,3.9116666316986084,2350400.0,3.3409016132354736
2005-01-28,3.9083333015441895,3.822499990463257,3.8949999809265137,3.8375000953674316,1732800.0,3.277557134628296
2005-01-31,3.9800000190734863,3.801666736602783,3.8383333683013916,3.9233334064483643,2846400.0,3.3508665561676025
2005-02-01,4.120833396911621,3.9666666984558105,3.9666666984558105,4.099999904632568,4479200.0,3.5017542839050293
2005-02-02,4.190000057220459,4.090000152587891,4.100833415985107,4.166666507720947,3852000.0,3.5586936473846436
2005-02-03,4.167500019073486,4.059166431427002,4.150000095367432,4.136666774749756,2707200.0,3.5673611164093018
2005-02-04,4.170833110809326,4.085000038146973,4.144999980926514,4.170833110809326,2196000.0,3.5968241691589355
2005-02-07,4.195833206176758,4.06416654586792,4.1541666984558105,4.104166507720947,2124800.0,3.5393333435058594
2005-02-08,4.168333530426025,4.076666831970215,4.087500095367432,4.105000019073486,1911200.0,3.5400519371032715
2005-02-09,4.21750020980835,4.078333377838135,4.105000019073486,4.149166584014893,4241600.0,3.5781407356262207
2005-02-10,4.384166717529297,4.15500020980835,4.159999847412109,4.2833333015441895,5105600.0,3.6938424110412598
2005-02-11,4.386666774749756,4.177499771118164,4.2833333015441895,4.352499961853027,2832800.0,3.7534894943237305
2005-02-14,4.390833377838135,4.329166889190674,4.352499961853027,4.375,2656800.0,3.7728936672210693
2005-02-15,4.383333206176758,4.304999828338623,4.375,4.334166526794434,3173600.0,3.737678289413452
2005-02-16,4.440000057220459,4.317500114440918,4.3433332443237305,4.4041666984558105,3645600.0,3.798046588897705
2005-02-17,4.433333396911621,4.304999828338623,4.412499904632568,4.307499885559082,2894400.0,3.7146832942962646
2005-02-18,4.483333110809326,4.333333492279053,4.4041666984558105,4.420833110809326,4322400.0,3.8124194145202637
2005-02-22,4.574166774749756,4.431666851043701,4.541666507720947,4.438333511352539,4042400.0,3.8275110721588135
2005-02-23,4.565000057220459,4.445833206176758,4.445833206176758,4.511666774749756,3495200.0,3.890753746032715
2005-02-24,4.559999942779541,4.449999809265137,4.516666889190674,4.503333568572998,3900000.0,3.8835651874542236
2005-02-25,4.681666851043701,4.524166584014893,4.524166584014893,4.648333549499512,2433600.0,4.008609294891357
2005-02-28,4.888333320617676,4.545000076293945,4.708333492279053,4.665833473205566,3631200.0,4.023701190948486
2005-03-01,4.707499980926514,4.5625,4.665833473205566,4.633333206176758,3807200.0,3.995673894882202
2005-03-02,4.708333492279053,4.587500095367432,4.638333320617676,4.644999980926514,5119200.0,4.005734443664551
2005-03-03,4.728333473205566,4.637499809265137,4.6875,4.691666603088379,5686400.0,4.045977592468262
2005-03-04,4.762499809265137,4.625833511352539,4.702499866485596,4.755000114440918,4236800.0,4.100597858428955
2005-03-07,4.755000114440918,4.666666507720947,4.755000114440918,4.700833320617676,4240800.0,4.053884029388428
2005-03-08,4.800833225250244,4.710833549499512,4.712500095367432,4.724999904632568,2702400.0,4.07472562789917
2005-03-09,4.824999809265137,4.647500038146973,4.733333110809326,4.652500152587891,4714400.0,4.012204170227051
2005-03-10,4.652500152587891,4.3416666984558105,4.652500152587891,4.414166450500488,6403200.0,3.8066680431365967
2005-03-11,4.502500057220459,4.4083333015441895,4.413333415985107,4.4716668128967285,4564800.0,3.856257200241089
2005-03-14,4.508333206176758,4.329166889190674,4.4716668128967285,4.416666507720947,4181600.0,3.808825731277466
2005-03-15,4.449999809265137,4.333333492279053,4.4375,4.337500095367432,3874400.0,3.7405545711517334
2005-03-16,4.459166526794434,4.295833110809326,4.3416666984558105,4.377500057220459,4519200.0,3.775050401687622
2005-03-17,4.485000133514404,4.4083333015441895,4.425000190734863,4.479166507720947,3880800.0,3.8627231121063232
2005-03-18,4.583333492279053,4.465000152587891,4.512499809265137,4.558333396911621,4137600.0,3.930995464324951
2005-03-21,4.56416654586792,4.462500095367432,4.558333396911621,4.5291666984558105,2508800.0,3.9058425426483154
2005-03-22,4.647500038146973,4.540833473205566,4.541666507720947,4.545833110809326,5304800.0,3.9202141761779785
2005-03-23,4.520833492279053,4.300833225250244,4.520833492279053,4.334166526794434,4526400.0,3.737678289413452
2005-03-24,4.474999904632568,4.325833320617676,4.395833492279053,4.387499809265137,3496800.0,3.7836732864379883
2005-03-28,4.520833492279053,4.4083333015441895,4.4083333015441895,4.482500076293945,4587200.0,3.8655967712402344
2005-03-29,4.559999942779541,4.397500038146973,4.491666793823242,4.416666507720947,4071200.0,3.808825731277466
2005-03-30,4.457499980926514,4.324999809265137,4.416666507720947,4.433333396911621,3512000.0,3.8231992721557617
2005-03-31,4.625,4.462500095367432,4.474999904632568,4.5958333015441895,3329600.0,3.9633350372314453
2005-04-01,4.769999980926514,4.627500057220459,4.75,4.697500228881836,5484000.0,4.051009654998779
2005-04-04,4.84375,4.612500190734863,4.78125,4.722499847412109,5495200.0,4.072568416595459
2005-04-05,4.786250114440918,4.679999828338623,4.75,4.6875,5092800.0,4.042385101318359
2005-04-06,4.792500019073486,4.662499904632568,4.6875,4.766250133514404,4541600.0,4.110297679901123
2005-04-07,4.836249828338623,4.642499923706055,4.806250095367432,4.697500228881836,3035200.0,4.051009654998779
2005-04-08,4.693749904632568,4.537499904632568,4.6875,4.547500133514404,2918400.0,3.9216537475585938
2005-04-11,4.588749885559082,4.4375,4.547500133514404,4.533750057220459,4024000.0,3.9097957611083984
2005-04-12,4.493750095367432,4.303750038146973,4.487500190734863,4.361249923706055,6256800.0,3.7610342502593994
2005-04-13,4.346250057220459,4.118750095367432,4.34499979019165,4.137499809265137,5955200.0,3.56807804107666
2005-04-14,4.28000020980835,4.150000095367432,4.168749809265137,4.170000076293945,6005600.0,3.5961062908172607
2005-04-15,4.171249866485596,3.96875,4.171249866485596,4.027500152587891,3097600.0,3.4732179641723633
2005-04-18,4.096250057220459,3.927500009536743,4.014999866485596,4.053750038146973,3808800.0,3.4958548545837402
2005-04-19,4.1875,4.118750095367432,4.122499942779541,4.166250228881836,4022400.0,3.592872142791748
2005-04-20,4.221250057220459,4.034999847412109,4.164999961853027,4.043749809265137,3650400.0,3.487231969833374
2005-04-21,4.215000152587891,4.059999942779541,4.099999904632568,4.197500228881836,2862400.0,3.6198220252990723
2005-04-22,4.213749885559082,4.09375,4.191249847412109,4.158750057220459,2488000.0,3.586404323577881
2005-04-25,4.211249828338623,4.142499923706055,4.181250095367432,4.1875,2816000.0,3.6111977100372314
2005-04-26,4.199999809265137,4.065000057220459,4.18874979019165,4.081250190734863,3080000.0,3.5195703506469727
2005-04-27,4.107500076293945,3.9149999618530273,4.087500095367432,4.014999866485596,4757600.0,3.4624385833740234
2005-04-28,3.987499952316284,3.8375000953674316,3.987499952316284,3.865000009536743,3068800.0,3.3330814838409424
2005-04-29,3.865000009536743,3.521250009536743,3.865000009536743,3.680000066757202,10621600.0,3.1735429763793945
2005-05-02,3.740000009536743,3.5950000286102295,3.6787500381469727,3.700000047683716,7411200.0,3.1907904148101807
2005-05-03,3.744999885559082,3.653749942779541,3.731250047683716,3.708750009536743,6304000.0,3.198335647583008
2005-05-04,3.768749952316284,3.65625,3.6875,3.752500057220459,3943200.0,3.2360644340515137
2005-05-05,3.819999933242798,3.7200000286102295,3.783750057220459,3.7725000381469727,2665600.0,3.253312587738037
2005-05-06,3.856250047683716,3.7637500762939453,3.856250047683716,3.805000066757202,4068800.0,3.281339168548584
2005-05-09,3.8737499713897705,3.783750057220459,3.8125,3.8737499713897705,3757600.0,3.3406269550323486
2005-05-10,3.882499933242798,3.765000104904175,3.856250047683716,3.7750000953674316,4025600.0,3.289435386657715
2005-05-11,3.809999942779541,3.7274999618530273,3.776249885559082,3.7987499237060547,3685600.0,3.310129165649414
2005-05-12,3.7987499237060547,3.536250114440918,3.7987499237060547,3.5662500858306885,6247200.0,3.1075351238250732
2005-05-13,3.625,3.5062499046325684,3.583750009536743,3.536250114440918,3077600.0,3.0813939571380615
2005-05-16,3.5537500381469727,3.444999933242798,3.5374999046325684,3.543750047683716,7643200.0,3.0879294872283936
2005-05-17,3.8499999046325684,3.6875,3.737499952316284,3.8162500858306885,6983200.0,3.325378656387329
2005-05-18,3.9000000953674316,3.7125000953674316,3.856250047683716,3.7412500381469727,4202400.0,3.260026216506958
2005-05-19,3.8524999618530273,3.740000009536743,3.7512500286102295,3.841249942779541,3129600.0,3.347163200378418
2005-05-20,3.8450000286102295,3.723750114440918,3.84375,3.728749990463257,2159200.0,3.2491328716278076
2005-05-23,3.8375000953674316,3.7274999618530273,3.75,3.8162500858306885,3126400.0,3.325378656387329
2005-05-24,3.8424999713897705,3.765000104904175,3.8062500953674316,3.8375000953674316,2294400.0,3.3438961505889893
2005-05-25,3.887500047683716,3.759999990463257,3.8187499046325684,3.8475000858306885,2976000.0,3.3526089191436768
2005-05-26,3.877500057220459,3.8125,3.877500057220459,3.858750104904175,1941600.0,3.362412452697754
2005-05-27,3.9375,3.8687500953674316,3.887500047683716,3.924999952316284,2344800.0,3.420140504837036
2005-05-31,3.96875,3.838749885559082,3.90625,3.918750047683716,3864000.0,3.41469407081604
2005-06-01,4.164999961853027,3.981250047683716,3.9937500953674316,4.164999961853027,4367200.0,3.629270315170288
2005-06-02,4.293749809265137,4.150000095367432,4.175000190734863,4.1875,6203200.0,3.6488749980926514
2005-06-03,4.25,4.158750057220459,4.197500228881836,4.227499961853027,3677600.0,3.683732271194458
2005-06-06,4.268750190734863,4.183750152587891,4.256249904632568,4.184999942779541,4208000.0,3.646698236465454
2005-06-07,4.264999866485596,4.106249809265137,4.193749904632568,4.125,3875200.0,3.5944137573242188
2005-06-08,4.243750095367432,4.105000019073486,4.125,4.167500019073486,3912800.0,3.631448268890381
2005-06-09,4.302499771118164,4.175000190734863,4.18625020980835,4.300000190734863,2707200.0,3.746905565261841
2005-06-10,4.394999980926514,4.301249980926514,4.31125020980835,4.337500095367432,4364000.0,3.779583215713501
2005-06-13,4.456250190734863,4.324999809265137,4.337500095367432,4.428750038146973,5111200.0,3.859095811843872
2005-06-14,4.456250190734863,4.386250019073486,4.431250095367432,4.400000095367432,4520000.0,3.834043264389038
2005-06-15,4.456250190734863,4.40500020980835,4.454999923706055,4.421249866485596,5864000.0,3.8525583744049072
2005-06-16,4.485000133514404,4.400000095367432,4.421249866485596,4.481249809265137,3000000.0,3.904841423034668
2005-06-17,4.545000076293945,4.443749904632568,4.493750095367432,4.512499809265137,3410400.0,3.932072877883911
2005-06-20,4.570000171661377,4.46875,4.512499809265137,4.508749961853027,1721600.0,3.928804874420166
2005-06-21,4.533750057220459,4.369999885559082,4.507500171661377,4.382500171661377,1729600.0,3.8187942504882812
2005-06-22,4.446249961853027,4.328750133514404,4.393750190734863,4.408750057220459,2017600.0,3.8416666984558105
2005-06-23,4.493750095367432,4.34499979019165,4.40625,4.357500076293945,2780800.0,3.797009229660034
2005-06-24,4.431250095367432,4.293749809265137,4.369999885559082,4.377500057220459,2924000.0,3.8144381046295166
2005-06-27,4.43625020980835,4.381249904632568,4.387499809265137,4.387499809265137,2184000.0,3.8231494426727295
2005-06-28,4.400000095367432,4.304999828338623,4.387499809265137,4.31125020980835,1775200.0,3.7567081451416016
2005-06-29,4.387499809265137,4.28000020980835,4.298749923706055,4.37375020980835,1824000.0,3.811168909072876
2005-06-30,4.466249942779541,4.333749771118164,4.372499942779541,4.337500095367432,2062400.0,3.779583215713501
2005-07-01,4.59375,4.360000133514404,4.360000133514404,4.574999809265137,4311200.0,3.9865341186523438
2005-07-05,4.737500190734863,4.588749885559082,4.599999904632568,4.699999809265137,2885600.0,4.095455169677734
2005-07-06,4.742499828338623,4.612500190734863,4.731249809265137,4.648749828338623,3799200.0,4.050796985626221
2005-07-07,4.704999923706055,4.53125,4.59375,4.703750133514404,2987200.0,4.0987229347229
2005-07-08,4.831250190734863,4.706250190734863,4.775000095367432,4.766250133514404,2804800.0,4.1531829833984375
2005-07-11,4.87375020980835,4.724999904632568,4.766250133514404,4.860000133514404,3012800.0,4.234874725341797
2005-07-12,4.960000038146973,4.816249847412109,4.875,4.90500020980835,2948000.0,4.274086952209473
2005-07-13,4.918749809265137,4.800000190734863,4.862500190734863,4.852499961853027,3329600.0,4.228339672088623
2005-07-14,4.9375,4.677499771118164,4.9375,4.695000171661377,3163200.0,4.091096878051758
2005-07-15,4.75,4.586249828338623,4.695000171661377,4.630000114440918,1631200.0,4.034458160400391
2005-07-18,4.630000114440918,4.478750228881836,4.630000114440918,4.506249904632568,1716000.0,3.926626205444336
2005-07-19,4.668749809265137,4.53125,4.543749809265137,4.667500019073486,1430400.0,4.067134380340576
2005-07-20,4.71875,4.574999809265137,4.667500019073486,4.681250095367432,1473600.0,4.0791168212890625
2005-07-21,4.727499961853027,4.625,4.68625020980835,4.684999942779541,2582400.0,4.082383155822754
2005-07-22,4.887499809265137,4.735000133514404,4.735000133514404,4.881249904632568,2676800.0,4.253392696380615
2005-07-25,4.916250228881836,4.822500228881836,4.856249809265137,4.87375020980835,2168000.0,4.246854305267334
2005-07-26,4.912499904632568,4.820000171661377,4.875,4.896249771118164,2718400.0,4.2664618492126465
2005-07-27,4.912499904632568,4.791250228881836,4.90625,4.875,963200.0,4.2479448318481445
2005-07-28,4.925000190734863,4.795000076293945,4.90625,4.882500171661377,2116000.0,4.25447940826416
2005-07-29,5.111249923706055,4.918749809265137,4.933750152587891,5.065000057220459,3801600.0,4.413506507873535
2005-08-01,5.162499904632568,5.083749771118164,5.112500190734863,5.108749866485596,3218400.0,4.451628684997559
2005-08-02,5.324999809265137,5.173749923706055,5.175000190734863,5.318749904632568,4400000.0,4.634615421295166
2005-08-03,5.369999885559082,5.256249904632568,5.318749904632568,5.256249904632568,3011200.0,4.580156326293945
2005-08-04,5.37375020980835,5.247499942779541,5.256249904632568,5.332499980926514,1900800.0,4.646599292755127
2005-08-05,5.338749885559082,5.172500133514404,5.332499980926514,5.28125,2053600.0,4.601939678192139
2005-08-08,5.387499809265137,5.289999961853027,5.317500114440918,5.322500228881836,2322400.0,4.637884140014648
2005-08-09,5.34375,5.177499771118164,5.337500095367432,5.238749980926514,2136000.0,4.5994720458984375
2005-08-10,5.40500020980835,5.275000095367432,5.28125,5.403749942779541,2248800.0,4.744340896606445
2005-08-11,5.491250038146973,5.387499809265137,5.387499809265137,5.474999904632568,3635200.0,4.806894302368164
2005-08-12,5.513750076293945,5.361249923706055,5.483749866485596,5.434999942779541,1675200.0,4.771775722503662
2005-08-15,5.425000190734863,5.318749904632568,5.425000190734863,5.341249942779541,2375200.0,4.689464569091797
2005-08-16,5.321249961853027,5.15500020980835,5.3125,5.163750171661377,2220000.0,4.533626556396484
2005-08-17,5.268750190734863,4.923749923706055,5.138750076293945,4.976250171661377,5228800.0,4.369007587432861
2005-08-18,4.963749885559082,4.804999828338623,4.949999809265137,4.93874979019165,3060000.0,4.336081027984619
2005-08-19,5.150000095367432,4.987500190734863,5.00124979019165,5.091249942779541,1724800.0,4.469973087310791
2005-08-22,5.244999885559082,5.117499828338623,5.175000190734863,5.179999828338623,1902400.0,4.547892093658447
2005-08-23,5.262499809265137,5.083749771118164,5.212500095367432,5.173749923706055,2178400.0,4.542405605316162
2005-08-24,5.3125,5.192500114440918,5.198750019073486,5.241250038146973,1704000.0,4.601668357849121
2005-08-25,5.260000228881836,5.195000171661377,5.223750114440918,5.222499847412109,1571200.0,4.585205078125
2005-08-26,5.237500190734863,5.074999809265137,5.210000038146973,5.110000133514404,2024000.0,4.48643684387207
2005-08-29,5.232500076293945,5.082499980926514,5.1875,5.176249980926514,2348000.0,4.544601917266846
2005-08-30,5.37375020980835,5.208749771118164,5.213749885559082,5.295000076293945,2837600.0,4.648858070373535
2005-08-31,5.472499847412109,5.296249866485596,5.296249866485596,5.398749828338623,5036000.0,4.739949703216553
2005-09-01,5.512499809265137,5.416250228881836,5.447500228881836,5.503749847412109,3896800.0,4.832135200500488
2005-09-02,5.476250171661377,5.262499809265137,5.476250171661377,5.346250057220459,2689600.0,4.693855285644531
2005-09-06,5.492499828338623,5.332499980926514,5.375,5.492499828338623,3048000.0,4.822257041931152
2005-09-07,5.53125,5.393750190734863,5.510000228881836,5.446249961853027,2576000.0,4.781653881072998
2005-09-08,5.663750171661377,5.512499809265137,5.512499809265137,5.636250019073486,6596000.0,4.948465824127197
2005-09-09,5.743750095367432,5.611249923706055,5.743750095367432,5.724999904632568,5597600.0,5.026388168334961
2005-09-12,5.816249847412109,5.681250095367432,5.8125,5.760000228881836,6360000.0,5.0571160316467285
2005-09-13,5.8125,5.673749923706055,5.764999866485596,5.691249847412109,3422400.0,4.996756553649902
2005-09-14,5.775000095367432,5.637499809265137,5.737500190734863,5.682499885559082,2540000.0,4.989072799682617
2005-09-15,5.777500152587891,5.677499771118164,5.71999979019165,5.722499847412109,4644000.0,5.024191856384277
2005-09-16,5.78125,5.697500228881836,5.722499847412109,5.760000228881836,4181600.0,5.0571160316467285
2005-09-19,5.942500114440918,5.862500190734863,5.862500190734863,5.918749809265137,3558400.0,5.1964921951293945
2005-09-20,5.925000190734863,5.809999942779541,5.892499923706055,5.846250057220459,3230400.0,5.132842540740967
2005-09-21,6.025000095367432,5.875,5.934999942779541,5.894999980926514,4172000.0,5.175642490386963
2005-09-22,5.992499828338623,5.711249828338623,5.987500190734863,5.894999980926514,5293600.0,5.175642490386963
2005-09-23,5.847499847412109,5.724999904632568,5.84375,5.769999980926514,3553600.0,5.065894603729248
2005-09-26,5.973750114440918,5.727499961853027,5.771249771118164,5.953750133514404,5279200.0,5.2272233963012695
2005-09-27,5.981249809265137,5.853750228881836,5.941249847412109,5.929999828338623,5476000.0,5.2063703536987305
2005-09-28,6.102499961853027,5.917500019073486,5.974999904632568,6.102499961853027,5903200.0,5.357821941375732
2005-09-29,6.357500076293945,6.125,6.136250019073486,6.351250171661377,6316000.0,5.576216220855713
2005-09-30,6.392499923706055,6.278749942779541,6.351250171661377,6.31374979019165,6256000.0,5.543292045593262
2005-10-03,6.537499904632568,6.355000019073486,6.375,6.442500114440918,3876800.0,5.656331539154053
2005-10-04,6.68625020980835,6.25124979019165,6.68625020980835,6.267499923706055,8453600.0,5.502686500549316
2005-10-05,6.298749923706055,5.897500038146973,6.275000095367432,5.897500038146973,7072800.0,5.177835464477539
2005-10-06,5.886250019073486,5.471250057220459,5.886250019073486,5.545000076293945,8580800.0,4.868351936340332
2005-10-07,5.755000114440918,5.525000095367432,5.625,5.675000190734863,3048000.0,4.982489585876465
2005-10-10,5.793749809265137,5.522500038146973,5.793749809265137,5.552499771118164,2830400.0,4.874937534332275
2005-10-11,5.96875,5.650000095367432,5.650000095367432,5.9375,5406400.0,5.212956428527832
2005-10-12,5.932499885559082,5.661250114440918,5.931250095367432,5.712500095367432,4847200.0,5.015411376953125
2005-10-13,5.648749828338623,5.327499866485596,5.648749828338623,5.489999771118164,6217600.0,4.820065498352051
2005-10-14,5.807499885559082,5.491250038146973,5.491250038146973,5.778749942779541,7088800.0,5.07357931137085
2005-10-17,5.997499942779541,5.792500019073486,5.96875,5.889999866485596,3452000.0,5.171252250671387
2005-10-18,6.03249979019165,5.612500190734863,5.929999828338623,5.612500190734863,7596000.0,4.927616119384766
2005-10-19,5.764999866485596,5.388750076293945,5.5625,5.762499809265137,5276000.0,5.059312343597412
2005-10-20,5.713749885559082,5.288750171661377,5.712500095367432,5.377500057220459,5626400.0,4.721291542053223
2005-10-21,5.570000171661377,5.351250171661377,5.400000095367432,5.425000190734863,3500800.0,4.76299524307251
2005-10-24,5.795000076293945,5.412499904632568,5.425000190734863,5.795000076293945,4472800.0,5.087846279144287
2005-10-25,6.083749771118164,5.78125,5.800000190734863,6.050000190734863,5151200.0,5.311727046966553
2005-10-26,6.215000152587891,5.981249809265137,6.051249980926514,5.994999885559082,4098400.0,5.263439655303955
2005-10-27,6.099999904632568,5.75,6.056250095367432,5.75,3192000.0,5.048336982727051
2005-10-28,5.856249809265137,5.46875,5.6875,5.801249980926514,7172000.0,5.093332290649414
2005-10-31,5.951250076293945,5.65625,5.824999809265137,5.723750114440918,6605600.0,5.025290012359619
2005-11-01,5.724999904632568,5.550000190734863,5.723750114440918,5.671249866485596,5215200.0,4.979195594787598
2005-11-02,5.762499809265137,5.625,5.650000095367432,5.724999904632568,5273600.0,5.026388168334961
2005-11-03,5.952499866485596,5.703750133514404,5.775000095367432,5.860000133514404,4399200.0,5.144912242889404
2005-11-04,5.861249923706055,5.566249847412109,5.861249923706055,5.62375020980835,2820800.0,4.937493324279785
2005-11-07,5.577499866485596,5.347499847412109,5.5625,5.375,8188800.0,4.7190961837768555
2005-11-08,5.416250228881836,5.252500057220459,5.382500171661377,5.375,7945600.0,4.754477024078369
2005-11-09,5.482500076293945,5.272500038146973,5.4375,5.347499847412109,5148000.0,4.730154037475586
2005-11-10,5.316249847412109,5.050000190734863,5.316249847412109,5.130000114440918,4570400.0,4.537762641906738
2005-11-11,5.197500228881836,5.070000171661377,5.136250019073486,5.151249885559082,2769600.0,4.5565595626831055
2005-11-14,5.244999885559082,5.054999828338623,5.224999904632568,5.09499979019165,4186400.0,4.506803512573242
2005-11-15,5.182499885559082,5.041250228881836,5.050000190734863,5.059999942779541,4080000.0,4.475844860076904
2005-11-16,5.318749904632568,5.074999809265137,5.074999809265137,5.315000057220459,4720000.0,4.701407432556152
2005-11-17,5.462500095367432,5.224999904632568,5.462500095367432,5.266250133514404,3851200.0,4.658283710479736
2005-11-18,5.324999809265137,5.21875,5.266250133514404,5.273749828338623,3764800.0,4.6649169921875
2005-11-21,5.393750190734863,5.21875,5.243750095367432,5.372499942779541,3284000.0,4.752267360687256
2005-11-22,5.586249828338623,5.396249771118164,5.4375,5.546249866485596,3605600.0,4.90595817565918
2005-11-23,5.5625,5.4375,5.546249866485596,5.462500095367432,2650400.0,4.831878662109375
2005-11-25,5.519999980926514,5.453750133514404,5.471250057220459,5.486249923706055,1163200.0,4.8528852462768555
2005-11-28,5.442500114440918,5.190000057220459,5.425000190734863,5.190000057220459,5644000.0,4.590837478637695
2005-11-29,5.318749904632568,5.183750152587891,5.293749809265137,5.210000038146973,3712800.0,4.608527183532715
2005-11-30,5.324999809265137,5.193749904632568,5.193749904632568,5.276249885559082,4388000.0,4.667129993438721
2005-12-01,5.53000020980835,5.320000171661377,5.34375,5.485000133514404,3873600.0,4.851779460906982
2005-12-02,5.581250190734863,5.425000190734863,5.485000133514404,5.538750171661377,3293600.0,4.899325847625732
2005-12-05,5.647500038146973,5.525000095367432,5.601250171661377,5.536250114440918,4142400.0,4.897111415863037
2005-12-06,5.619999885559082,5.507500171661377,5.536250114440918,5.601250171661377,2708000.0,4.9546098709106445
2005-12-07,5.659999847412109,5.457499980926514,5.618750095367432,5.511250019073486,3344000.0,4.874999046325684
2005-12-08,5.746250152587891,5.487500190734863,5.543749809265137,5.724999904632568,4420800.0,5.0640740394592285
2005-12-09,5.678750038146973,5.567500114440918,5.668749809265137,5.633749961853027,2791200.0,4.983356952667236
2005-12-12,5.793749809265137,5.671249866485596,5.775000095367432,5.743750095367432,3093600.0,5.080659866333008
2005-12-13,6.008749961853027,5.784999847412109,5.806250095367432,5.866250038146973,4528800.0,5.189014434814453
2005-12-14,6.008749961853027,5.786250114440918,5.849999904632568,5.988749980926514,5724800.0,5.297372817993164
2005-12-15,6.028749942779541,5.838749885559082,6.019999980926514,5.878749847412109,6714400.0,5.200072765350342
2005-12-16,5.932499885559082,5.817500114440918,5.903749942779541,5.817500114440918,8307200.0,5.145893096923828
2005-12-19,5.929999828338623,5.762499809265137,5.762499809265137,5.795000076293945,6005600.0,5.1259918212890625
2005-12-20,5.994999885559082,5.820000171661377,5.824999809265137,5.943749904632568,3248000.0,5.257569313049316
2005-12-21,6.147500038146973,5.922500133514404,5.996250152587891,5.986249923706055,5244000.0,5.295163154602051
2005-12-22,6.065000057220459,5.933750152587891,6.00124979019165,5.960000038146973,4118400.0,5.271944522857666
2005-12-23,5.960000038146973,5.775000095367432,5.960000038146973,5.897500038146973,2800000.0,5.216657638549805
2005-12-27,5.897500038146973,5.587500095367432,5.897500038146973,5.616250038146973,3326400.0,4.967877388000488
2005-12-28,5.762499809265137,5.599999904632568,5.663750171661377,5.733749866485596,2816000.0,5.071813583374023
2005-12-29,5.772500038146973,5.597499847412109,5.704999923706055,5.608749866485596,3068800.0,4.961245059967041
2005-12-30,5.670000076293945,5.489999771118164,5.610000133514404,5.637499809265137,3766400.0,4.986675262451172
2006-01-03,5.962500095367432,5.662499904632568,5.699999809265137,5.948750019073486,6802400.0,5.26199197769165
2006-01-04,6.09499979019165,5.880000114440918,5.93874979019165,6.082499980926514,5725600.0,5.380301475524902
2006-01-05,6.051249980926514,5.78125,6.051249980926514,5.864999771118164,5664800.0,5.187911510467529
2006-01-06,6.133749961853027,5.9375,5.9375,6.0,3888000.0,5.3073248863220215
2006-01-09,6.159999847412109,5.93874979019165,5.96875,6.09250020980835,4122400.0,5.389147758483887
2006-01-10,6.227499961853027,6.0,6.0,6.176249980926514,2632800.0,5.463227272033691
2006-01-11,6.329999923706055,6.0625,6.176249980926514,6.301249980926514,4962400.0,5.573797702789307
2006-01-12,6.351250171661377,6.195000171661377,6.351250171661377,6.206250190734863,4645600.0,5.48976469039917
2006-01-13,6.272500038146973,6.173749923706055,6.206250190734863,6.239999771118164,2928800.0,5.519618034362793
2006-01-17,6.398749828338623,6.261250019073486,6.324999809265137,6.320000171661377,3862400.0,5.590382099151611
2006-01-18,6.378749847412109,6.105000019073486,6.320000171661377,6.242499828338623,2954400.0,5.521831512451172
2006-01-19,6.506249904632568,6.216249942779541,6.253749847412109,6.50124979019165,3944000.0,5.75070858001709
2006-01-20,6.683750152587891,6.465000152587891,6.539999961853027,6.485000133514404,3476800.0,5.73633337020874
2006-01-23,6.5,6.378749847412109,6.486249923706055,6.445000171661377,4104000.0,5.700951099395752
2006-01-24,6.491250038146973,6.34375,6.443749904632568,6.431250095367432,5105600.0,5.688789367675781
2006-01-25,6.462500095367432,6.110000133514404,6.462500095367432,6.137499809265137,4031200.0,5.428951263427734
2006-01-26,6.167500019073486,5.888750076293945,6.137499809265137,6.167500019073486,5463200.0,5.455488681793213
2006-01-27,6.309999942779541,6.147500038146973,6.168749809265137,6.230000019073486,3011200.0,5.510773181915283
2006-01-30,6.426249980926514,6.275000095367432,6.275000095367432,6.3125,2736800.0,5.5837507247924805
2006-01-31,6.472499847412109,6.291250228881836,6.300000190734863,6.446249961853027,3236800.0,5.702057838439941
2006-02-01,6.525000095367432,6.237500190734863,6.414999961853027,6.258749961853027,4156000.0,5.536205291748047
2006-02-02,6.25,5.9375,6.24875020980835,6.087500095367432,4771200.0,5.384724140167236
2006-02-03,6.199999809265137,5.93625020980835,6.107500076293945,6.072500228881836,4978400.0,5.371455669403076
2006-02-06,6.231249809265137,6.052499771118164,6.150000095367432,6.207499980926514,3539200.0,5.490870475769043
2006-02-07,6.207499980926514,5.883749961853027,6.207499980926514,5.932499885559082,5243200.0,5.247618198394775
2006-02-08,5.960000038146973,5.693749904632568,5.960000038146973,5.867499828338623,3957600.0,5.225353717803955
2006-02-09,6.023749828338623,5.521249771118164,5.9375,5.53125,5772000.0,4.9259033203125
2006-02-10,5.62375020980835,5.385000228881836,5.53125,5.550000190734863,7175200.0,4.942603588104248
2006-02-13,5.559999942779541,5.380000114440918,5.5,5.397500038146973,5394400.0,4.806790828704834
2006-02-14,5.570000171661377,5.256249904632568,5.262499809265137,5.568749904632568,9264000.0,4.959299087524414
2006-02-15,5.776249885559082,5.53249979019165,5.625,5.633749961853027,5939200.0,5.017185688018799
2006-02-16,5.835000038146973,5.68874979019165,5.71875,5.808750152587891,3708800.0,5.173033237457275
2006-02-17,6.06125020980835,5.791250228881836,5.875,5.8125,4966400.0,5.176372528076172
2006-02-21,6.026249885559082,5.809999942779541,5.925000190734863,5.886250019073486,3803200.0,5.242054462432861
2006-02-22,5.886250019073486,5.704999923706055,5.886250019073486,5.801249980926514,3070400.0,5.166354179382324
2006-02-23,6.087500095367432,5.81125020980835,5.875,5.863749980926514,9753600.0,5.222013473510742
2006-02-24,6.070000171661377,5.90625,5.922500133514404,5.952499866485596,4241600.0,5.301050662994385
2006-02-27,5.928750038146973,5.773749828338623,5.887499809265137,5.773749828338623,2919200.0,5.14186429977417
2006-02-28,5.758749961853027,5.644999980926514,5.724999904632568,5.65749979019165,5346400.0,5.038336753845215
2006-03-01,5.864999771118164,5.670000076293945,5.6875,5.857500076293945,4712000.0,5.216447830200195
2006-03-02,6.135000228881836,5.898749828338623,5.900000095367432,6.078750133514404,6989600.0,5.413486480712891
2006-03-03,6.233749866485596,6.074999809265137,6.079999923706055,6.207499980926514,6436800.0,5.528144359588623
2006-03-06,6.207499980926514,5.831250190734863,6.038750171661377,5.832499980926514,5228000.0,5.194186210632324
2006-03-07,5.840000152587891,5.659999847412109,5.832499980926514,5.701250076293945,5158400.0,5.077298164367676
2006-03-08,5.807499885559082,5.517499923706055,5.701250076293945,5.642499923706055,5456000.0,5.024979114532471
2006-03-09,5.704999923706055,5.483749866485596,5.684999942779541,5.521249771118164,5108000.0,4.916997909545898
2006-03-10,5.635000228881836,5.432499885559082,5.5625,5.558750152587891,2929600.0,4.950394153594971
2006-03-13,5.764999866485596,5.616250038146973,5.637499809265137,5.695000171661377,3276000.0,5.0717315673828125
2006-03-14,5.875,5.612500190734863,5.752500057220459,5.858749866485596,3245600.0,5.2175612449646
2006-03-15,5.90625,5.778749942779541,5.860000133514404,5.90625,2762400.0,5.259862899780273
2006-03-16,6.067500114440918,5.84375,5.875,6.013750076293945,3156800.0,5.355596542358398
2006-03-17,6.041250228881836,5.886250019073486,6.014999866485596,5.9375,8935200.0,5.287693023681641
2006-03-20,5.957499980926514,5.664999961853027,5.875,5.699999809265137,3413600.0,5.076185703277588
2006-03-21,5.75124979019165,5.597499847412109,5.658750057220459,5.658750057220459,4250400.0,5.039450645446777
2006-03-22,5.861249923706055,5.648749828338623,5.658750057220459,5.796249866485596,3592800.0,5.161902904510498
2006-03-23,5.991250038146973,5.841249942779541,5.862500190734863,5.9375,3320800.0,5.287693023681641
2006-03-24,6.054999828338623,5.894999980926514,5.93874979019165,5.989999771118164,2323200.0,5.334447860717773
2006-03-27,6.037499904632568,5.788750171661377,5.965000152587891,6.007500171661377,2560800.0,5.350031852722168
2006-03-28,6.18874979019165,6.037499904632568,6.06125020980835,6.09499979019165,4636800.0,5.427955150604248
2006-03-29,6.269999980926514,6.06125020980835,6.215000152587891,6.203750133514404,3084000.0,5.524805545806885
2006-03-30,6.278749942779541,6.127500057220459,6.25,6.195000171661377,5421600.0,5.517014026641846
2006-03-31,6.137499809265137,5.948750019073486,6.137499809265137,5.991250038146973,4628000.0,5.335560321807861
2006-04-03,6.276249885559082,6.018750190734863,6.052499771118164,6.148749828338623,4862400.0,5.475824356079102
2006-04-04,6.148749828338623,6.037499904632568,6.074999809265137,6.087500095367432,2594400.0,5.4212775230407715
2006-04-05,6.18625020980835,6.051249980926514,6.087500095367432,6.108749866485596,2794400.0,5.440200328826904
2006-04-06,6.34250020980835,6.103750228881836,6.168749809265137,6.322500228881836,4151200.0,5.630558490753174
2006-04-07,6.352499961853027,6.130000114440918,6.31125020980835,6.158750057220459,2979200.0,5.484729766845703
2006-04-10,6.382500171661377,6.21875,6.230000019073486,6.34375,2901600.0,5.649481296539307
2006-04-11,6.428750038146973,6.15749979019165,6.421249866485596,6.182499885559082,2977600.0,5.505880355834961
2006-04-12,6.207499980926514,6.056250095367432,6.152500152587891,6.127500057220459,2233600.0,5.456899642944336
2006-04-13,6.242499828338623,6.010000228881836,6.096250057220459,6.177499771118164,3020800.0,5.501426696777344
2006-04-17,6.364999771118164,6.199999809265137,6.224999904632568,6.34375,2178400.0,5.649481296539307
2006-04-18,6.591249942779541,6.40500020980835,6.40500020980835,6.582499980926514,2304000.0,5.8621039390563965
2006-04-19,6.646249771118164,6.43625020980835,6.582499980926514,6.646249771118164,4515200.0,5.9188761711120605
2006-04-20,6.59499979019165,6.204999923706055,6.587500095367432,6.385000228881836,5023200.0,5.686218738555908
2006-04-21,6.704999923706055,6.446249961853027,6.5625,6.621250152587891,4589600.0,5.896613597869873
2006-04-24,6.621250152587891,6.367499828338623,6.621250152587891,6.381249904632568,3292000.0,5.682878017425537
2006-04-25,6.49875020980835,6.167500019073486,6.463749885559082,6.28249979019165,3490400.0,5.59493350982666
2006-04-26,6.411250114440918,6.131249904632568,6.25124979019165,6.141250133514404,3320800.0,5.469143867492676
2006-04-27,6.21999979019165,5.954999923706055,6.042500019073486,6.06125020980835,4364800.0,5.397900104522705
2006-04-28,6.256249904632568,6.025000095367432,6.098750114440918,6.15749979019165,3276000.0,5.483616352081299
2006-05-01,6.346250057220459,6.202499866485596,6.208749771118164,6.244999885559082,3737600.0,5.5615410804748535
2006-05-02,6.472499847412109,6.298749923706055,6.298749923706055,6.427499771118164,2696000.0,5.7240681648254395
2006-05-03,6.457499980926514,6.267499923706055,6.400000095367432,6.401249885559082,3764000.0,5.7006916999816895
2006-05-04,6.478750228881836,6.226250171661377,6.387499809265137,6.397500038146973,3979200.0,5.69735050201416
2006-05-05,6.777500152587891,6.493750095367432,6.5,6.590000152587891,5775200.0,5.8687825202941895
2006-05-08,6.646249771118164,6.465000152587891,6.590000152587891,6.646249771118164,3524000.0,5.9188761711120605
2006-05-09,6.840000152587891,6.62375020980835,6.646249771118164,6.75124979019165,5201600.0,6.012385368347168
2006-05-10,6.856249809265137,6.673749923706055,6.75124979019165,6.804999828338623,3269600.0,6.0602521896362305
2006-05-11,6.960000038146973,6.567500114440918,6.949999809265137,6.576250076293945,4498400.0,5.856537818908691
2006-05-12,6.545000076293945,6.204999923706055,6.545000076293945,6.247499942779541,6087200.0,5.56376838684082
2006-05-15,6.18874979019165,5.901249885559082,6.112500190734863,6.021249771118164,5391200.0,5.3968305587768555
2006-05-16,6.151249885559082,5.96750020980835,6.117499828338623,6.03000020980835,4026400.0,5.404671669006348
2006-05-17,6.112500190734863,5.758749961853027,6.03000020980835,5.84499979019165,5136800.0,5.238857746124268
2006-05-18,5.90749979019165,5.662499904632568,5.90625,5.676249980926514,4456000.0,5.087609767913818
2006-05-19,5.787499904632568,5.521249771118164,5.676249980926514,5.743750095367432,5322400.0,5.14810848236084
2006-05-22,5.596250057220459,5.360000133514404,5.574999809265137,5.519999980926514,10951200.0,4.947562217712402
2006-05-23,5.650000095367432,5.375,5.625,5.397500038146973,8801600.0,4.837766170501709
2006-05-24,5.474999904632568,5.150000095367432,5.397500038146973,5.263750076293945,8127200.0,4.717885494232178
2006-05-25,5.481249809265137,5.324999809265137,5.375,5.442500114440918,5481600.0,4.87809944152832
2006-05-26,5.556250095367432,5.442500114440918,5.46875,5.53125,3353600.0,4.957645893096924
2006-05-30,5.612500190734863,5.352499961853027,5.598750114440918,5.356249809265137,5296800.0,4.800793647766113
2006-05-31,5.487500190734863,5.296249866485596,5.375,5.483749866485596,4875200.0,4.915072917938232
2006-06-01,5.541250228881836,5.328750133514404,5.375,5.536250114440918,4840800.0,4.962125301361084
2006-06-02,5.668749809265137,5.478750228881836,5.612500190734863,5.651249885559082,4393600.0,5.065201759338379
2006-06-05,5.821249961853027,5.429999828338623,5.78125,5.433750152587891,5744800.0,4.87025785446167
2006-06-06,5.491250038146973,5.3125,5.375,5.391250133514404,6184000.0,4.832164764404297
2006-06-07,5.361249923706055,5.179999828338623,5.360000133514404,5.1875,7183200.0,4.649542331695557
2006-06-08,5.223750114440918,4.962500095367432,5.112500190734863,5.21750020980835,8020000.0,4.676431655883789
2006-06-09,5.256249904632568,4.943749904632568,5.256249904632568,5.005000114440918,7182400.0,4.485968589782715
2006-06-12,5.043749809265137,4.887499809265137,5.023749828338623,4.887499809265137,7050400.0,4.380655288696289
2006-06-13,4.962500095367432,4.78249979019165,4.888750076293945,4.802499771118164,7861600.0,4.304467678070068
2006-06-14,5.016250133514404,4.837500095367432,4.84375,4.965000152587891,6429600.0,4.450118064880371
2006-06-15,5.221250057220459,5.03125,5.03125,5.191249847412109,6672800.0,4.652904510498047
2006-06-16,5.327499866485596,5.143750190734863,5.192500114440918,5.288750171661377,10476000.0,4.740292072296143
2006-06-19,5.258749961853027,5.00124979019165,5.257500171661377,5.03249979019165,6117600.0,4.510616302490234
2006-06-20,5.195000171661377,5.005000114440918,5.083749771118164,5.03125,5371200.0,4.50949764251709
2006-06-21,5.316249847412109,5.0625,5.0625,5.201250076293945,5593600.0,4.661866664886475
2006-06-22,5.231249809265137,5.110000133514404,5.18874979019165,5.195000171661377,6620800.0,4.656265735626221
2006-06-23,5.559999942779541,5.375,5.375,5.5,6088800.0,4.9296369552612305
2006-06-26,5.601250171661377,5.393750190734863,5.50124979019165,5.590000152587891,5032000.0,5.010302543640137
2006-06-27,5.735000133514404,5.525000095367432,5.613749980926514,5.537499904632568,4864000.0,4.963249683380127
2006-06-28,5.641250133514404,5.517499923706055,5.557499885559082,5.607500076293945,5124000.0,5.025989532470703
2006-06-29,5.827499866485596,5.631249904632568,5.650000095367432,5.822500228881836,5100800.0,5.218692779541016
2006-06-30,6.125,5.733749866485596,5.847499847412109,6.125,21204000.0,5.489823341369629
2006-07-03,6.163750171661377,5.96999979019165,6.09375,6.142499923706055,5350400.0,5.505507469177246
2006-07-05,6.135000228881836,5.914999961853027,6.099999904632568,6.081250190734863,4664800.0,5.450608730316162
2006-07-06,6.141250133514404,5.986249923706055,6.081250190734863,6.0,4137600.0,5.377786636352539
2006-07-07,6.127500057220459,5.867499828338623,6.0625,5.889999866485596,2588000.0,5.279194355010986
2006-07-10,5.99875020980835,5.838749885559082,5.889999866485596,5.917500019073486,2320800.0,5.303840637207031
2006-07-11,6.047500133514404,5.9375,5.956250190734863,6.025000095367432,3360000.0,5.400193214416504
2006-07-12,6.09250020980835,5.896249771118164,6.025000095367432,5.9375,3844000.0,5.321767330169678
2006-07-13,5.986249923706055,5.802499771118164,5.958749771118164,5.822500228881836,4779200.0,5.218692779541016
2006-07-14,5.893750190734863,5.692500114440918,5.853750228881836,5.87375020980835,4346400.0,5.264626502990723
2006-07-17,5.84375,5.631249904632568,5.81125020980835,5.65500020980835,3372000.0,5.068563461303711
2006-07-18,5.756249904632568,5.557499885559082,5.699999809265137,5.65500020980835,3699200.0,5.068563461303711
2006-07-19,5.798749923706055,5.637499809265137,5.65749979019165,5.786250114440918,2948000.0,5.186201572418213
2006-07-20,5.821249961853027,5.625,5.786250114440918,5.638750076293945,4456800.0,5.05399751663208
2006-07-21,5.638750076293945,5.481249809265137,5.638750076293945,5.518750190734863,4081600.0,4.94644021987915
2006-07-24,5.903749942779541,5.537499904632568,5.537499904632568,5.861249923706055,6033600.0,5.253424167633057
2006-07-25,6.273749828338623,5.928750038146973,5.962500095367432,6.222499847412109,7684800.0,5.577211856842041
2006-07-26,6.587500095367432,6.223750114440918,6.223750114440918,6.526249885559082,6556800.0,5.849461555480957
2006-07-27,6.551249980926514,6.228750228881836,6.543749809265137,6.309999942779541,6144800.0,5.655637741088867
2006-07-28,6.453750133514404,6.227499961853027,6.31125020980835,6.431250095367432,4457600.0,5.764314651489258
2006-07-31,6.648749828338623,6.457499980926514,6.480000019073486,6.59375,4702400.0,5.909961700439453
2006-08-01,6.776249885559082,6.537499904632568,6.59499979019165,6.712500095367432,5712800.0,6.0163960456848145
2006-08-02,6.96999979019165,6.786250114440918,6.800000190734863,6.851250171661377,8372000.0,6.140758991241455
2006-08-03,6.862500190734863,6.679999828338623,6.6875,6.808750152587891,4661600.0,6.102664947509766
2006-08-04,6.941249847412109,6.741250038146973,6.862500190734863,6.798749923706055,4094400.0,6.093703269958496
2006-08-07,6.9375,6.769999980926514,6.867499828338623,6.893750190734863,5325600.0,6.215419292449951
2006-08-08,6.986249923706055,6.817500114440918,6.893750190734863,6.869999885559082,5930400.0,6.194006443023682
2006-08-09,7.03125,6.836249828338623,6.9375,6.861249923706055,5743200.0,6.186116695404053
2006-08-10,6.862500190734863,6.675000190734863,6.861249923706055,6.8125,4319200.0,6.142165660858154
2006-08-11,6.867499828338623,6.71750020980835,6.824999809265137,6.783750057220459,1756000.0,6.116242408752441
2006-08-14,6.783750057220459,6.59499979019165,6.783750057220459,6.628749847412109,3315200.0,5.9764933586120605
2006-08-15,6.84375,6.699999809265137,6.71875,6.817500114440918,3334400.0,6.146671772003174
2006-08-16,6.903749942779541,6.673749923706055,6.787499904632568,6.71750020980835,3353600.0,6.056511402130127
2006-08-17,6.692500114440918,6.491250038146973,6.691249847412109,6.547500133514404,4418400.0,5.903239727020264
2006-08-18,6.724999904632568,6.53125,6.591249942779541,6.699999809265137,2904000.0,6.04073429107666
2006-08-21,6.851250171661377,6.693749904632568,6.75,6.743750095367432,2762400.0,6.0801777839660645
2006-08-22,6.808750152587891,6.697500228881836,6.773749828338623,6.760000228881836,1798400.0,6.094829559326172
2006-08-23,6.78125,6.56374979019165,6.773749828338623,6.603750228881836,1928000.0,5.953954219818115
2006-08-24,6.766250133514404,6.566249847412109,6.582499980926514,6.75,3511200.0,6.085813522338867
2006-08-25,6.985000133514404,6.808750152587891,6.808750152587891,6.858749866485596,3771200.0,6.183863639831543
2006-08-28,6.864999771118164,6.715000152587891,6.858749866485596,6.767499923706055,2873600.0,6.101592540740967
2006-08-29,6.739999771118164,6.610000133514404,6.650000095367432,6.6875,4152000.0,6.029463291168213
2006-08-30,6.675000190734863,6.337500095367432,6.648749828338623,6.412499904632568,8143200.0,5.78152322769165
2006-08-31,6.457499980926514,6.337500095367432,6.412499904632568,6.382500171661377,5649600.0,5.754473686218262
2006-09-01,6.527500152587891,6.361249923706055,6.382500171661377,6.522500038146973,3320800.0,5.8806986808776855
2006-09-05,6.537499904632568,6.413750171661377,6.491250038146973,6.434999942779541,4134400.0,5.8018083572387695
2006-09-06,6.349999904632568,6.204999923706055,6.349999904632568,6.21750020980835,4630400.0,5.605709075927734
2006-09-07,6.288750171661377,6.131249904632568,6.171249866485596,6.253749847412109,4580000.0,5.638392925262451
2006-09-08,6.264999866485596,5.985000133514404,6.258749961853027,5.985000133514404,4887200.0,5.39608907699585
2006-09-11,5.953750133514404,5.75124979019165,5.953750133514404,5.771249771118164,5284000.0,5.203369617462158
2006-09-12,5.824999809265137,5.616250038146973,5.771249771118164,5.675000190734863,5244800.0,5.116590976715088
2006-09-13,5.792500019073486,5.628749847412109,5.712500095367432,5.739999771118164,7764800.0,5.175195217132568
2006-09-14,5.791250228881836,5.559999942779541,5.758749961853027,5.583749771118164,6458400.0,5.034319877624512
2006-09-15,5.658750057220459,5.538750171661377,5.59375,5.632500171661377,5100800.0,5.078272819519043
2006-09-18,5.916250228881836,5.712500095367432,5.712500095367432,5.889999866485596,7171200.0,5.310436725616455
2006-09-19,5.994999885559082,5.739999771118164,5.941249847412109,5.827499866485596,7361600.0,5.254086971282959
2006-09-20,5.835000038146973,5.618750095367432,5.78125,5.627500057220459,3605600.0,5.073765754699707
2006-09-21,5.783750057220459,5.650000095367432,5.747499942779541,5.724999904632568,4950400.0,5.161670207977295
2006-09-22,5.761250019073486,5.542500019073486,5.737500190734863,5.625,6756800.0,5.0715107917785645
2006-09-25,5.673749923706055,5.451250076293945,5.537499904632568,5.619999885559082,3586400.0,5.0670037269592285
2006-09-26,5.769999980926514,5.591249942779541,5.621250152587891,5.762499809265137,4320800.0,5.195480823516846
2006-09-27,5.943749904632568,5.758749961853027,5.824999809265137,5.875,5818400.0,5.296911716461182
2006-09-28,6.023749828338623,5.893750190734863,5.9375,5.945000171661377,4816000.0,5.360024452209473
2006-09-29,6.028749942779541,5.857500076293945,5.945000171661377,5.991250038146973,4532800.0,5.4017229080200195
2006-10-02,6.010000228881836,5.81374979019165,6.010000228881836,5.833749771118164,3337600.0,5.259720325469971
2006-10-03,5.78125,5.548749923706055,5.78125,5.566249847412109,3936800.0,5.018543720245361
2006-10-04,5.548749923706055,5.321249961853027,5.53249979019165,5.547500133514404,7576800.0,5.001635551452637
2006-10-05,5.768750190734863,5.635000228881836,5.668749809265137,5.712500095367432,4125600.0,5.1503987312316895
2006-10-06,5.797500133514404,5.613749980926514,5.692500114440918,5.766250133514404,2658400.0,5.198863983154297
2006-10-09,5.925000190734863,5.768750190734863,5.824999809265137,5.796249866485596,3608000.0,5.225910186767578
2006-10-10,5.974999904632568,5.768750190734863,5.768750190734863,5.931250095367432,5379200.0,5.347627639770508
2006-10-11,6.021249771118164,5.90500020980835,5.931250095367432,5.949999809265137,5505600.0,5.364531517028809
2006-10-12,6.101250171661377,5.949999809265137,5.96875,6.099999904632568,3633600.0,5.499772071838379
2006-10-13,6.242499828338623,6.131249904632568,6.142499923706055,6.211249828338623,3489600.0,5.600076198577881
2006-10-16,6.414999961853027,6.21875,6.21875,6.414999961853027,2853600.0,5.783777713775635
2006-10-17,6.397500038146973,6.21750020980835,6.396249771118164,6.3125,2847200.0,5.691364288330078
2006-10-18,6.416250228881836,6.230000019073486,6.34375,6.237500190734863,5273600.0,5.623742580413818
2006-10-19,6.422500133514404,6.260000228881836,6.272500038146973,6.421249866485596,2860800.0,5.789412975311279
2006-10-20,6.429999828338623,6.306250095367432,6.421249866485596,6.377500057220459,2252800.0,5.749967575073242
2006-10-23,6.429999828338623,6.304999828338623,6.349999904632568,6.386250019073486,1570400.0,5.757857322692871
2006-10-24,6.65749979019165,6.355000019073486,6.355000019073486,6.644999980926514,3923200.0,5.991145133972168
2006-10-25,6.737500190734863,6.536250114440918,6.536250114440918,6.618750095367432,3576800.0,5.967478275299072
2006-10-26,6.691249847412109,6.457499980926514,6.668749809265137,6.550000190734863,4878400.0,5.905492782592773
2006-10-27,6.788750171661377,6.534999847412109,6.534999847412109,6.610000133514404,4152000.0,5.959590435028076
2006-10-30,6.612500190734863,6.487500190734863,6.611249923706055,6.512499809265137,3727200.0,5.871682643890381
2006-10-31,6.625,6.40625,6.512499809265137,6.613749980926514,2581600.0,5.962971210479736
2006-11-01,6.62624979019165,6.40500020980835,6.613749980926514,6.423749923706055,3497600.0,5.791666507720947
2006-11-02,6.559999942779541,6.336249828338623,6.392499923706055,6.476250171661377,2765600.0,5.8389997482299805
2006-11-03,6.833749771118164,6.512499809265137,6.548749923706055,6.758749961853027,4345600.0,6.093703269958496
2006-11-06,6.828750133514404,6.651249885559082,6.758749961853027,6.821249961853027,2943200.0,6.150054454803467
2006-11-07,6.824999809265137,6.666250228881836,6.824999809265137,6.708749771118164,1751200.0,6.048621654510498
2006-11-08,6.888750076293945,6.676249980926514,6.6875,6.835000038146973,2568000.0,6.162450313568115
2006-11-09,6.951250076293945,6.821249961853027,6.887499809265137,6.861249923706055,3384000.0,6.222531795501709
2006-11-10,6.815000057220459,6.692500114440918,6.815000057220459,6.758749961853027,1998400.0,6.129572868347168
2006-11-13,7.083749771118164,6.787499904632568,6.787499904632568,6.948750019073486,5601600.0,6.3018879890441895
2006-11-14,7.023749828338623,6.853750228881836,6.963749885559082,7.00124979019165,2382400.0,6.349498748779297
2006-11-15,7.213749885559082,6.947500228881836,7.0,7.181250095367432,3435200.0,6.512744426727295
2006-11-16,7.341249942779541,7.118750095367432,7.212500095367432,7.137499809265137,8589600.0,6.473064422607422
2006-11-17,7.43625020980835,7.122499942779541,7.138750076293945,7.362500190734863,6393600.0,6.677121162414551
2006-11-20,7.511250019073486,7.318749904632568,7.363749980926514,7.477499961853027,6775200.0,6.78141450881958
2006-11-21,7.528749942779541,7.4375,7.508749961853027,7.506249904632568,5913600.0,6.807488918304443
2006-11-22,7.577499866485596,7.418749809265137,7.547500133514404,7.508749961853027,4622400.0,6.809753894805908
2006-11-24,7.616250038146973,7.485000133514404,7.539999961853027,7.485000133514404,1889600.0,6.788218021392822
2006-11-27,7.574999809265137,7.366250038146973,7.526249885559082,7.368750095367432,4089600.0,6.682790279388428
2006-11-28,7.460000038146973,7.357500076293945,7.378749847412109,7.420000076293945,4464000.0,6.7292680740356445
2006-11-29,7.741250038146973,7.425000190734863,7.452499866485596,7.716249942779541,4014400.0,6.997939586639404
2006-11-30,7.846250057220459,7.681250095367432,7.731249809265137,7.766250133514404,3691200.0,7.043286323547363
2006-12-01,7.882500171661377,7.591249942779541,7.724999904632568,7.857500076293945,5135200.0,7.12604284286499
2006-12-04,7.881249904632568,7.702499866485596,7.857500076293945,7.761250019073486,5238400.0,7.038752555847168
2006-12-05,7.864999771118164,7.679999828338623,7.792500019073486,7.78125,2292800.0,7.056888103485107
2006-12-06,7.792500019073486,7.6875,7.75,7.756249904632568,4928800.0,7.034217357635498
2006-12-07,8.15250015258789,7.787499904632568,7.787499904632568,8.079999923706055,6796800.0,7.327828407287598
2006-12-08,8.15999984741211,7.863749980926514,8.143750190734863,8.008749961853027,7233600.0,7.26321268081665
2006-12-11,8.177499771118164,7.973750114440918,7.985000133514404,8.104999542236328,4874400.0,7.350501537322998
2006-12-12,8.25,8.081250190734863,8.088749885559082,8.1225004196167,5028000.0,7.366372585296631
2006-12-13,8.21875,8.067500114440918,8.1225004196167,8.142499923706055,2493600.0,7.384509563446045
2006-12-14,8.248749732971191,8.09749984741211,8.1875,8.213749885559082,2653600.0,7.449129581451416
2006-12-15,8.3149995803833,8.119999885559082,8.2475004196167,8.119999885559082,3150400.0,7.364103317260742
2006-12-18,8.125,7.881249904632568,8.12125015258789,7.889999866485596,3891200.0,7.155517578125
2006-12-19,8.163749694824219,7.771249771118164,7.866250038146973,8.114999771118164,4807200.0,7.3595685958862305
2006-12-20,8.270000457763672,8.036250114440918,8.114999771118164,8.036250114440918,3356000.0,7.288151264190674
2006-12-21,8.148750305175781,7.816249847412109,8.146249771118164,7.860000133514404,6923200.0,7.128308296203613
2006-12-22,7.855000019073486,7.6875,7.835000038146973,7.741250038146973,2735200.0,7.020613670349121
2006-12-26,7.793749809265137,7.599999904632568,7.663750171661377,7.666250228881836,3841600.0,6.95259428024292
2006-12-27,7.690000057220459,7.603750228881836,7.667500019073486,7.668749809265137,4733600.0,6.954861640930176
2006-12-28,7.747499942779541,7.617499828338623,7.675000190734863,7.658750057220459,2063200.0,6.945793151855469
2006-12-29,7.668749809265137,7.523749828338623,7.658750057220459,7.581250190734863,3140800.0,6.875506401062012
2007-01-03,7.494999885559082,7.097499847412109,7.493750095367432,7.197500228881836,6292000.0,6.527481555938721
2007-01-04,7.208749771118164,7.036250114440918,7.125,7.076250076293945,5852000.0,6.4175190925598145
2007-01-05,7.184999942779541,7.025000095367432,7.076250076293945,7.147500038146973,4389600.0,6.482136249542236
2007-01-08,7.856249809265137,7.087500095367432,7.856249809265137,7.260000228881836,4396000.0,6.584163188934326
2007-01-09,7.277500152587891,6.96999979019165,7.081250190734863,7.170000076293945,5810400.0,6.5025410652160645
2007-01-10,7.110000133514404,6.966249942779541,7.099999904632568,7.013750076293945,4784000.0,6.360835552215576
2007-01-11,7.292500019073486,6.989999771118164,7.013750076293945,7.021249771118164,4071200.0,6.367638111114502
2007-01-12,7.375,7.059999942779541,7.059999942779541,7.358749866485596,3704000.0,6.673720836639404
2007-01-16,7.369999885559082,7.178750038146973,7.3125,7.256249904632568,4596000.0,6.580760955810547
2007-01-17,7.366250038146973,7.206250190734863,7.212500095367432,7.336249828338623,4624000.0,6.653316020965576
2007-01-18,7.456250190734863,7.1875,7.364999771118164,7.260000228881836,3624000.0,6.584163188934326
2007-01-19,7.50124979019165,7.327499866485596,7.371250152587891,7.481249809265137,4259200.0,6.784816265106201
2007-01-22,7.605000019073486,7.420000076293945,7.53249979019165,7.526249885559082,4369600.0,6.82562780380249
2007-01-23,7.853750228881836,7.548749923706055,7.548749923706055,7.833749771118164,4076000.0,7.1045026779174805
2007-01-24,7.927499771118164,7.661250114440918,7.764999866485596,7.90500020980835,3448800.0,7.169118404388428
2007-01-25,7.877500057220459,7.618750095367432,7.87375020980835,7.663750171661377,3759200.0,6.950326919555664
2007-01-26,7.802499771118164,7.676249980926514,7.706250190734863,7.792500019073486,2887200.0,7.0670928955078125
2007-01-29,7.914999961853027,7.737500190734863,7.792500019073486,7.78125,4083200.0,7.056888103485107
2007-01-30,8.045000076293945,7.752500057220459,7.795000076293945,7.980000019073486,5397600.0,7.237137317657471
2007-01-31,8.181249618530273,7.897500038146973,7.949999809265137,8.107500076293945,6476800.0,7.352769374847412
2007-02-01,8.24625015258789,8.057499885559082,8.162500381469727,8.161250114440918,6687200.0,7.401513576507568
2007-02-02,8.241250038146973,8.007499694824219,8.186249732971191,8.106249809265137,4028000.0,7.351634979248047
2007-02-05,8.319999694824219,8.142499923706055,8.162500381469727,8.248749732971191,3520800.0,7.480870723724365
2007-02-06,8.348750114440918,8.125,8.266249656677246,8.170000076293945,6571200.0,7.409449100494385
2007-02-07,8.257499694824219,7.974999904632568,8.204999923706055,8.081250190734863,4261600.0,7.3650221824646
2007-02-08,8.305000305175781,8.048749923706055,8.0625,8.248749732971191,3776000.0,7.51767635345459
2007-02-09,8.307499885559082,8.177499771118164,8.292499542236328,8.232500076293945,2056800.0,7.502865314483643
2007-02-12,8.182499885559082,7.947500228881836,8.157500267028809,8.023750305175781,2941600.0,7.31261682510376
2007-02-13,8.28499984741211,8.052499771118164,8.052499771118164,8.248749732971191,3576000.0,7.51767635345459
2007-02-14,8.287500381469727,8.112500190734863,8.257499694824219,8.199999809265137,2912800.0,7.473246097564697
2007-02-15,8.225000381469727,8.063750267028809,8.170000076293945,8.212499618530273,2852000.0,7.4846391677856445
2007-02-16,8.5,8.199999809265137,8.199999809265137,8.396249771118164,4568000.0,7.652103424072266
2007-02-20,8.462499618530273,8.3149995803833,8.375,8.462499618530273,5613600.0,7.712480545043945
2007-02-21,8.736249923706055,8.460000038146973,8.46875,8.712499618530273,6188800.0,7.940324306488037
2007-02-22,8.901249885559082,8.707500457763672,8.712499618530273,8.81624984741211,5564800.0,8.03487777709961
2007-02-23,8.978750228881836,8.766249656677246,8.859999656677246,8.821249961853027,6598400.0,8.039437294006348
2007-02-26,8.942500114440918,8.673749923706055,8.862500190734863,8.75,6163200.0,7.974503040313721
2007-02-27,8.75,8.391249656677246,8.75,8.478750228881836,5225600.0,7.727291584014893
2007-02-28,8.569999694824219,8.351249694824219,8.53125,8.461250305175781,4827200.0,7.711343765258789
2007-03-01,8.601249694824219,8.233750343322754,8.387499809265137,8.510000228881836,4265600.0,7.755769729614258
2007-03-02,8.524999618530273,8.27750015258789,8.510000228881836,8.28125,2839200.0,7.547296524047852
2007-03-05,8.323749542236328,8.0912504196167,8.262499809265137,8.135000228881836,4694400.0,7.414007186889648
2007-03-06,8.342499732971191,8.141249656677246,8.305000305175781,8.166250228881836,7257600.0,7.442490100860596
2007-03-07,8.553750038146973,8.083749771118164,8.15625,8.395000457763672,8527200.0,7.650964736938477
2007-03-08,8.470000267028809,8.324999809265137,8.427499771118164,8.366250038146973,4272000.0,7.624763011932373
2007-03-09,8.458749771118164,8.295000076293945,8.40999984741211,8.380000114440918,3202400.0,7.637295246124268
2007-03-12,8.428750038146973,8.271249771118164,8.30875015258789,8.366250038146973,3062400.0,7.624763011932373
2007-03-13,8.49625015258789,8.199999809265137,8.350000381469727,8.211250305175781,2476800.0,7.483500957489014
2007-03-14,8.356249809265137,8.166250228881836,8.248749732971191,8.336250305175781,2607200.0,7.59741735458374
2007-03-15,8.431249618530273,8.305000305175781,8.3774995803833,8.358750343322754,2536000.0,7.617927551269531
2007-03-16,8.452500343322754,8.233750343322754,8.393750190734863,8.318750381469727,3403200.0,7.5814714431762695
2007-03-19,8.515000343322754,8.34749984741211,8.436249732971191,8.489999771118164,2538400.0,7.737543106079102
2007-03-20,8.473750114440918,8.1537504196167,8.460000038146973,8.460000038146973,4137600.0,7.710200786590576
2007-03-21,8.638750076293945,8.438750267028809,8.478750228881836,8.579999923706055,3508000.0,7.819569110870361
2007-03-22,8.807499885559082,8.609999656677246,8.641249656677246,8.774999618530273,3559200.0,7.997286796569824
2007-03-23,8.863750457763672,8.56624984741211,8.77750015258789,8.707500457763672,3760800.0,7.935769081115723
2007-03-26,8.74625015258789,8.542499542236328,8.71875,8.668749809265137,3776800.0,7.900453090667725
2007-03-27,8.68375015258789,8.548749923706055,8.668749809265137,8.601249694824219,2578400.0,7.838930130004883
2007-03-28,8.647500038146973,8.518750190734863,8.619999885559082,8.623749732971191,2646400.0,7.85943603515625
2007-03-29,8.646249771118164,8.44124984741211,8.625,8.5625,8130400.0,7.803619861602783
2007-03-30,8.513750076293945,8.286250114440918,8.481249809265137,8.414999961853027,7664800.0,7.669191360473633
2007-04-02,8.75,8.40999984741211,8.4375,8.717499732971191,5962400.0,7.944884300231934
2007-04-03,8.692500114440918,8.585000038146973,8.640000343322754,8.637499809265137,4154800.0,7.8719706535339355
2007-04-04,8.694999694824219,8.555000305175781,8.640000343322754,8.6875,2684000.0,7.917538166046143
2007-04-05,8.7475004196167,8.614999771118164,8.704999923706055,8.6875,2570400.0,7.917538166046143
2007-04-09,8.779999732971191,8.609999656677246,8.649999618530273,8.664999961853027,2399600.0,7.897034645080566
2007-04-10,8.887499809265137,8.637499809265137,8.637499809265137,8.875,4720400.0,8.088420867919922
2007-04-11,8.9375,8.8100004196167,8.875,8.854999542236328,5642400.0,8.070194244384766
2007-04-12,8.9975004196167,8.797499656677246,8.960000038146973,8.987500190734863,4963600.0,8.190954208374023
2007-04-13,8.960000038146973,8.822500228881836,8.960000038146973,8.897500038146973,2737200.0,8.108925819396973
2007-04-16,8.914999961853027,8.767499923706055,8.899999618530273,8.852499961853027,2971600.0,8.067914009094238
2007-04-17,8.930000305175781,8.640000343322754,8.854999542236328,8.677499771118164,2971600.0,7.9084248542785645
2007-04-18,8.817500114440918,8.529999732971191,8.677499771118164,8.774999618530273,5254400.0,7.997286796569824
2007-04-19,8.827500343322754,8.595000267028809,8.75,8.664999961853027,5964800.0,7.897034645080566
2007-04-20,8.880000114440918,8.494999885559082,8.6850004196167,8.869999885559082,4912400.0,8.083864212036133
2007-04-23,9.039999961853027,8.734999656677246,8.832500457763672,9.0,4950800.0,8.202342987060547
2007-04-24,9.092499732971191,8.952500343322754,9.0,8.979999542236328,4265200.0,8.184113502502441
2007-04-25,9.237500190734863,9.005000114440918,9.085000038146973,9.175000190734863,2643600.0,8.361834526062012
2007-04-26,9.3149995803833,9.024999618530273,9.142499923706055,9.197500228881836,5462800.0,8.382340431213379
2007-04-27,9.262499809265137,9.0649995803833,9.145000457763672,9.220000267028809,3860000.0,8.402843475341797
2007-04-30,9.367500305175781,9.09000015258789,9.149999618530273,9.104999542236328,3918000.0,8.298038482666016
2007-05-01,9.3100004196167,8.8774995803833,8.882499694824219,9.234999656677246,7291600.0,8.416513442993164
2007-05-02,9.452500343322754,9.237500190734863,9.272500038146973,9.40250015258789,5468800.0,8.569169998168945
2007-05-03,9.457500457763672,9.244999885559082,9.350000381469727,9.392499923706055,4034400.0,8.560056686401367
2007-05-04,9.482500076293945,9.34000015258789,9.449999809265137,9.399999618530273,4502400.0,8.566895484924316
2007-05-07,9.4399995803833,9.329999923706055,9.399999618530273,9.397500038146973,2041200.0,8.564615249633789
2007-05-08,9.432499885559082,9.2524995803833,9.345000267028809,9.404999732971191,2523200.0,8.571452140808105
2007-05-09,9.404999732971191,9.109999656677246,9.404999732971191,9.25,3726800.0,8.430191993713379
2007-05-10,9.337499618530273,9.114999771118164,9.262499809265137,9.145000457763672,3295600.0,8.334494590759277
2007-05-11,9.3149995803833,9.15999984741211,9.194999694824219,9.28499984741211,1254800.0,8.462082862854004
2007-05-14,9.382499694824219,9.234999656677246,9.279999732971191,9.342499732971191,1876800.0,8.542088508605957
2007-05-15,9.545000076293945,9.244999885559082,9.342499732971191,9.3125,4861200.0,8.514657974243164
2007-05-16,9.367500305175781,9.137499809265137,9.282500267028809,9.367500305175781,2331600.0,8.564943313598633
2007-05-17,9.537500381469727,9.227499961853027,9.3100004196167,9.512499809265137,4032000.0,8.697521209716797
2007-05-18,9.65250015258789,9.539999961853027,9.5625,9.607500076293945,2950400.0,8.78438663482666
2007-05-21,9.710000038146973,9.482500076293945,9.587499618530273,9.647500038146973,3696800.0,8.820961952209473
2007-05-22,9.887499809265137,9.617500305175781,9.647500038146973,9.8149995803833,5997200.0,8.974104881286621
2007-05-23,9.982500076293945,9.720000267028809,9.767499923706055,9.727499961853027,3439600.0,8.894102096557617
2007-05-24,9.927499771118164,9.5,9.729999542236328,9.5600004196167,3322400.0,8.740952491760254
2007-05-25,9.760000228881836,9.607500076293945,9.654999732971191,9.72249984741211,1809200.0,8.889533996582031
2007-05-29,9.725000381469727,9.537500381469727,9.725000381469727,9.612500190734863,1506800.0,8.788954734802246
2007-05-30,9.792499542236328,9.557499885559082,9.612500190734863,9.78499984741211,2613200.0,8.94667911529541
2007-05-31,9.899999618530273,9.692500114440918,9.8100004196167,9.75,1900000.0,8.914670944213867
2007-06-01,9.84749984741211,9.6225004196167,9.8125,9.637499809265137,3520400.0,8.811811447143555
2007-06-04,9.8725004196167,9.592499732971191,9.592499732971191,9.8725004196167,6698800.0,9.026680946350098
2007-06-05,9.962499618530273,9.782500267028809,9.869999885559082,9.944999694824219,2188400.0,9.09296703338623
2007-06-06,9.949999809265137,9.672499656677246,9.944999694824219,9.712499618530273,2772800.0,8.880391120910645
2007-06-07,9.822500228881836,9.457500457763672,9.712499618530273,9.457500457763672,3514400.0,8.647237777709961
2007-06-08,9.4375,9.217499732971191,9.395000457763672,9.4375,3508800.0,8.628946304321289
2007-06-11,9.542499542236328,9.385000228881836,9.427499771118164,9.385000228881836,2320000.0,8.580945014953613
2007-06-12,9.852499961853027,9.387499809265137,9.387499809265137,9.727499961853027,6229600.0,8.894102096557617
2007-06-13,10.302499771118164,9.75,9.75,10.22249984741211,7917200.0,9.346693992614746
2007-06-14,10.522500038146973,10.319999694824219,10.322500228881836,10.4375,3779200.0,9.543272972106934
2007-06-15,10.542499542236328,10.432499885559082,10.477499961853027,10.460000038146973,2820800.0,9.56384563446045
2007-06-18,10.625,10.432499885559082,10.600000381469727,10.470000267028809,2494000.0,9.572989463806152
2007-06-19,10.425000190734863,10.287500381469727,10.420000076293945,10.327500343322754,2828000.0,9.442699432373047
2007-06-20,10.47249984741211,9.952500343322754,10.3149995803833,9.9975004196167,3411600.0,9.140968322753906
2007-06-21,10.322500228881836,10.0024995803833,10.0600004196167,10.322500228881836,2751200.0,9.438130378723145
2007-06-22,10.362500190734863,10.017499923706055,10.337499618530273,10.037500381469727,5990800.0,9.177542686462402
2007-06-25,9.984999656677246,9.682499885559082,9.975000381469727,9.734999656677246,4206000.0,8.900960922241211
2007-06-26,9.757499694824219,9.332500457763672,9.704999923706055,9.359999656677246,5157200.0,8.558089256286621
2007-06-27,9.470000267028809,9.1274995803833,9.257499694824219,9.4350004196167,5913200.0,8.626659393310547
2007-06-28,9.567500114440918,9.119999885559082,9.452500343322754,9.162500381469727,4946000.0,8.377508163452148
2007-06-29,9.3725004196167,9.157500267028809,9.237500190734863,9.220000267028809,3626800.0,8.430081367492676
2007-07-02,9.352499961853027,9.149999618530273,9.2524995803833,9.317500114440918,3583200.0,8.519231796264648
2007-07-03,9.4975004196167,9.327500343322754,9.399999618530273,9.404999732971191,1753600.0,8.599236488342285
2007-07-05,9.477499961853027,9.295000076293945,9.475000381469727,9.4399995803833,2535200.0,8.631234169006348
2007-07-06,9.5649995803833,9.329999923706055,9.4975004196167,9.369999885559082,2281600.0,8.567228317260742
2007-07-09,9.577500343322754,9.40999984741211,9.430000305175781,9.494999885559082,2440000.0,8.68152141571045
2007-07-10,9.5024995803833,9.322500228881836,9.425000190734863,9.395000457763672,2722400.0,8.59009075164795
2007-07-11,9.510000228881836,9.28499984741211,9.385000228881836,9.5,2736400.0,8.686097145080566
2007-07-12,9.609999656677246,9.27750015258789,9.5625,9.382499694824219,3205200.0,8.578660011291504
2007-07-13,9.539999961853027,9.342499732971191,9.342499732971191,9.457500457763672,2206000.0,8.647237777709961
2007-07-16,9.47249984741211,9.204999923706055,9.40250015258789,9.28499984741211,2950400.0,8.48951530456543
2007-07-17,9.59000015258789,9.287500381469727,9.34749984741211,9.297499656677246,3231200.0,8.50094223022461
2007-07-18,9.427499771118164,9.15250015258789,9.260000228881836,9.352499961853027,3300800.0,8.55123233795166
2007-07-19,9.59749984741211,9.342499732971191,9.40999984741211,9.59749984741211,2591200.0,8.775238990783691
2007-07-20,9.614999771118164,9.272500038146973,9.609999656677246,9.28499984741211,2137200.0,8.48951530456543
2007-07-23,9.392499923706055,9.15250015258789,9.392499923706055,9.192500114440918,2653600.0,8.404938697814941
2007-07-24,9.085000038146973,8.694999694824219,9.0649995803833,8.739999771118164,3903200.0,7.991204261779785
2007-07-25,8.857500076293945,8.484999656677246,8.817500114440918,8.795000076293945,3454800.0,8.041495323181152
2007-07-26,8.59749984741211,7.84499979019165,8.342499732971191,8.482500076293945,7617600.0,7.755767822265625
2007-07-27,8.7475004196167,8.27750015258789,8.7475004196167,8.40999984741211,5570000.0,7.689477920532227
2007-07-30,8.699999809265137,8.40999984741211,8.462499618530273,8.59000015258789,4576400.0,7.854060173034668
2007-07-31,8.952500343322754,8.550000190734863,8.75,8.550000190734863,3419600.0,7.8174848556518555
2007-08-01,8.787500381469727,8.3725004196167,8.625,8.630000114440918,5180800.0,7.8906331062316895
2007-08-02,8.8125,8.475000381469727,8.672499656677246,8.635000228881836,3290400.0,7.895203590393066
2007-08-03,8.707500457763672,8.237500190734863,8.567500114440918,8.300000190734863,3853200.0,7.588901519775391
2007-08-06,8.262499809265137,7.849999904632568,8.239999771118164,8.204999923706055,4043200.0,7.502039432525635
2007-08-07,8.2524995803833,7.852499961853027,8.079999923706055,8.194999694824219,5279200.0,7.492898941040039
2007-08-08,8.329999923706055,8.024999618530273,8.289999961853027,8.1875,7649600.0,7.513547420501709
2007-08-09,8.399999618530273,7.90749979019165,8.114999771118164,7.96750020980835,6490800.0,7.311656951904297
2007-08-10,7.977499961853027,7.497499942779541,7.875,7.897500038146973,7636000.0,7.247419357299805
2007-08-13,8.385000228881836,8.005000114440918,8.005000114440918,8.172499656677246,5391600.0,7.499781608581543
2007-08-14,8.572500228881836,8.21500015258789,8.5,8.322500228881836,8240000.0,7.637435436248779
2007-08-15,8.587499618530273,8.21500015258789,8.390000343322754,8.265000343322754,6155200.0,7.584666728973389
2007-08-16,8.204999923706055,7.75,8.137499809265137,8.085000038146973,4742800.0,7.419485092163086
2007-08-17,8.3125,7.887499809265137,8.199999809265137,8.244999885559082,4328000.0,7.566312313079834
2007-08-20,8.25,7.949999809265137,8.087499618530273,8.15999984741211,2102400.0,7.488308906555176
2007-08-21,8.242500305175781,7.994999885559082,8.0600004196167,8.1225004196167,2576000.0,7.453897953033447
2007-08-22,8.21500015258789,8.020000457763672,8.170000076293945,8.149999618530273,2866800.0,7.4791340827941895
2007-08-23,8.414999961853027,8.220000267028809,8.2524995803833,8.327500343322754,3802800.0,7.642024040222168
2007-08-24,8.425000190734863,8.2524995803833,8.3725004196167,8.412500381469727,1800400.0,7.720026969909668
2007-08-27,8.375,8.09749984741211,8.305000305175781,8.210000038146973,1818400.0,7.534192085266113
2007-08-28,8.182499885559082,7.860000133514404,8.147500038146973,7.887499809265137,3137200.0,7.238241195678711
2007-08-29,8.197500228881836,7.920000076293945,7.949999809265137,8.182499885559082,1891200.0,7.50895881652832
2007-08-30,8.307499885559082,7.952499866485596,8.112500190734863,8.010000228881836,2980400.0,7.350658893585205
2007-08-31,8.350000381469727,8.072500228881836,8.157500267028809,8.335000038146973,2001200.0,7.6489057540893555
2007-09-04,8.604999542236328,8.234999656677246,8.272500038146973,8.520000457763672,2454400.0,7.818674564361572
2007-09-05,8.542499542236328,8.404999732971191,8.404999732971191,8.494999885559082,2305200.0,7.795736789703369
2007-09-06,8.625,8.417499542236328,8.547499656677246,8.517499923706055,1742800.0,7.816381931304932
2007-09-07,8.4399995803833,8.232500076293945,8.4399995803833,8.292499542236328,1420400.0,7.6099019050598145
2007-09-10,8.350000381469727,8.125,8.255000114440918,8.3149995803833,2150400.0,7.630550861358643
2007-09-11,8.632499694824219,8.337499618530273,8.3774995803833,8.612500190734863,2430800.0,7.903567790985107
2007-09-12,8.960000038146973,8.612500190734863,8.6225004196167,8.899999618530273,3974000.0,8.167397499084473
2007-09-13,8.947500228881836,8.800000190734863,8.899999618530273,8.890000343322754,3214400.0,8.158223152160645
2007-09-14,8.9350004196167,8.807499885559082,8.8149995803833,8.922499656677246,1656000.0,8.188045501708984
2007-09-17,8.977499961853027,8.795000076293945,8.890000343322754,8.832500457763672,2221200.0,8.105454444885254
2007-09-18,8.9975004196167,8.604999542236328,8.797499656677246,8.987500190734863,2122800.0,8.247696876525879
2007-09-19,9.234999656677246,8.984999656677246,9.047499656677246,9.109999656677246,2745600.0,8.360111236572266
2007-09-20,9.414999961853027,9.0600004196167,9.154999732971191,9.194999694824219,4298000.0,8.438117027282715
2007-09-21,9.342499732971191,9.1225004196167,9.207500457763672,9.135000228881836,2054800.0,8.383056640625
2007-09-24,9.132499694824219,8.827500343322754,9.050000190734863,8.90999984741211,2968000.0,8.17657470703125
2007-09-25,8.8725004196167,8.670000076293945,8.852499961853027,8.744999885559082,3161200.0,8.02515697479248
2007-09-26,8.859999656677246,8.680000305175781,8.800000190734863,8.75,2480400.0,8.02974796295166
2007-09-27,8.8125,8.664999961853027,8.774999618530273,8.734999656677246,3527600.0,8.015981674194336
2007-09-28,8.892499923706055,8.7524995803833,8.7524995803833,8.789999961853027,3211600.0,8.066451072692871
2007-10-01,8.975000381469727,8.762499809265137,8.762499809265137,8.970000267028809,2484800.0,8.231637001037598
2007-10-02,9.072500228881836,8.922499656677246,8.925000190734863,9.057499885559082,3082800.0,8.31193733215332
2007-10-03,9.0649995803833,8.837499618530273,9.037500381469727,8.895000457763672,4549600.0,8.162808418273926
2007-10-04,9.057499885559082,8.707500457763672,8.824999809265137,9.037500381469727,4252800.0,8.29358196258545
2007-10-05,9.352499961853027,8.989999771118164,9.024999618530273,9.307499885559082,5323600.0,8.541354179382324
2007-10-08,9.345000267028809,9.03499984741211,9.28499984741211,9.077500343322754,2823200.0,8.330288887023926
2007-10-09,9.260000228881836,9.085000038146973,9.125,9.257499694824219,3951200.0,8.495469093322754
2007-10-10,9.192500114440918,9.067500114440918,9.162500381469727,9.147500038146973,2727200.0,8.394526481628418
2007-10-11,9.532500267028809,9.164999961853027,9.274999618530273,9.244999885559082,3509200.0,8.484002113342285
2007-10-12,9.397500038146973,9.182499885559082,9.239999771118164,9.305000305175781,2461200.0,8.539058685302734
2007-10-15,9.649999618530273,9.425000190734863,9.425000190734863,9.5625,2627200.0,8.77536392211914
2007-10-16,9.569999694824219,9.417499542236328,9.515000343322754,9.467499732971191,3300000.0,8.688183784484863
2007-10-17,9.6899995803833,9.4375,9.609999656677246,9.572500228881836,3255200.0,8.78454303741455
2007-10-18,9.84000015258789,9.507499694824219,9.572500228881836,9.789999961853027,2793200.0,8.984139442443848
2007-10-19,9.739999771118164,9.342499732971191,9.739999771118164,9.375,2755200.0,8.60329818725586
2007-10-22,9.317500114440918,9.015000343322754,9.234999656677246,9.175000190734863,2747200.0,8.41976261138916
2007-10-23,9.367500305175781,9.119999885559082,9.335000038146973,9.1850004196167,3046400.0,8.428936958312988
2007-10-24,9.307499885559082,9.032500267028809,9.112500190734863,9.25,3872400.0,8.488593101501465
2007-10-25,9.3774995803833,9.074999809265137,9.337499618530273,9.282500267028809,3786400.0,8.518415451049805
2007-10-26,9.532500267028809,9.332500457763672,9.397500038146973,9.444999694824219,3627200.0,8.667534828186035
2007-10-29,9.8125,9.5649995803833,9.5649995803833,9.645000457763672,5755200.0,8.85107421875
2007-10-30,9.635000228881836,9.412500381469727,9.59000015258789,9.5,2737200.0,8.718012809753418
2007-10-31,9.962499618530273,9.529999732971191,9.5600004196167,9.922499656677246,4114400.0,9.105731010437012
2007-11-01,10.042499542236328,9.744999885559082,9.800000190734863,9.824999809265137,2765200.0,9.016256332397461
2007-11-02,9.992500305175781,9.770000457763672,9.875,9.885000228881836,2273600.0,9.071318626403809
2007-11-05,9.8774995803833,9.6899995803833,9.78499984741211,9.802499771118164,2246400.0,8.995609283447266
2007-11-06,9.897500038146973,9.712499618530273,9.75,9.78499984741211,4879600.0,8.979551315307617
2007-11-07,9.787500381469727,9.449999809265137,9.787500381469727,9.454999923706055,3550000.0,8.703396797180176
2007-11-08,9.630000114440918,9.25,9.522500038146973,9.479999542236328,4468000.0,8.726407051086426
2007-11-09,9.482500076293945,9.175000190734863,9.482500076293945,9.210000038146973,3350000.0,8.477873802185059
2007-11-12,9.095000267028809,8.6875,9.045000076293945,8.6875,3171200.0,7.99690580368042
2007-11-13,8.885000228881836,8.587499618530273,8.694999694824219,8.807499885559082,5131200.0,8.107366561889648
2007-11-14,9.0,8.78499984741211,8.869999885559082,8.78499984741211,2196400.0,8.086658477783203
2007-11-15,8.962499618530273,8.682499885559082,8.75,8.78499984741211,3194400.0,8.086658477783203
2007-11-16,8.932499885559082,8.765000343322754,8.805000305175781,8.817500114440918,3125600.0,8.116573333740234
2007-11-19,8.757499694824219,8.487500190734863,8.699999809265137,8.539999961853027,3190000.0,7.861135482788086
2007-11-20,8.957500457763672,8.657500267028809,8.710000038146973,8.762499809265137,5183600.0,8.065946578979492
2007-11-21,8.762499809265137,8.479999542236328,8.7475004196167,8.5,2909600.0,7.824312210083008
2007-11-23,8.805000305175781,8.52750015258789,8.587499618530273,8.772500038146973,768000.0,8.075149536132812
2007-11-26,8.907500267028809,8.585000038146973,8.795000076293945,8.612500190734863,2210800.0,7.927874565124512
2007-11-27,8.600000381469727,8.295000076293945,8.595000267028809,8.414999961853027,3963600.0,7.746069431304932
2007-11-28,8.550000190734863,8.257499694824219,8.470000267028809,8.460000038146973,2948000.0,7.7874908447265625
2007-11-29,8.677499771118164,8.422499656677246,8.460000038146973,8.512499809265137,2654800.0,7.835818767547607
2007-11-30,8.65250015258789,8.512499809265137,8.604999542236328,8.604999542236328,2538800.0,7.920966148376465
2007-12-03,8.642499923706055,8.5,8.522500038146973,8.532500267028809,1877200.0,7.85422945022583
2007-12-04,8.574999809265137,8.367500305175781,8.46500015258789,8.397500038146973,2677200.0,7.7299604415893555
2007-12-05,8.702500343322754,8.5,8.5,8.699999809265137,2936800.0,8.00841236114502
2007-12-06,9.162500381469727,8.614999771118164,8.657500267028809,9.1225004196167,4686000.0,8.39732837677002
2007-12-07,9.307499885559082,9.050000190734863,9.102499961853027,9.199999809265137,5232000.0,8.468667984008789
2007-12-10,9.552499771118164,9.199999809265137,9.199999809265137,9.470000267028809,6889600.0,8.717205047607422
2007-12-11,9.550000190734863,9.119999885559082,9.522500038146973,9.157500267028809,3213600.0,8.429545402526855
2007-12-12,9.47249984741211,9.265000343322754,9.369999885559082,9.380000114440918,3518000.0,8.634360313415527
2007-12-13,9.40999984741211,9.15999984741211,9.332500457763672,9.229999542236328,5526400.0,8.496278762817383
2007-12-14,9.337499618530273,9.125,9.274999618530273,9.3149995803833,6768400.0,8.57452392578125
2007-12-17,9.420000076293945,9.225000381469727,9.3125,9.255000114440918,4255200.0,8.519296646118164
2007-12-18,9.555000305175781,9.297499656677246,9.307499885559082,9.489999771118164,4863200.0,8.735614776611328
2007-12-19,9.680000305175781,9.5,9.5,9.640000343322754,3624000.0,8.87369155883789
2007-12-20,9.782500267028809,9.59749984741211,9.649999618530273,9.7524995803833,4552400.0,8.97724723815918
2007-12-21,9.925000190734863,9.792499542236328,9.859999656677246,9.862500190734863,3787200.0,9.07850456237793
2007-12-24,9.96500015258789,9.807499885559082,9.8100004196167,9.925000190734863,1177200.0,9.13603687286377
2007-12-26,10.167499542236328,9.869999885559082,9.975000381469727,10.1274995803833,2249200.0,9.322440147399902
2007-12-27,10.135000228881836,9.960000038146973,10.085000038146973,9.982500076293945,2160800.0,9.188963890075684
2007-12-28,10.287500381469727,9.9975004196167,10.042499542236328,10.225000381469727,2422400.0,9.412189483642578
2007-12-31,10.204999923706055,10.067500114440918,10.170000076293945,10.092499732971191,2266400.0,9.290220260620117
2008-01-02,10.432499885559082,10.069999694824219,10.069999694824219,10.367500305175781,3006400.0,9.543360710144043
2008-01-03,10.555000305175781,10.289999961853027,10.289999961853027,10.52750015258789,3576800.0,9.690640449523926
2008-01-04,10.479999542236328,10.255000114440918,10.479999542236328,10.350000381469727,4307200.0,9.527255058288574
2008-01-07,10.492500305175781,10.142499923706055,10.162500381469727,10.317500114440918,4183200.0,9.497335433959961
2008-01-08,10.444999694824219,10.095000267028809,10.397500038146973,10.137499809265137,4738000.0,9.331645011901855
2008-01-09,10.475000381469727,10.032500267028809,10.175000190734863,10.4375,3796800.0,9.607793807983398
2008-01-10,10.59000015258789,10.225000381469727,10.345000267028809,10.515000343322754,4882400.0,9.679130554199219
2008-01-11,10.625,10.359999656677246,10.524999618530273,10.484999656677246,4225200.0,9.651521682739258
2008-01-14,10.947500228881836,10.595000267028809,10.612500190734863,10.895000457763672,4633600.0,10.028923988342285
2008-01-15,10.845000267028809,10.557499885559082,10.744999885559082,10.5625,5395600.0,9.722859382629395
2008-01-16,10.489999771118164,9.947500228881836,10.454999923706055,10.177499771118164,4874400.0,9.368462562561035
2008-01-17,10.422499656677246,9.619999885559082,10.212499618530273,9.632499694824219,4839200.0,8.866789817810059
2008-01-18,9.875,9.425000190734863,9.682499885559082,9.779999732971191,4237600.0,9.00256061553955
2008-01-22,9.654999732971191,9.137499809265137,9.34000015258789,9.510000228881836,5884800.0,8.754023551940918
2008-01-23,9.477499961853027,8.725000381469727,9.352499961853027,9.46500015258789,8493200.0,8.712602615356445
2008-01-24,9.807499885559082,9.4350004196167,9.4350004196167,9.712499618530273,4280400.0,8.9404296875
2008-01-25,9.90250015258789,9.364999771118164,9.782500267028809,9.4375,3932400.0,8.687287330627441
2008-01-28,9.739999771118164,9.3725004196167,9.5,9.702500343322754,4125200.0,8.931221961975098
2008-01-29,9.864999771118164,9.492500305175781,9.772500038146973,9.614999771118164,3622400.0,8.850677490234375
2008-01-30,9.767499923706055,9.520000457763672,9.617500305175781,9.577500343322754,5281600.0,8.816161155700684
2008-01-31,9.680000305175781,9.332500457763672,9.449999809265137,9.670000076293945,5105600.0,8.901307106018066
2008-02-01,9.852499961853027,9.600000381469727,9.649999618530273,9.800000190734863,2714800.0,9.020971298217773
2008-02-04,10.037500381469727,9.642499923706055,9.75,9.975000381469727,3019200.0,9.182062149047852
2008-02-05,9.84749984741211,9.567500114440918,9.737500190734863,9.585000038146973,3384400.0,8.849678039550781
2008-02-06,9.770000457763672,9.395000457763672,9.654999732971191,9.417499542236328,3285600.0,8.695027351379395
2008-02-07,9.632499694824219,9.267499923706055,9.392499923706055,9.582500457763672,3598000.0,8.847373962402344
2008-02-08,10.28499984741211,9.712499618530273,9.712499618530273,10.255000114440918,9706400.0,9.468279838562012
2008-02-11,10.712499618530273,10.257499694824219,10.3100004196167,10.65250015258789,5012800.0,9.835285186767578
2008-02-12,10.914999961853027,10.537500381469727,10.677499771118164,10.734999656677246,5011600.0,9.911458969116211
2008-02-13,11.047499656677246,10.694999694824219,10.707500457763672,10.875,4622400.0,10.040717124938965
2008-02-14,11.707500457763672,11.0649995803833,11.0649995803833,11.512499809265137,13106000.0,10.629311561584473
2008-02-15,11.699999809265137,11.319999694824219,11.569999694824219,11.532500267028809,10460800.0,10.647777557373047
2008-02-19,12.199999809265137,11.680000305175781,11.680000305175781,11.96500015258789,6420800.0,11.047094345092773
2008-02-20,12.449999809265137,11.789999961853027,11.869999885559082,12.342499732971191,6512000.0,11.395634651184082
2008-02-21,12.430000305175781,12.050000190734863,12.430000305175781,12.140000343322754,5444000.0,11.208670616149902
2008-02-22,12.332500457763672,11.917499542236328,12.175000190734863,12.212499618530273,3677200.0,11.275609016418457
2008-02-25,12.842499732971191,12.237500190734863,12.237500190734863,12.637499809265137,8887600.0,11.668004989624023
2008-02-26,13.042499542236328,12.529999732971191,12.692500114440918,12.837499618530273,9606000.0,11.852660179138184
2008-02-27,12.837499618530273,12.282500267028809,12.72249984741211,12.364999771118164,8781600.0,11.416406631469727
2008-02-28,12.875,12.4399995803833,12.482500076293945,12.787500381469727,8378000.0,11.806495666503906
2008-02-29,12.8100004196167,12.27750015258789,12.8100004196167,12.4375,4720800.0,11.483345031738281
2008-03-03,12.912500381469727,12.335000038146973,12.510000228881836,12.625,4582400.0,11.656462669372559
2008-03-04,12.875,12.125,12.635000228881836,12.520000457763672,4886400.0,11.559518814086914
2008-03-05,12.852499961853027,12.5649995803833,12.647500038146973,12.7524995803833,4638000.0,11.77418041229248
2008-03-06,12.885000228881836,12.444999694824219,12.625,12.585000038146973,5512400.0,11.619528770446777
2008-03-07,12.577500343322754,12.170000076293945,12.537500381469727,12.357500076293945,5105200.0,11.409482955932617
2008-03-10,12.3774995803833,11.960000038146973,12.262499809265137,12.114999771118164,4011200.0,11.185586929321289
2008-03-11,12.449999809265137,11.979999542236328,12.352499961853027,12.237500190734863,6884800.0,11.298691749572754
2008-03-12,12.357500076293945,12.0,12.109999656677246,12.072500228881836,3700000.0,11.146347045898438
2008-03-13,12.837499618530273,11.8774995803833,11.967499732971191,12.727499961853027,6892400.0,11.7510986328125
2008-03-14,13.967499732971191,12.645000457763672,13.142499923706055,13.352499961853027,10674000.0,12.32815170288086
2008-03-17,13.119999885559082,12.197500228881836,13.0600004196167,12.244999885559082,8866400.0,11.305614471435547
2008-03-18,12.765000343322754,12.3100004196167,12.479999542236328,12.757499694824219,4362000.0,11.778797149658203
2008-03-19,12.779999732971191,11.664999961853027,12.779999732971191,11.692500114440918,6310400.0,10.79549789428711
2008-03-20,11.510000228881836,10.739999771118164,11.4975004196167,11.40999984741211,9261600.0,10.53466796875
2008-03-24,11.9975004196167,11.432499885559082,11.524999618530273,11.84749984741211,4612800.0,10.938610076904297
2008-03-25,12.46500015258789,11.895000457763672,11.895000457763672,12.295000076293945,8012400.0,11.351778030395508
2008-03-26,12.904999732971191,12.319999694824219,12.319999694824219,12.827500343322754,5634400.0,11.843427658081055
2008-03-27,13.092499732971191,12.717499732971191,12.862500190734863,12.717499732971191,4746800.0,11.741865158081055
2008-03-28,12.882499694824219,12.587499618530273,12.824999809265137,12.662500381469727,2292000.0,11.69108772277832
2008-03-31,12.875,12.395000457763672,12.774999618530273,12.710000038146973,4068000.0,11.734942436218262
2008-04-01,13.057499885559082,12.47249984741211,12.864999771118164,12.869999885559082,6174400.0,11.882670402526855
2008-04-02,13.572500228881836,12.925000190734863,13.0024995803833,13.40999984741211,4773200.0,12.381239891052246
2008-04-03,13.645000457763672,13.100000381469727,13.125,13.399999618530273,3566000.0,12.372007369995117
2008-04-04,13.8774995803833,13.547499656677246,13.547499656677246,13.710000038146973,3915600.0,12.658224105834961
2008-04-07,14.244999885559082,13.727499961853027,13.8725004196167,13.920000076293945,4477200.0,12.852116584777832
2008-04-08,14.387499809265137,13.852499961853027,13.852499961853027,14.244999885559082,4510800.0,13.152182579040527
2008-04-09,14.75,14.345000267028809,14.484999656677246,14.510000228881836,6236800.0,13.396855354309082
2008-04-10,14.727499961853027,14.104999542236328,14.602499961853027,14.354999542236328,4692000.0,13.253743171691895
2008-04-11,14.517499923706055,14.079999923706055,14.427499771118164,14.40250015258789,3117600.0,13.297601699829102
2008-04-14,14.75,14.324999809265137,14.510000228881836,14.479999542236328,2651200.0,13.369154930114746
2008-04-15,14.967499732971191,14.390000343322754,14.720000267028809,14.852499961853027,4312400.0,13.713078498840332
2008-04-16,15.367500305175781,14.854999542236328,15.0,15.337499618530273,4418800.0,14.160870552062988
2008-04-17,15.619999885559082,14.84749984741211,15.484999656677246,15.0600004196167,3848800.0,13.904659271240234
2008-04-18,15.369999885559082,14.8125,15.175000190734863,15.3149995803833,3480400.0,14.140097618103027
2008-04-21,15.467499732971191,14.975000381469727,15.3149995803833,15.327500343322754,3600400.0,14.151638984680176
2008-04-22,15.537500381469727,14.774999618530273,15.385000228881836,14.84000015258789,5943200.0,13.7015380859375
2008-04-23,14.800000190734863,14.164999961853027,14.762499809265137,14.387499809265137,8413200.0,13.2837495803833
2008-04-24,14.302499771118164,13.854999542236328,14.272500038146973,14.057499885559082,5706000.0,12.979065895080566
2008-04-25,14.614999771118164,14.162500381469727,14.287500381469727,14.510000228881836,3914800.0,13.396855354309082
2008-04-28,14.8149995803833,14.170000076293945,14.4399995803833,14.260000228881836,3564000.0,13.166031837463379
2008-04-29,14.229999542236328,13.9375,14.162500381469727,14.0,4193200.0,12.925978660583496
2008-04-30,14.482500076293945,13.850000381469727,14.15999984741211,14.242500305175781,4248000.0,13.149876594543457
2008-05-01,14.300000190734863,13.557499885559082,14.162500381469727,13.8149995803833,8222000.0,12.755167961120605
2008-05-02,14.462499618530273,13.819999694824219,13.850000381469727,14.454999923706055,4507200.0,13.346073150634766
2008-05-05,14.8149995803833,14.305000305175781,14.412500381469727,14.619999885559082,3983200.0,13.498414039611816
2008-05-06,15.142499923706055,14.6225004196167,14.6225004196167,15.072500228881836,3966000.0,13.916202545166016
2008-05-07,15.545000076293945,15.1899995803833,15.362500190734863,15.267499923706055,4880800.0,14.09623908996582
2008-05-08,15.717499732971191,15.242500305175781,15.3774995803833,15.579999923706055,5087200.0,14.38476848602295
2008-05-09,15.6899995803833,14.970000267028809,15.617500305175781,15.327500343322754,4588000.0,14.178939819335938
2008-05-12,15.260000228881836,14.824999809265137,15.114999771118164,15.137499809265137,2879600.0,14.00317668914795
2008-05-13,15.592499732971191,14.917499542236328,15.142499923706055,15.592499732971191,4185600.0,14.424083709716797
2008-05-14,16.002500534057617,15.505000114440918,15.505000114440918,15.587499618530273,5972400.0,14.41945743560791
2008-05-15,15.765000343322754,15.039999961853027,15.692500114440918,15.4975004196167,3747200.0,14.336201667785645
2008-05-16,15.957500457763672,15.462499618530273,15.729999542236328,15.692500114440918,2750000.0,14.51658821105957
2008-05-19,15.859999656677246,15.407500267028809,15.772500038146973,15.489999771118164,3507600.0,14.329262733459473
2008-05-20,16.032499313354492,15.487500190734863,15.487500190734863,15.885000228881836,3154400.0,14.694664001464844
2008-05-21,16.032499313354492,15.354999542236328,15.837499618530273,15.392499923706055,4504400.0,14.239070892333984
2008-05-22,15.555000305175781,14.962499618530273,15.467499732971191,15.28499984741211,5272400.0,14.13962459564209
2008-05-23,15.779999732971191,14.850000381469727,15.362500190734863,15.039999961853027,5273200.0,13.912985801696777
2008-05-27,15.332500457763672,14.694999694824219,15.0024995803833,14.8100004196167,5664800.0,13.70021915435791
2008-05-28,14.979999542236328,14.592499732971191,14.802499771118164,14.8100004196167,7531200.0,13.70021915435791
2008-05-29,14.942500114440918,14.387499809265137,14.717499732971191,14.494999885559082,8103600.0,13.408825874328613
2008-05-30,15.354999542236328,14.829999923706055,14.829999923706055,15.0625,21670000.0,13.933799743652344
2008-06-02,15.380000114440918,14.850000381469727,14.987500190734863,15.157500267028809,7582800.0,14.02167797088623
2008-06-03,15.637499809265137,15.0600004196167,15.210000038146973,15.337499618530273,8202400.0,14.188190460205078
2008-06-04,15.4350004196167,14.732500076293945,15.34000015258789,14.767499923706055,4833200.0,13.660903930664062
2008-06-05,16.667499542236328,15.2475004196167,15.2475004196167,16.642499923706055,12683200.0,15.395402908325195
2008-06-06,18.0,17.00749969482422,17.0674991607666,17.00749969482422,13130800.0,15.733049392700195
2008-06-09,17.97249984741211,17.149999618530273,17.157499313354492,17.7450008392334,7028400.0,16.415285110473633
2008-06-10,18.0,16.512500762939453,17.934999465942383,16.827499389648438,8225600.0,15.566540718078613
2008-06-11,17.479999542236328,16.737499237060547,17.030000686645508,17.25,6327200.0,15.957375526428223
2008-06-12,16.88249969482422,16.28499984741211,16.825000762939453,16.4424991607666,6206000.0,15.2103853225708
2008-06-13,16.899999618530273,16.297500610351562,16.6875,16.604999542236328,9512000.0,15.360713958740234
2008-06-16,17.342500686645508,16.8075008392334,17.125,17.302499771118164,7911600.0,16.005949020385742
2008-06-17,17.809999465942383,17.167499542236328,17.167499542236328,17.77750015258789,5510400.0,16.44535255432129
2008-06-18,17.752500534057617,16.832500457763672,17.514999389648438,17.059999465942383,10178000.0,15.781621932983398
2008-06-19,17.36750030517578,16.387500762939453,17.334999084472656,16.774999618530273,6901600.0,15.517971992492676
2008-06-20,17.104999542236328,16.2450008392334,17.02750015258789,16.350000381469727,40094000.0,15.124821662902832
2008-06-23,17.032499313354492,16.302499771118164,16.302499771118164,16.889999389648438,13170000.0,15.624350547790527
2008-06-24,17.002500534057617,16.200000762939453,16.962499618530273,16.25749969482422,10678400.0,15.039249420166016
2008-06-25,16.4950008392334,15.5024995803833,16.4950008392334,16.024999618530273,11349200.0,14.824175834655762
2008-06-26,16.40250015258789,15.675000190734863,16.237499237060547,16.157499313354492,9899600.0,14.94674301147461
2008-06-27,16.530000686645508,15.930000305175781,16.079999923706055,16.297500610351562,8780000.0,15.076254844665527
2008-06-30,17.209999084472656,16.610000610351562,16.854999542236328,16.9325008392334,7545600.0,15.663670539855957
2008-07-01,17.25,16.517499923706055,16.837499618530273,17.145000457763672,7214000.0,15.86024284362793
2008-07-02,18.229999542236328,16.482500076293945,17.450000762939453,16.552499771118164,12340800.0,15.312148094177246
2008-07-03,16.514999389648438,15.515000343322754,16.4325008392334,15.854999542236328,8480400.0,14.666913032531738
2008-07-07,16.032499313354492,15.050000190734863,15.832500457763672,15.380000114440918,8671600.0,14.227508544921875
2008-07-08,15.25,13.802499771118164,15.112500190734863,15.024999618530273,15453200.0,13.899105072021484
2008-07-09,15.457500457763672,14.279999732971191,15.072500228881836,14.382499694824219,10405200.0,13.3047513961792
2008-07-10,15.234999656677246,14.375,14.40250015258789,15.234999656677246,7562000.0,14.093372344970703
2008-07-11,15.6875,14.762499809265137,15.457500457763672,15.047499656677246,5832800.0,13.919922828674316
2008-07-14,15.550000190734863,14.989999771118164,15.3149995803833,15.137499809265137,5990800.0,14.00317668914795
2008-07-15,15.242500305175781,14.22249984741211,14.962499618530273,14.329999923706055,7628400.0,13.256184577941895
2008-07-16,14.487500190734863,13.625,14.2524995803833,14.022500038146973,8340400.0,12.971732139587402
2008-07-17,14.010000228881836,12.442500114440918,13.829999923706055,12.800000190734863,16219200.0,11.840839385986328
2008-07-18,13.272500038146973,12.515000343322754,12.9975004196167,12.90250015258789,12112000.0,11.93565845489502
2008-07-21,13.582500457763672,12.90999984741211,13.2475004196167,13.512499809265137,10084400.0,12.499946594238281
2008-07-22,13.479999542236328,12.449999809265137,13.479999542236328,12.505000114440918,10940400.0,11.567941665649414
2008-07-23,12.547499656677246,11.625,12.489999771118164,11.734999656677246,15493600.0,10.855644226074219
2008-07-24,12.125,10.75,11.797499656677246,11.5649995803833,21406400.0,10.698381423950195
2008-07-25,11.895000457763672,11.167499542236328,11.5024995803833,11.324999809265137,18880400.0,10.476365089416504
2008-07-28,11.850000381469727,11.322500228881836,11.354999542236328,11.407500267028809,14402400.0,10.55268383026123
2008-07-29,11.420000076293945,10.75,11.420000076293945,11.029999732971191,15047600.0,10.203471183776855
2008-07-30,11.944999694824219,10.739999771118164,11.092499732971191,11.832500457763672,21953200.0,10.94583511352539
2008-07-31,11.699999809265137,10.987500190734863,11.670000076293945,11.0024995803833,15120400.0,10.178030967712402
2008-08-01,11.414999961853027,10.890000343322754,10.982500076293945,11.21500015258789,11361200.0,10.374608993530273
2008-08-04,11.199999809265137,10.0649995803833,11.199999809265137,10.104999542236328,14099200.0,9.347784042358398
2008-08-05,10.664999961853027,10.037500381469727,10.202500343322754,10.234999656677246,19639200.0,9.46804141998291
2008-08-06,10.765000343322754,10.182499885559082,10.182499885559082,10.702500343322754,12259200.0,9.929616928100586
2008-08-07,10.957500457763672,10.229999542236328,10.862500190734863,10.375,11330800.0,9.625767707824707
2008-08-08,10.324999809265137,9.917499542236328,10.324999809265137,10.172499656677246,11134800.0,9.43789291381836
2008-08-11,10.342499732971191,9.595000267028809,10.125,10.077500343322754,15384800.0,9.34975528717041
2008-08-12,10.602499961853027,10.244999885559082,10.417499542236328,10.447500228881836,11952800.0,9.693031311035156
2008-08-13,11.050000190734863,10.300000190734863,10.47249984741211,10.914999961853027,11254800.0,10.126769065856934
2008-08-14,10.947500228881836,10.390000343322754,10.720000267028809,10.612500190734863,8431600.0,9.846114158630371
2008-08-15,10.712499618530273,10.239999771118164,10.5649995803833,10.65999984741211,9272400.0,9.890190124511719
2008-08-18,10.895000457763672,10.267499923706055,10.65999984741211,10.354999542236328,7754000.0,9.60721206665039
2008-08-19,11.029999732971191,10.324999809265137,10.324999809265137,10.917499542236328,8730800.0,10.129093170166016
2008-08-20,11.482500076293945,10.8100004196167,11.180000305175781,11.25,11145200.0,10.437579154968262
2008-08-21,11.642499923706055,11.202500343322754,11.577500343322754,11.357500076293945,8382000.0,10.53731632232666
2008-08-22,10.967499732971191,10.442500114440918,10.967499732971191,10.664999961853027,10618800.0,9.894824981689453
2008-08-25,10.882499694824219,10.452500343322754,10.72249984741211,10.587499618530273,4960800.0,9.822920799255371
2008-08-26,11.142499923706055,10.795000076293945,10.829999923706055,11.087499618530273,6941600.0,10.286812782287598
2008-08-27,11.71500015258789,11.262499809265137,11.302499771118164,11.407500267028809,9826000.0,10.58370590209961
2008-08-28,11.569999694824219,10.75,11.4975004196167,11.117500305175781,7045200.0,10.314647674560547
2008-08-29,11.417499542236328,11.005000114440918,11.369999885559082,11.109999656677246,7387200.0,10.30768871307373
2008-09-02,10.7475004196167,10.172499656677246,10.6875,10.207500457763672,8545600.0,9.470366477966309
2008-09-03,10.352499961853027,9.649999618530273,10.162500381469727,9.827500343322754,15631200.0,9.117809295654297
2008-09-04,10.082500457763672,9.342499732971191,9.789999961853027,9.59000015258789,12659600.0,8.897459983825684
2008-09-05,9.869999885559082,9.175000190734863,9.645000457763672,9.800000190734863,10623200.0,9.092290878295898
2008-09-08,10.119999885559082,9.505000114440918,10.119999885559082,9.640000343322754,14769200.0,8.943846702575684
2008-09-09,9.392499923706055,8.625,9.332500457763672,8.65999984741211,21613200.0,8.034616470336914
2008-09-10,9.25,8.697500228881836,8.817500114440918,9.175000190734863,14786800.0,8.512428283691406
2008-09-11,9.382499694824219,8.645000457763672,9.024999618530273,9.3725004196167,14417200.0,8.695663452148438
2008-09-12,9.864999771118164,9.295000076293945,9.547499656677246,9.647500038146973,12823200.0,8.950804710388184
2008-09-15,9.34000015258789,8.582500457763672,9.074999809265137,8.75,12004400.0,8.118121147155762
2008-09-16,9.095000267028809,8.024999618530273,8.482500076293945,9.050000190734863,18879200.0,8.396455764770508
2008-09-17,9.487500190734863,8.682499885559082,9.007499694824219,9.082500457763672,16902800.0,8.426605224609375
2008-09-18,9.592499732971191,9.005000114440918,9.364999771118164,9.467499732971191,11052400.0,8.783805847167969
2008-09-19,10.672499656677246,9.792499542236328,9.882499694824219,10.300000190734863,14800800.0,9.556187629699707
2008-09-22,10.944999694824219,9.649999618530273,10.322500228881836,10.385000228881836,12837600.0,9.635047912597656
2008-09-23,10.699999809265137,9.8100004196167,10.322500228881836,10.1225004196167,11340400.0,9.39150333404541
2008-09-24,10.3725004196167,9.899999618530273,10.25,9.975000381469727,8297600.0,9.254653930664062
2008-09-25,10.25,9.805000305175781,10.024999618530273,10.145000457763672,6212400.0,9.41237735748291
2008-09-26,10.055000305175781,9.505000114440918,9.835000038146973,9.720000267028809,8999200.0,9.018070220947266
2008-09-29,9.335000038146973,8.0625,9.335000038146973,8.395000457763672,11502800.0,7.788753986358643
2008-09-30,9.082500457763672,8.484999656677246,8.517499923706055,9.03499984741211,8633600.0,8.382538795471191
2008-10-01,8.8125,8.194999694824219,8.8125,8.457500457763672,10770400.0,7.846742153167725
2008-10-02,8.270000457763672,7.452499866485596,8.244999885559082,7.485000133514404,9717600.0,6.944470405578613
2008-10-03,8.142499923706055,7.15749979019165,7.389999866485596,7.247499942779541,15222000.0,6.724122047424316
2008-10-06,7.039999961853027,6.017499923706055,7.005000114440918,7.039999961853027,17891600.0,6.531605243682861
2008-10-07,7.324999809265137,6.28000020980835,7.102499961853027,6.28000020980835,19690000.0,5.82649040222168
2008-10-08,6.519999980926514,5.574999809265137,6.077499866485596,6.012499809265137,24459200.0,5.578306198120117
2008-10-09,6.53000020980835,5.637499809265137,6.087500095367432,5.639999866485596,17246000.0,5.232707977294922
2008-10-10,5.775000095367432,4.795000076293945,5.179999828338623,5.327499866485596,19500800.0,4.942773818969727
2008-10-13,6.772500038146973,5.427499771118164,5.675000190734863,6.71999979019165,13572400.0,6.234714031219482
2008-10-14,7.807499885559082,6.78000020980835,7.059999942779541,7.139999866485596,17570000.0,6.624383926391602
2008-10-15,6.849999904632568,5.787499904632568,6.78000020980835,5.835000038146973,11643600.0,5.4136247634887695
2008-10-16,6.417500019073486,5.517499923706055,6.052499771118164,6.397500038146973,13879200.0,5.9355034828186035
2008-10-17,7.170000076293945,5.882500171661377,5.882500171661377,6.527500152587891,12171600.0,6.056117534637451
2008-10-20,7.389999866485596,6.627500057220459,6.822500228881836,7.215000152587891,12784000.0,6.693969249725342
2008-10-21,7.394999980926514,6.777500152587891,6.972499847412109,7.067500114440918,10125200.0,6.557119846343994
2008-10-22,6.732500076293945,6.09250020980835,6.664999961853027,6.304999828338623,11731600.0,5.849682331085205
2008-10-23,6.852499961853027,6.034999847412109,6.480000019073486,6.357500076293945,16433600.0,5.898392200469971
2008-10-24,6.482500076293945,5.362500190734863,5.597499847412109,6.360000133514404,11936400.0,5.9007110595703125
2008-10-27,6.590000152587891,5.912499904632568,6.207499980926514,6.007500171661377,19238800.0,5.573667049407959
2008-10-28,6.887499809265137,5.695000171661377,6.28000020980835,6.855000019073486,13380400.0,6.359964370727539
2008-10-29,7.572500228881836,6.880000114440918,7.0,7.105000019073486,13153200.0,6.591911315917969
2008-10-30,7.574999809265137,6.875,7.574999809265137,7.237500190734863,15755200.0,6.714842319488525
2008-10-31,7.357500076293945,6.889999866485596,7.137499809265137,7.017499923706055,10660800.0,6.510729789733887
2008-11-03,6.972499847412109,6.4375,6.875,6.635000228881836,6078800.0,6.155853271484375
2008-11-04,7.3125,6.742499828338623,6.742499828338623,7.112500190734863,11444400.0,6.598870754241943
2008-11-05,7.15500020980835,6.644999980926514,6.914999961853027,6.75,7855200.0,6.262547969818115
2008-11-06,6.942500114440918,6.289999961853027,6.630000114440918,6.642499923706055,12598000.0,6.162812232971191
2008-11-07,7.232500076293945,6.707499980926514,6.772500038146973,7.227499961853027,10418800.0,6.735987186431885
2008-11-10,7.642499923706055,7.144999980926514,7.485000133514404,7.300000190734863,8084000.0,6.803558349609375
2008-11-11,7.252500057220459,6.820000171661377,7.15749979019165,7.037499904632568,9124000.0,6.558908462524414
2008-11-12,6.855000019073486,6.34250020980835,6.829999923706055,6.364999771118164,7579200.0,5.932140827178955
2008-11-13,7.15500020980835,6.054999828338623,6.429999828338623,7.152500152587891,10826400.0,6.666088581085205
2008-11-14,7.050000190734863,6.502500057220459,6.914999961853027,6.635000228881836,9001600.0,6.183781623840332
2008-11-17,6.894999980926514,6.429999828338623,6.59499979019165,6.59250020980835,6780800.0,6.144172191619873
2008-11-18,6.875,6.397500038146973,6.59250020980835,6.677499771118164,7381600.0,6.223391056060791
2008-11-19,6.880000114440918,6.400000095367432,6.692500114440918,6.409999847412109,9909200.0,5.974081039428711
2008-11-20,6.297500133514404,5.385000228881836,6.247499942779541,5.40749979019165,13558800.0,5.039758682250977
2008-11-21,6.099999904632568,5.497499942779541,5.497499942779541,6.082499980926514,12075200.0,5.668853759765625
2008-11-24,6.9375,6.119999885559082,6.25,6.760000228881836,7876400.0,6.300281047821045
2008-11-25,6.965000152587891,6.522500038146973,6.784999847412109,6.90749979019165,9106800.0,6.437747478485107
2008-11-26,7.702499866485596,6.75,6.862500190734863,7.684999942779541,8645200.0,7.1623735427856445
2008-11-28,7.537499904632568,7.112500190734863,7.497499942779541,7.492499828338623,2749200.0,6.982966899871826
2008-12-01,7.099999904632568,6.590000152587891,7.099999904632568,6.59499979019165,10794400.0,6.146501541137695
2008-12-02,6.934999942779541,6.322500228881836,6.792500019073486,6.5625,16980000.0,6.1162109375
2008-12-03,6.625,6.227499961853027,6.362500190734863,6.525000095367432,7367600.0,6.081262111663818
2008-12-04,6.519999980926514,5.382500171661377,6.369999885559082,5.534999847412109,11451200.0,5.158585071563721
2008-12-05,5.582499980926514,4.96750020980835,5.425000190734863,5.572500228881836,8647200.0,5.193538188934326
2008-12-08,6.507500171661377,5.952499866485596,6.0,6.34250020980835,10266800.0,5.911171913146973
2008-12-09,6.639999866485596,6.074999809265137,6.222499847412109,6.454999923706055,7347200.0,6.016022682189941
2008-12-10,7.034999847412109,6.557499885559082,6.662499904632568,6.960000038146973,6663200.0,6.486679553985596
2008-12-11,7.409999847412109,6.505000114440918,7.027500152587891,6.65749979019165,8597600.0,6.204750061035156
2008-12-12,6.792500019073486,6.292500019073486,6.422500133514404,6.695000171661377,8951600.0,6.2397027015686035
2008-12-15,6.974999904632568,6.465000152587891,6.792500019073486,6.612500190734863,7507600.0,6.162810325622559
2008-12-16,6.894999980926514,6.525000095367432,6.699999809265137,6.880000114440918,7932000.0,6.412119388580322
2008-12-17,7.050000190734863,6.692500114440918,6.777500152587891,6.724999904632568,4638400.0,6.267660140991211
2008-12-18,6.704999923706055,6.244999885559082,6.704999923706055,6.335000038146973,5359200.0,5.904182434082031
2008-12-19,6.682499885559082,6.277500152587891,6.364999771118164,6.474999904632568,6082800.0,6.034661293029785
2008-12-22,6.627500057220459,5.767499923706055,6.627500057220459,5.942500114440918,6574400.0,5.538374900817871
2008-12-23,6.112500190734863,5.767499923706055,6.112500190734863,5.892499923706055,4512400.0,5.4917755126953125
2008-12-24,5.862500190734863,5.692500114440918,5.824999809265137,5.822500228881836,1848000.0,5.426536560058594
2008-12-26,6.022500038146973,5.800000190734863,5.864999771118164,5.982500076293945,1299600.0,5.575654029846191
2008-12-29,6.28249979019165,6.027500152587891,6.175000190734863,6.224999904632568,5750000.0,5.801662921905518
2008-12-30,6.457499980926514,6.09499979019165,6.170000076293945,6.417500019073486,7891200.0,5.981071472167969
2008-12-31,6.627500057220459,6.320000171661377,6.380000114440918,6.5,5905200.0,6.057962894439697
2009-01-02,6.982500076293945,6.567500114440918,6.579999923706055,6.869999885559082,9014000.0,6.402799129486084
2009-01-05,7.412499904632568,6.784999847412109,6.847499847412109,7.332499980926514,9302800.0,6.8338470458984375
2009-01-06,7.877500057220459,7.340000152587891,7.652500152587891,7.400000095367432,15307200.0,6.896756649017334
2009-01-07,7.25,6.727499961853027,7.25,6.869999885559082,6242400.0,6.402799129486084
2009-01-08,6.987500190734863,6.724999904632568,6.840000152587891,6.957499980926514,5465600.0,6.484348773956299
2009-01-09,6.987500190734863,6.402500152587891,6.952499866485596,6.605000019073486,8039600.0,6.155821323394775
2009-01-12,6.605000019073486,6.28249979019165,6.369999885559082,6.394999980926514,8302000.0,5.9601030349731445
2009-01-13,6.579999923706055,6.277500152587891,6.372499942779541,6.510000228881836,6736400.0,6.067281246185303
2009-01-14,6.494999885559082,5.982500076293945,6.494999885559082,6.122499942779541,6400400.0,5.7061333656311035
2009-01-15,6.307499885559082,5.807499885559082,6.059999942779541,6.242499828338623,7118800.0,5.8179731369018555
2009-01-16,6.442500114440918,6.019999980926514,6.329999923706055,6.262499809265137,6537200.0,5.836612224578857
2009-01-20,6.289999961853027,5.695000171661377,6.21750020980835,5.722499847412109,8236400.0,5.333334922790527
2009-01-21,6.364999771118164,5.730000019073486,5.792500019073486,6.332499980926514,8776000.0,5.901852130889893
2009-01-22,6.397500038146973,5.997499942779541,6.077499866485596,6.239999771118164,10048000.0,5.815642356872559
2009-01-23,6.722499847412109,5.962500095367432,6.034999847412109,6.662499904632568,12168000.0,6.209410190582275
2009-01-26,7.087500095367432,6.622499942779541,6.737500190734863,6.922500133514404,13710800.0,6.451730251312256
2009-01-27,7.045000076293945,6.672500133514404,6.792500019073486,6.925000190734863,11691200.0,6.454060077667236
2009-01-28,7.335000038146973,6.9375,7.014999866485596,7.222499847412109,14641600.0,6.731327533721924
2009-01-29,7.349999904632568,6.945000171661377,7.037499904632568,7.137499809265137,13562800.0,6.652107238769531
2009-01-30,7.364999771118164,6.78249979019165,7.289999961853027,6.872499942779541,16181600.0,6.405129432678223
2009-02-02,6.764999866485596,6.477499961853027,6.744999885559082,6.619999885559082,12471600.0,6.169800758361816
2009-02-03,6.764999866485596,6.522500038146973,6.690000057220459,6.732500076293945,13149600.0,6.303215026855469
2009-02-04,7.147500038146973,6.732500076293945,6.800000190734863,6.852499961853027,12854800.0,6.415562629699707
2009-02-05,7.207499980926514,6.730000019073486,6.737500190734863,7.15500020980835,10032000.0,6.698776721954346
2009-02-06,7.5,7.0,7.047500133514404,7.412499904632568,8737600.0,6.939855575561523
2009-02-09,7.760000228881836,7.457499980926514,7.457499980926514,7.690000057220459,12142000.0,7.199663162231445
2009-02-10,7.965000152587891,7.3125,7.742499828338623,7.402500152587891,15921200.0,6.930494785308838
2009-02-11,7.617499828338623,6.867499828338623,7.510000228881836,7.099999904632568,10598800.0,6.647281169891357
2009-02-12,7.152500152587891,6.802499771118164,6.90749979019165,7.130000114440918,10491200.0,6.6753692626953125
2009-02-13,6.8125,6.125,6.769999980926514,6.494999885559082,31588800.0,6.0808587074279785
2009-02-17,6.237500190734863,5.929999828338623,6.179999828338623,5.957499980926514,12815200.0,5.577630996704102
2009-02-18,6.017499923706055,5.517499923706055,6.017499923706055,5.577499866485596,17378800.0,5.221862316131592
2009-02-19,5.78249979019165,5.53000020980835,5.65500020980835,5.552499771118164,9294000.0,5.19845724105835
2009-02-20,5.514999866485596,5.212500095367432,5.425000190734863,5.360000133514404,9323600.0,5.018230438232422
2009-02-23,5.507500171661377,5.050000190734863,5.507500171661377,5.0625,7470400.0,4.73969841003418
2009-02-24,5.28000020980835,4.9375,5.097499847412109,5.242499828338623,11334800.0,4.90822172164917
2009-02-25,5.309999942779541,5.025000095367432,5.162499904632568,5.170000076293945,10892000.0,4.840344429016113
2009-02-26,5.394999980926514,5.112500190734863,5.289999961853027,5.125,10566000.0,4.798213005065918
2009-02-27,5.317500114440918,4.867499828338623,4.977499961853027,5.09250020980835,9717600.0,4.767787933349609
2009-03-02,4.987500190734863,4.460000038146973,4.945000171661377,4.534999847412109,9246800.0,4.245834827423096
2009-03-03,5.045000076293945,4.474999904632568,4.605000019073486,4.892499923706055,19341200.0,4.580538749694824
2009-03-04,5.320000171661377,4.769999980926514,4.769999980926514,5.190000057220459,13007600.0,4.859068393707275
2009-03-05,5.34250020980835,5.012499809265137,5.047500133514404,5.082499980926514,9973200.0,4.758422374725342
2009-03-06,5.352499961853027,4.960000038146973,5.264999866485596,5.159999847412109,10540000.0,4.8309831619262695
2009-03-09,5.40500020980835,5.019999980926514,5.019999980926514,5.204999923706055,10105600.0,4.873111724853516
2009-03-10,5.559999942779541,5.275000095367432,5.349999904632568,5.492499828338623,11370000.0,5.142282485961914
2009-03-11,5.707499980926514,5.272500038146973,5.537499904632568,5.40500020980835,7186800.0,5.060360431671143
2009-03-12,5.820000171661377,5.362500190734863,5.402500152587891,5.78249979019165,7370400.0,5.413790225982666
2009-03-13,5.864999771118164,5.587500095367432,5.789999961853027,5.642499923706055,7334800.0,5.282716751098633
2009-03-16,5.90500020980835,5.53000020980835,5.692500114440918,5.722499847412109,6009200.0,5.357615947723389
2009-03-17,6.147500038146973,5.639999866485596,5.769999980926514,6.102499961853027,12605200.0,5.713385581970215
2009-03-18,6.242499828338623,5.832499980926514,6.022500038146973,6.119999885559082,15004400.0,5.729770183563232
2009-03-19,6.707499980926514,6.302499771118164,6.302499771118164,6.605000019073486,9590000.0,6.183845043182373
2009-03-20,6.690000057220459,6.21750020980835,6.675000190734863,6.284999847412109,7697200.0,5.884247779846191
2009-03-23,6.880000114440918,6.422500133514404,6.4375,6.877500057220459,7698800.0,6.43897008895874
2009-03-24,7.09499979019165,6.610000133514404,6.762499809265137,6.954999923706055,12609600.0,6.511525630950928
2009-03-25,6.997499942779541,6.542500019073486,6.949999809265137,6.8125,6874400.0,6.378114223480225
2009-03-26,7.077499866485596,6.582499980926514,7.019999980926514,6.635000228881836,11443200.0,6.2119317054748535
2009-03-27,6.489999771118164,6.212500095367432,6.489999771118164,6.300000190734863,6874800.0,5.898293495178223
2009-03-30,6.127500057220459,5.887499809265137,6.052499771118164,5.987500190734863,6665600.0,5.605718612670898
2009-03-31,6.15749979019165,5.875,6.042500019073486,5.892499923706055,8841200.0,5.5167765617370605
2009-04-01,6.130000114440918,5.614999771118164,5.664999961853027,6.09499979019165,5328000.0,5.706363677978516
2009-04-02,6.585000038146973,6.292500019073486,6.295000076293945,6.40749979019165,6478000.0,5.998937129974365
2009-04-03,6.820000171661377,6.375,6.380000114440918,6.804999828338623,7702000.0,6.371090888977051
2009-04-06,6.837500095367432,6.542500019073486,6.699999809265137,6.809999942779541,9230000.0,6.375772476196289
2009-04-07,6.695000171661377,6.462500095367432,6.637499809265137,6.559999942779541,7266400.0,6.1417155265808105
2009-04-08,6.832499980926514,6.34250020980835,6.612500190734863,6.755000114440918,6828800.0,6.324280738830566
2009-04-09,7.159999847412109,6.942500114440918,6.945000171661377,7.135000228881836,7201200.0,6.680050849914551
2009-04-13,7.105000019073486,6.784999847412109,6.980000019073486,6.992499828338623,7333600.0,6.546637535095215
2009-04-14,7.25,6.864999771118164,6.934999942779541,6.980000019073486,5642000.0,6.534933567047119
2009-04-15,6.980000019073486,6.722499847412109,6.934999942779541,6.894999980926514,7837600.0,6.455353260040283
2009-04-16,7.144999980926514,6.820000171661377,6.957499980926514,7.070000171661377,5354000.0,6.619196891784668
2009-04-17,7.369999885559082,7.099999904632568,7.175000190734863,7.28249979019165,5264000.0,6.818145751953125
2009-04-20,7.102499961853027,6.572500228881836,7.0625,6.59250020980835,7186400.0,6.172141075134277
2009-04-21,6.837500095367432,6.445000171661377,6.502500057220459,6.762499809265137,4529200.0,6.331302165985107
2009-04-22,6.869999885559082,6.597499847412109,6.619999885559082,6.65749979019165,6938400.0,6.232995986938477
2009-04-23,7.042500019073486,6.675000190734863,6.787499904632568,6.9375,6915600.0,6.495142936706543
2009-04-24,7.204999923706055,7.027500152587891,7.027500152587891,7.097499847412109,6367200.0,6.644941806793213
2009-04-27,7.127500057220459,6.847499847412109,6.945000171661377,7.03249979019165,4628400.0,6.584085464477539
2009-04-28,7.349999904632568,6.875,6.920000076293945,7.199999809265137,9208400.0,6.740906238555908
2009-04-29,7.949999809265137,7.505000114440918,7.644999980926514,7.804999828338623,17870400.0,7.307328701019287
2009-04-30,8.029999732971191,7.487500190734863,7.869999885559082,7.547500133514404,8508400.0,7.066247940063477
2009-05-01,8.102499961853027,7.505000114440918,7.5625,8.0024995803833,6487600.0,7.49223518371582
2009-05-04,8.545000076293945,7.974999904632568,8.217499732971191,8.545000076293945,5984000.0,8.00014591217041
2009-05-05,8.547499656677246,8.09749984741211,8.452500343322754,8.3125,5059200.0,7.782472610473633
2009-05-06,8.725000381469727,8.375,8.385000228881836,8.557499885559082,6946400.0,8.011842727661133
2009-05-07,8.845000267028809,7.917500019073486,8.727499961853027,8.130000114440918,11992000.0,7.611605644226074
2009-05-08,8.734999656677246,8.21500015258789,8.255000114440918,8.642499923706055,8226800.0,8.121395111083984
2009-05-11,8.517499923706055,8.210000038146973,8.517499923706055,8.27750015258789,3541200.0,7.778402805328369
2009-05-12,8.430000305175781,7.772500038146973,8.380000114440918,8.107500076293945,8224400.0,7.618656635284424
2009-05-13,8.0600004196167,7.682499885559082,7.9375,7.704999923706055,8613600.0,7.240422248840332
2009-05-14,7.985000133514404,7.539999961853027,7.677499771118164,7.867499828338623,6410400.0,7.393126487731934
2009-05-15,7.960000038146973,7.59250020980835,7.835000038146973,7.704999923706055,6058800.0,7.240422248840332
2009-05-18,8.204999923706055,7.827499866485596,7.855000019073486,8.202500343322754,5568000.0,7.7079267501831055
2009-05-19,8.385000228881836,8.109999656677246,8.194999694824219,8.125,6769200.0,7.635098457336426
2009-05-20,8.364999771118164,7.980000019073486,8.255000114440918,7.982500076293945,9385200.0,7.501190662384033
2009-05-21,7.869999885559082,7.372499942779541,7.864999771118164,7.534999847412109,11483200.0,7.080673694610596
2009-05-22,7.697500228881836,7.460000038146973,7.59499979019165,7.465000152587891,5793600.0,7.014894962310791
2009-05-26,7.860000133514404,7.260000228881836,7.369999885559082,7.84499979019165,9625600.0,7.371981143951416
2009-05-27,8.137499809265137,7.900000095367432,7.912499904632568,7.952499866485596,8394800.0,7.472999572753906
2009-05-28,8.609999656677246,7.997499942779541,8.057499885559082,8.552499771118164,11142800.0,8.036821365356445
2009-05-29,8.922499656677246,8.635000228881836,8.6875,8.782500267028809,6150800.0,8.252954483032227
2009-06-01,9.40999984741211,8.989999771118164,8.992500305175781,9.225000381469727,9282400.0,8.66877555847168
2009-06-02,9.225000381469727,8.97249984741211,9.170000076293945,9.117500305175781,6324800.0,8.567755699157715
2009-06-03,8.914999961853027,8.305000305175781,8.864999771118164,8.487500190734863,8151200.0,7.975740909576416
2009-06-04,8.989999771118164,8.545000076293945,8.545000076293945,8.96500015258789,6544000.0,8.424447059631348
2009-06-05,9.172499656677246,8.77750015258789,9.03499984741211,8.897500038146973,5749600.0,8.361019134521484
2009-06-08,8.84000015258789,8.547499656677246,8.727499961853027,8.770000457763672,5896800.0,8.24120807647705
2009-06-09,9.112500190734863,8.835000038146973,8.857500076293945,9.007499694824219,4166400.0,8.464387893676758
2009-06-10,9.257499694824219,8.882499694824219,9.15999984741211,9.170000076293945,6451200.0,8.61708927154541
2009-06-11,9.342499732971191,9.047499656677246,9.1274995803833,9.050000190734863,11401200.0,8.504325866699219
2009-06-12,8.90999984741211,8.6875,8.78499984741211,8.897500038146973,5133600.0,8.361019134521484
2009-06-15,8.875,8.510000228881836,8.71500015258789,8.664999961853027,4595200.0,8.142539024353027
2009-06-16,8.8100004196167,8.1850004196167,8.742500305175781,8.192500114440918,9667200.0,7.698526382446289
2009-06-17,8.210000038146973,7.852499961853027,8.087499618530273,8.132499694824219,6004400.0,7.642144203186035
2009-06-18,8.177499771118164,7.864999771118164,8.102499961853027,8.0024995803833,5686000.0,7.519984245300293
2009-06-19,8.164999961853027,7.892499923706055,8.037500381469727,7.954999923706055,6342800.0,7.475348472595215
2009-06-22,7.852499961853027,7.3125,7.800000190734863,7.385000228881836,8500400.0,6.939717769622803
2009-06-23,7.5,7.15500020980835,7.46999979019165,7.327499866485596,7443200.0,6.885682582855225
2009-06-24,7.514999866485596,7.28249979019165,7.360000133514404,7.414999961853027,5983200.0,6.9679083824157715
2009-06-25,7.789999961853027,7.292500019073486,7.292500019073486,7.6875,9184400.0,7.223977565765381
2009-06-26,7.727499961853027,7.505000114440918,7.630000114440918,7.664999961853027,7124000.0,7.202834606170654
2009-06-29,7.835000038146973,7.630000114440918,7.747499942779541,7.644999980926514,6762400.0,7.184040069580078
2009-06-30,7.849999904632568,7.452499866485596,7.684999942779541,7.659999847412109,7996800.0,7.198135852813721
2009-07-01,8.142499923706055,7.84250020980835,7.942500114440918,7.877500057220459,9028800.0,7.402521133422852
2009-07-02,7.777500152587891,7.505000114440918,7.739999771118164,7.590000152587891,6936000.0,7.132357120513916
2009-07-06,7.445000171661377,6.997499942779541,7.445000171661377,7.207499980926514,10165200.0,6.772919654846191
2009-07-07,7.239999771118164,7.002500057220459,7.164999961853027,7.019999980926514,6462800.0,6.5967254638671875
2009-07-08,7.147500038146973,6.815000057220459,7.005000114440918,6.994999885559082,6668800.0,6.573233127593994
2009-07-09,7.462500095367432,7.065000057220459,7.065000057220459,7.367499828338623,10246800.0,6.923273086547852
2009-07-10,7.432499885559082,7.09250020980835,7.212500095367432,7.369999885559082,6817600.0,6.925621509552002
2009-07-13,7.557499885559082,7.139999866485596,7.335000038146973,7.554999828338623,6404400.0,7.0994672775268555
2009-07-14,7.822500228881836,7.617499828338623,7.662499904632568,7.817500114440918,6920000.0,7.346139907836914
2009-07-15,8.175000190734863,7.929999828338623,7.929999828338623,8.114999771118164,6585200.0,7.625699520111084
2009-07-16,8.444999694824219,7.989999771118164,8.029999732971191,8.40250015258789,7320800.0,7.89586877822876
2009-07-17,8.569999694824219,8.270000457763672,8.329999923706055,8.467499732971191,5407600.0,7.956945896148682
2009-07-20,8.729999542236328,8.467499732971191,8.604999542236328,8.692500114440918,5657600.0,8.168380737304688
2009-07-21,8.954999923706055,8.5625,8.757499694824219,8.760000228881836,6504000.0,8.231810569763184
2009-07-22,8.930000305175781,8.547499656677246,8.614999771118164,8.819999694824219,8473600.0,8.288192749023438
2009-07-23,9.432499885559082,8.734999656677246,8.734999656677246,9.279999732971191,12755200.0,8.720457077026367
2009-07-24,9.202500343322754,8.585000038146973,9.1850004196167,9.057499885559082,12530800.0,8.511373519897461
2009-07-27,9.015000343322754,8.704999923706055,8.779999732971191,8.904999732971191,6482000.0,8.368066787719727
2009-07-28,8.867500305175781,8.555000305175781,8.8149995803833,8.829999923706055,6000400.0,8.297588348388672
2009-07-29,8.6899995803833,8.395000457763672,8.6899995803833,8.569999694824219,4258800.0,8.053265571594238
2009-07-30,8.932499885559082,8.625,8.6899995803833,8.77750015258789,3609200.0,8.24825668334961
2009-07-31,8.9375,8.667499542236328,8.697500228881836,8.782500267028809,6422800.0,8.252954483032227
2009-08-03,9.34000015258789,8.977499961853027,8.9975004196167,9.202500343322754,5960800.0,8.647628784179688
2009-08-04,9.2524995803833,9.052499771118164,9.114999771118164,9.082500457763672,4975200.0,8.562783241271973
2009-08-05,9.1225004196167,8.727499961853027,9.100000381469727,8.802499771118164,6549200.0,8.29880142211914
2009-08-06,8.930000305175781,8.617500305175781,8.845000267028809,8.760000228881836,4358800.0,8.258735656738281
2009-08-07,8.975000381469727,8.637499809265137,8.862500190734863,8.862500190734863,4587600.0,8.355367660522461
2009-08-10,9.012499809265137,8.795000076293945,8.84749984741211,8.927499771118164,4026000.0,8.41664981842041
2009-08-11,8.895000457763672,8.75,8.859999656677246,8.805000305175781,3734000.0,8.301159858703613
2009-08-12,9.032500267028809,8.789999961853027,8.805000305175781,8.947500228881836,4949200.0,8.435502052307129
2009-08-13,9.194999694824219,8.875,9.042499542236328,9.052499771118164,5352800.0,8.53449821472168
2009-08-14,9.074999809265137,8.710000038146973,9.072500228881836,8.774999618530273,3703200.0,8.272875785827637
2009-08-17,8.6225004196167,8.3125,8.59749984741211,8.475000381469727,5716400.0,7.990044116973877
2009-08-18,8.694999694824219,8.442500114440918,8.47249984741211,8.675000190734863,3291200.0,8.17860221862793
2009-08-19,8.9975004196167,8.507499694824219,8.552499771118164,8.867500305175781,4907600.0,8.36008071899414
2009-08-20,9.029999732971191,8.802499771118164,8.880000114440918,9.012499809265137,4977600.0,8.496784210205078
2009-08-21,9.5,9.072500228881836,9.072500228881836,9.412500381469727,7476400.0,8.87389850616455
2009-08-24,9.59749984741211,9.350000381469727,9.494999885559082,9.427499771118164,5109200.0,8.888039588928223
2009-08-25,9.557499885559082,9.1274995803833,9.5,9.175000190734863,5549600.0,8.64999008178711
2009-08-26,9.25,9.020000457763672,9.107500076293945,9.170000076293945,3208000.0,8.645276069641113
2009-08-27,9.157500267028809,8.824999809265137,9.107500076293945,9.100000381469727,3341600.0,8.579276084899902
2009-08-28,9.28499984741211,8.967499732971191,9.182499885559082,9.057499885559082,3888800.0,8.539212226867676
2009-08-31,8.925000190734863,8.710000038146973,8.912500381469727,8.8125,4520400.0,8.30823040008545
2009-09-01,8.96500015258789,8.632499694824219,8.744999885559082,8.677499771118164,7041200.0,8.180953979492188
2009-09-02,8.77750015258789,8.577500343322754,8.6225004196167,8.65999984741211,4933200.0,8.164456367492676
2009-09-03,8.792499542236328,8.539999961853027,8.75,8.600000381469727,3670400.0,8.10788631439209
2009-09-04,8.757499694824219,8.567500114440918,8.607500076293945,8.737500190734863,4150400.0,8.23752212524414
2009-09-08,9.107500076293945,8.925000190734863,8.947500228881836,9.045000076293945,3617200.0,8.527425765991211
2009-09-09,9.217499732971191,8.994999885559082,9.212499618530273,9.130000114440918,3689200.0,8.607562065124512
2009-09-10,9.430000305175781,9.02750015258789,9.140000343322754,9.422499656677246,4614000.0,8.883328437805176
2009-09-11,9.604999542236328,9.265000343322754,9.460000038146973,9.3125,4315600.0,8.779617309570312
2009-09-14,9.322500228881836,9.132499694824219,9.227499961853027,9.317500114440918,5007600.0,8.784334182739258
2009-09-15,9.667499542236328,9.332500457763672,9.367500305175781,9.550000190734863,5321600.0,9.00352954864502
2009-09-16,9.829999923706055,9.449999809265137,9.602499961853027,9.807499885559082,6402800.0,9.246294975280762
2009-09-17,9.867500305175781,9.477499961853027,9.762499809265137,9.59000015258789,7566000.0,9.041240692138672
2009-09-18,9.75,9.300000190734863,9.65250015258789,9.4350004196167,7722000.0,8.89510726928711
2009-09-21,9.362500190734863,9.085000038146973,9.27750015258789,9.324999809265137,4586000.0,8.791403770446777
2009-09-22,9.640000343322754,9.412500381469727,9.529999732971191,9.604999542236328,4614400.0,9.05538272857666
2009-09-23,9.609999656677246,9.1899995803833,9.609999656677246,9.220000267028809,6332000.0,8.692414283752441
2009-09-24,9.232500076293945,8.885000228881836,9.175000190734863,9.015000343322754,4696800.0,8.4991455078125
2009-09-25,9.102499961853027,8.050000190734863,9.0,8.422499656677246,29469600.0,7.940546035766602
2009-09-28,8.907500267028809,8.34749984741211,8.4975004196167,8.895000457763672,12494000.0,8.386011123657227
2009-09-29,9.037500381469727,8.770000457763672,8.90250015258789,8.9350004196167,7543600.0,8.423721313476562
2009-09-30,9.087499618530273,8.727499961853027,9.029999732971191,8.9375,6334800.0,8.426079750061035
2009-10-01,8.949999809265137,8.522500038146973,8.912500381469727,8.53499984741211,4470000.0,8.046610832214355
2009-10-02,8.614999771118164,8.332500457763672,8.375,8.557499885559082,5551200.0,8.06782341003418
2009-10-05,8.789999961853027,8.479999542236328,8.557499885559082,8.737500190734863,5822400.0,8.23752212524414
2009-10-06,9.102499961853027,8.837499618530273,8.84000015258789,9.029999732971191,4837200.0,8.513283729553223
2009-10-07,9.112500190734863,8.824999809265137,8.992500305175781,8.944999694824219,4256400.0,8.433148384094238
2009-10-08,9.322500228881836,9.005000114440918,9.012499809265137,9.292499542236328,4839600.0,8.760763168334961
2009-10-09,9.390000343322754,9.15250015258789,9.265000343322754,9.194999694824219,4324800.0,8.668844223022461
2009-10-12,9.537500381469727,9.27750015258789,9.27750015258789,9.442500114440918,3691600.0,8.902180671691895
2009-10-13,9.585000038146973,9.227499961853027,9.425000190734863,9.522500038146973,3595600.0,8.977602005004883
2009-10-14,9.800000190734863,9.640000343322754,9.662500381469727,9.774999618530273,4736400.0,9.215652465820312
2009-10-15,9.975000381469727,9.632499694824219,9.682499885559082,9.96500015258789,3872000.0,9.39478588104248
2009-10-16,9.96500015258789,9.757499694824219,9.857500076293945,9.892499923706055,3012400.0,9.32642936706543
2009-10-19,9.982500076293945,9.585000038146973,9.727499961853027,9.952500343322754,8292000.0,9.3829984664917
2009-10-20,10.0,9.697500228881836,9.962499618530273,9.90999984741211,4292400.0,9.342930793762207
2009-10-21,10.395000457763672,9.954999923706055,9.954999923706055,10.100000381469727,9985600.0,9.522058486938477
2009-10-22,10.125,9.732500076293945,10.125,9.9375,6172000.0,9.368855476379395
2009-10-23,10.057499885559082,9.640000343322754,9.97249984741211,9.725000381469727,6366000.0,9.168514251708984
2009-10-26,10.007499694824219,9.5024995803833,9.725000381469727,9.577500343322754,7983600.0,9.02945613861084
2009-10-27,10.699999809265137,10.297499656677246,10.577500343322754,10.512499809265137,20947600.0,9.910953521728516
2009-10-28,10.520000457763672,9.90250015258789,10.412500381469727,9.960000038146973,10252800.0,9.390066146850586
2009-10-29,10.417499542236328,10.087499618530273,10.104999542236328,10.274999618530273,7703200.0,9.687040328979492
2009-10-30,10.225000381469727,9.529999732971191,10.21500015258789,9.617500305175781,7802000.0,9.06716537475586
2009-11-02,9.9399995803833,9.522500038146973,9.762499809265137,9.739999771118164,7336000.0,9.18265438079834
2009-11-03,9.932499885559082,9.479999542236328,9.574999809265137,9.90999984741211,6453600.0,9.342930793762207
2009-11-04,10.175000190734863,9.90999984741211,10.047499656677246,9.957500457763672,7179600.0,9.387713432312012
2009-11-05,10.157500267028809,9.880000114440918,10.050000190734863,10.147500038146973,5437600.0,9.566837310791016
2009-11-06,10.272500038146973,9.90999984741211,10.042499542236328,10.017499923706055,5204000.0,9.472281455993652
2009-11-09,10.345000267028809,10.149999618530273,10.170000076293945,10.337499618530273,3242400.0,9.774861335754395
2009-11-10,10.364999771118164,10.077500343322754,10.297499656677246,10.260000228881836,2410000.0,9.701582908630371
2009-11-11,10.4399995803833,10.104999542236328,10.385000228881836,10.197500228881836,3717600.0,9.642484664916992
2009-11-12,10.257499694824219,9.805000305175781,10.140000343322754,9.882499694824219,5743600.0,9.344627380371094
2009-11-13,10.0625,9.789999961853027,9.899999618530273,9.96500015258789,3866000.0,9.422642707824707
2009-11-16,10.295000076293945,10.052499771118164,10.087499618530273,10.212499618530273,3191200.0,9.656669616699219
2009-11-17,10.199999809265137,10.03499984741211,10.1875,10.107500076293945,4516400.0,9.557382583618164
2009-11-18,10.175000190734863,9.960000038146973,10.142499923706055,9.9975004196167,4127600.0,9.453368186950684
2009-11-19,9.930000305175781,9.59000015258789,9.895000457763672,9.699999809265137,4374400.0,9.172062873840332
2009-11-20,9.6274995803833,9.3725004196167,9.625,9.555000305175781,5167600.0,9.034951210021973
2009-11-23,9.920000076293945,9.522500038146973,9.71500015258789,9.5649995803833,5987600.0,9.044408798217773
2009-11-24,9.577500343322754,9.227499961853027,9.5625,9.52750015258789,7920800.0,9.00894832611084
2009-11-25,9.912500381469727,9.487500190734863,9.574999809265137,9.895000457763672,3554000.0,9.356449127197266
2009-11-27,9.647500038146973,9.390000343322754,9.574999809265137,9.545000076293945,1562000.0,9.025494575500488
2009-11-30,9.744999885559082,9.4375,9.5,9.574999809265137,3946400.0,9.053862571716309
2009-12-01,9.850000381469727,9.65999984741211,9.65999984741211,9.8100004196167,4153200.0,9.276074409484863
2009-12-02,9.852499961853027,9.5649995803833,9.755000114440918,9.672499656677246,4982400.0,9.146058082580566
2009-12-03,9.725000381469727,9.397500038146973,9.65999984741211,9.420000076293945,4896800.0,8.907299995422363
2009-12-04,9.78499984741211,9.3149995803833,9.617500305175781,9.510000228881836,6602400.0,8.99240493774414
2009-12-07,9.827500343322754,9.40999984741211,9.432499885559082,9.625,7160400.0,9.101144790649414
2009-12-08,9.557499885559082,9.2524995803833,9.522500038146973,9.27750015258789,4829600.0,8.772554397583008
2009-12-09,9.362500190734863,9.024999618530273,9.34000015258789,9.15250015258789,6214000.0,8.654359817504883
2009-12-10,9.4375,9.167499542236328,9.22249984741211,9.335000038146973,5548400.0,8.82692813873291
2009-12-11,9.619999885559082,9.359999656677246,9.380000114440918,9.585000038146973,7532800.0,9.063319206237793
2009-12-14,10.569999694824219,9.975000381469727,10.267499923706055,10.260000228881836,15093600.0,9.701582908630371
2009-12-15,10.399999618530273,10.204999923706055,10.217499732971191,10.367500305175781,6735600.0,9.803230285644531
2009-12-16,10.567500114440918,10.329999923706055,10.425000190734863,10.532500267028809,5660000.0,9.959249496459961
2009-12-17,10.712499618530273,10.395000457763672,10.449999809265137,10.6850004196167,5937600.0,10.1034517288208
2009-12-18,10.914999961853027,10.757499694824219,10.8125,10.867500305175781,8036400.0,10.276018142700195
2009-12-21,11.162500381469727,10.954999923706055,10.960000038146973,11.092499732971191,3968800.0,10.488771438598633
2009-12-22,11.25,11.082500457763672,11.172499656677246,11.242500305175781,2962400.0,10.630608558654785
2009-12-23,11.404999732971191,11.227499961853027,11.335000038146973,11.34749984741211,1879200.0,10.72989273071289
2009-12-24,11.457500457763672,11.322500228881836,11.404999732971191,11.432499885559082,972000.0,10.810266494750977
2009-12-28,11.5649995803833,11.34000015258789,11.520000457763672,11.397500038146973,2439200.0,10.777172088623047
2009-12-29,11.449999809265137,11.1274995803833,11.40999984741211,11.137499809265137,3018800.0,10.531322479248047
2009-12-30,11.177499771118164,11.0024995803833,11.0600004196167,11.077500343322754,2692000.0,10.474588394165039
2009-12-31,11.217499732971191,10.897500038146973,11.135000228881836,10.897500038146973,2168000.0,10.3043851852417
2010-01-04,11.582500457763672,11.162500381469727,11.162500381469727,11.557499885559082,4514800.0,10.928465843200684
2010-01-05,11.5625,11.212499618530273,11.354999542236328,11.542499542236328,6313200.0,10.914280891418457
2010-01-06,11.614999771118164,11.442500114440918,11.5625,11.492500305175781,4633200.0,10.867000579833984
2010-01-07,11.442500114440918,11.15250015258789,11.442500114440918,11.390000343322754,6752800.0,10.770078659057617
2010-01-08,11.369999885559082,11.1274995803833,11.307499885559082,11.364999771118164,5024800.0,10.746441841125488
2010-01-11,11.585000038146973,10.887499809265137,11.574999809265137,11.072500228881836,7786000.0,10.46985912322998
2010-01-12,10.890000343322754,10.725000381469727,10.8725004196167,10.78499984741211,4062000.0,10.198007583618164
2010-01-13,10.984999656677246,10.632499694824219,10.84000015258789,10.96500015258789,5404000.0,10.36821174621582
2010-01-14,11.112500190734863,10.84000015258789,11.0,10.952500343322754,4032800.0,10.356392860412598
2010-01-15,10.97249984741211,10.692500114440918,10.9375,10.7475004196167,3718000.0,10.162550926208496
2010-01-19,10.970000267028809,10.720000267028809,10.720000267028809,10.960000038146973,3827200.0,10.363484382629395
2010-01-20,10.875,10.585000038146973,10.75,10.8149995803833,4386000.0,10.226373672485352
2010-01-21,11.0600004196167,10.6875,10.862500190734863,10.7475004196167,5875600.0,10.162550926208496
2010-01-22,10.779999732971191,10.457500457763672,10.712499618530273,10.487500190734863,5751200.0,9.91670036315918
2010-01-25,10.78499984741211,10.539999961853027,10.609999656677246,10.579999923706055,2984400.0,10.004168510437012
2010-01-26,10.489999771118164,10.289999961853027,10.414999961853027,10.327500343322754,5162800.0,9.765409469604492
2010-01-27,10.287500381469727,9.77750015258789,10.194999694824219,9.9375,9936400.0,9.396634101867676
2010-01-28,10.057499885559082,9.587499618530273,9.994999885559082,9.75,5558800.0,9.219338417053223
2010-01-29,9.987500190734863,9.5024995803833,9.84749984741211,9.567500114440918,6362400.0,9.046771049499512
2010-02-01,9.987500190734863,9.71500015258789,9.717499732971191,9.984999656677246,5766400.0,9.471247673034668
2010-02-02,10.287500381469727,9.819999694824219,10.022500038146973,10.244999885559082,7289200.0,9.717873573303223
2010-02-03,10.324999809265137,10.079999923706055,10.225000381469727,10.112500190734863,3955600.0,9.592187881469727
2010-02-04,9.977499961853027,9.5649995803833,9.977499961853027,9.607500076293945,3502800.0,9.113173484802246
2010-02-05,9.625,9.305000305175781,9.607500076293945,9.612500190734863,7260400.0,9.117911338806152
2010-02-08,9.694999694824219,9.407500267028809,9.617500305175781,9.414999961853027,5448400.0,8.93057632446289
2010-02-09,9.787500381469727,9.529999732971191,9.582500457763672,9.595000267028809,6408000.0,9.101311683654785
2010-02-10,9.640000343322754,9.332500457763672,9.574999809265137,9.579999923706055,4379600.0,9.08708667755127
2010-02-11,9.779999732971191,9.4975004196167,9.5649995803833,9.760000228881836,5689600.0,9.25782585144043
2010-02-12,9.899999618530273,9.52750015258789,9.585000038146973,9.875,7223200.0,9.366908073425293
2010-02-16,10.260000228881836,10.029999732971191,10.029999732971191,10.207500457763672,5854800.0,9.682300567626953
2010-02-17,10.270000457763672,9.962499618530273,10.234999656677246,10.09749984741211,5468400.0,9.577957153320312
2010-02-18,10.25,10.015000343322754,10.072500228881836,10.234999656677246,6501600.0,9.708383560180664
2010-02-19,10.422499656677246,10.15250015258789,10.217499732971191,10.329999923706055,6856000.0,9.798495292663574
2010-02-22,10.72249984741211,10.25,10.5625,10.282500267028809,16485600.0,9.75344181060791
2010-02-23,10.287500381469727,9.912500381469727,10.21500015258789,9.930000305175781,7316000.0,9.41907787322998
2010-02-24,10.147500038146973,9.962499618530273,9.97249984741211,10.039999961853027,8075200.0,9.523419380187988
2010-02-25,10.15999984741211,9.75,9.850000381469727,10.107500076293945,5284000.0,9.587445259094238
2010-02-26,10.1875,9.8774995803833,10.005000114440918,10.03499984741211,8014800.0,9.518674850463867
2010-03-01,10.212499618530273,10.079999923706055,10.114999771118164,10.192500114440918,5256000.0,9.668072700500488
2010-03-02,10.322500228881836,10.145000457763672,10.322500228881836,10.192500114440918,5685200.0,9.668072700500488
2010-03-03,10.324999809265137,10.1875,10.2475004196167,10.21500015258789,3818800.0,9.689414978027344
2010-03-04,10.305000305175781,9.962499618530273,10.21500015258789,10.0600004196167,4626000.0,9.542387008666992
2010-03-05,10.3774995803833,10.140000343322754,10.177499771118164,10.342499732971191,4712000.0,9.810352325439453
2010-03-08,10.492500305175781,10.34000015258789,10.417499542236328,10.34749984741211,6818800.0,9.815094947814941
2010-03-09,10.444999694824219,10.170000076293945,10.255000114440918,10.229999542236328,4858800.0,9.703641891479492
2010-03-10,10.5625,10.182499885559082,10.202500343322754,10.432499885559082,7728800.0,9.89572525024414
2010-03-11,10.427499771118164,10.295000076293945,10.359999656677246,10.3149995803833,3736000.0,9.784268379211426
2010-03-12,10.484999656677246,10.327500343322754,10.34749984741211,10.46500015258789,5516800.0,9.92655086517334
2010-03-15,10.430000305175781,10.015000343322754,10.40999984741211,10.207500457763672,6594800.0,9.682300567626953
2010-03-16,10.292499542236328,10.0625,10.227499961853027,10.289999961853027,5663200.0,9.760552406311035
2010-03-17,10.492500305175781,10.297499656677246,10.319999694824219,10.404999732971191,6030400.0,9.86963939666748
2010-03-18,10.332500457763672,9.84749984741211,10.207500457763672,9.880000114440918,9182800.0,9.371651649475098
2010-03-19,9.982500076293945,9.350000381469727,9.53499984741211,9.53499984741211,12646000.0,9.044403076171875
2010-03-22,9.539999961853027,9.337499618530273,9.430000305175781,9.387499809265137,11065600.0,8.904488563537598
2010-03-23,9.602499961853027,9.362500190734863,9.390000343322754,9.5600004196167,7705200.0,9.06811809539795
2010-03-24,9.672499656677246,9.382499694824219,9.470000267028809,9.542499542236328,6209200.0,9.051514625549316
2010-03-25,9.692500114440918,9.22249984741211,9.692500114440918,9.237500190734863,7662400.0,8.762207984924316
2010-03-26,9.272500038146973,8.989999771118164,9.272500038146973,9.100000381469727,10977600.0,8.631782531738281
2010-03-29,9.369999885559082,9.132499694824219,9.157500267028809,9.282500267028809,4899200.0,8.804893493652344
2010-03-30,9.272500038146973,9.104999542236328,9.272500038146973,9.15999984741211,4431200.0,8.688697814941406
2010-03-31,9.307499885559082,9.135000228881836,9.15250015258789,9.199999809265137,3792800.0,8.72663688659668
2010-04-01,9.5,9.324999809265137,9.324999809265137,9.4350004196167,4922000.0,8.949543952941895
2010-04-05,9.744999885559082,9.442500114440918,9.507499694824219,9.712499618530273,4937200.0,9.21277141571045
2010-04-06,9.807499885559082,9.592499732971191,9.662500381469727,9.7475004196167,6576800.0,9.245969772338867
2010-04-07,9.770000457763672,9.5,9.697500228881836,9.545000076293945,6974400.0,9.053885459899902
2010-04-08,9.625,9.359999656677246,9.482500076293945,9.59749984741211,3934400.0,9.10368537902832
2010-04-09,10.057499885559082,9.869999885559082,9.882499694824219,9.989999771118164,9676000.0,9.475991249084473
2010-04-12,10.022500038146973,9.869999885559082,9.975000381469727,9.907500267028809,3352800.0,9.397737503051758
2010-04-13,10.172499656677246,9.8100004196167,9.90250015258789,10.109999656677246,7528000.0,9.589818000793457
2010-04-14,10.227499961853027,9.989999771118164,10.192500114440918,10.1274995803833,4869200.0,9.606415748596191
2010-04-15,10.242500305175781,10.067500114440918,10.170000076293945,10.09749984741211,5686400.0,9.577957153320312
2010-04-16,10.03499984741211,9.677499771118164,10.020000457763672,9.737500190734863,10386000.0,9.23648738861084
2010-04-19,9.65250015258789,9.470000267028809,9.619999885559082,9.645000457763672,8012400.0,9.148741722106934
2010-04-20,9.800000190734863,9.649999618530273,9.734999656677246,9.75,6862800.0,9.248339653015137
2010-04-21,9.805000305175781,9.654999732971191,9.767499923706055,9.744999885559082,5828400.0,9.243598937988281
2010-04-22,9.890000343322754,9.512499809265137,9.587499618530273,9.8725004196167,6106000.0,9.364540100097656
2010-04-23,10.095000267028809,9.737500190734863,9.897500038146973,9.975000381469727,10192000.0,9.461763381958008
2010-04-26,10.0600004196167,9.850000381469727,9.9975004196167,9.857500076293945,6965600.0,9.350308418273926
2010-04-27,9.859999656677246,9.345000267028809,9.78499984741211,9.387499809265137,12729200.0,8.904488563537598
2010-04-28,9.642499923706055,9.40999984741211,9.507499694824219,9.552499771118164,7514400.0,9.061001777648926
2010-04-29,9.532500267028809,8.850000381469727,9.5024995803833,8.9375,21214000.0,8.477643966674805
2010-04-30,9.237500190734863,8.944999694824219,9.102499961853027,9.032500267028809,11770000.0,8.567757606506348
2010-05-03,9.367500305175781,9.085000038146973,9.112500190734863,9.3149995803833,8101600.0,8.835719108581543
2010-05-04,9.135000228881836,8.922499656677246,9.107500076293945,9.104999542236328,7414400.0,8.636523246765137
2010-05-05,9.012499809265137,8.649999618530273,8.8774995803833,8.699999809265137,8134000.0,8.252364158630371
2010-05-06,8.805000305175781,7.5,8.630000114440918,8.199999809265137,19152000.0,7.778092384338379
2010-05-07,8.25,7.752500057220459,7.994999885559082,7.96999979019165,14374000.0,7.58768367767334
2010-05-10,8.552499771118164,8.27750015258789,8.422499656677246,8.420000076293945,7858400.0,8.016098976135254
2010-05-11,8.475000381469727,8.260000228881836,8.279999732971191,8.282500267028809,7743600.0,7.885193824768066
2010-05-12,8.607500076293945,8.317500114440918,8.317500114440918,8.574999809265137,7671200.0,8.163661003112793
2010-05-13,8.762499809265137,8.407500267028809,8.532500267028809,8.550000190734863,8287200.0,8.139863014221191
2010-05-14,8.47249984741211,8.255000114440918,8.422499656677246,8.457500457763672,12328000.0,8.051801681518555
2010-05-17,8.515000343322754,8.09000015258789,8.467499732971191,8.2524995803833,10182000.0,7.856630325317383
2010-05-18,8.510000228881836,8.192500114440918,8.399999618530273,8.225000381469727,9501200.0,7.830451965332031
2010-05-19,8.270000457763672,8.005000114440918,8.175000190734863,8.220000267028809,10680000.0,7.825693130493164
2010-05-20,7.957499980926514,7.672500133514404,7.940000057220459,7.684999942779541,9615600.0,7.316356182098389
2010-05-21,7.880000114440918,7.414999961853027,7.552499771118164,7.840000152587891,8294000.0,7.463919639587402
2010-05-24,7.84499979019165,7.577499866485596,7.792500019073486,7.582499980926514,5191200.0,7.218772888183594
2010-05-25,7.90749979019165,7.222499847412109,7.34250020980835,7.875,12364000.0,7.497243404388428
2010-05-26,8.2475004196167,8.079999923706055,8.112500190734863,8.102499961853027,10804400.0,7.713827610015869
2010-05-27,8.702500343322754,8.289999961853027,8.289999961853027,8.702500343322754,9079600.0,8.28504753112793
2010-05-28,8.8149995803833,8.512499809265137,8.649999618530273,8.672499656677246,9019600.0,8.256486892700195
2010-06-01,8.7524995803833,8.210000038146973,8.470000267028809,8.232500076293945,8914800.0,7.837592601776123
2010-06-02,8.835000038146973,8.257499694824219,8.292499542236328,8.829999923706055,8200000.0,8.406432151794434
2010-06-03,9.337499618530273,8.77750015258789,8.992500305175781,9.292499542236328,11135600.0,8.846742630004883
2010-06-04,9.592499732971191,8.642499923706055,9.102499961853027,8.742500305175781,15574800.0,8.323128700256348
2010-06-07,8.987500190734863,8.607500076293945,8.817500114440918,8.635000228881836,8384400.0,8.220786094665527
2010-06-08,8.800000190734863,8.369999885559082,8.642499923706055,8.6225004196167,9896000.0,8.208887100219727
2010-06-09,8.895000457763672,8.4975004196167,8.7524995803833,8.545000076293945,7610000.0,8.135102272033691
2010-06-10,9.109999656677246,8.774999618530273,8.774999618530273,9.09000015258789,6017600.0,8.653961181640625
2010-06-11,9.262499809265137,8.904999732971191,8.904999732971191,9.2524995803833,5746800.0,8.808664321899414
2010-06-14,9.482500076293945,9.21500015258789,9.40250015258789,9.2524995803833,5230400.0,8.808664321899414
2010-06-15,9.619999885559082,9.357500076293945,9.364999771118164,9.602499961853027,5301200.0,9.14187240600586
2010-06-16,9.680000305175781,9.385000228881836,9.4975004196167,9.555000305175781,6445200.0,9.096652030944824
2010-06-17,9.600000381469727,9.244999885559082,9.600000381469727,9.350000381469727,5664000.0,8.901488304138184
2010-06-18,9.369999885559082,9.069999694824219,9.34000015258789,9.107500076293945,11222400.0,8.67061996459961
2010-06-21,9.430000305175781,8.904999732971191,9.324999809265137,8.979999542236328,9550800.0,8.549233436584473
2010-06-22,9.012499809265137,8.2475004196167,8.947500228881836,8.295000076293945,19748800.0,7.897095680236816
2010-06-23,8.322500228881836,8.172499656677246,8.267499923706055,8.227499961853027,8676800.0,7.8328328132629395
2010-06-24,8.397500038146973,8.09000015258789,8.217499732971191,8.1225004196167,11368400.0,7.732870578765869
2010-06-25,8.27750015258789,8.0,8.167499542236328,8.232500076293945,7444800.0,7.837592601776123
2010-06-28,8.712499618530273,8.267499923706055,8.267499923706055,8.342499732971191,13561600.0,7.94231653213501
2010-06-29,8.232500076293945,7.840000152587891,8.232500076293945,7.894999980926514,8341200.0,7.516282558441162
2010-06-30,7.982500076293945,7.795000076293945,7.900000095367432,7.829999923706055,10925200.0,7.454400062561035
2010-07-01,7.962500095367432,7.502500057220459,7.872499942779541,7.820000171661377,8296800.0,7.444880962371826
2010-07-02,7.960000038146973,7.675000190734863,7.894999980926514,7.732500076293945,4544400.0,7.36157751083374
2010-07-06,8.095000267028809,7.742499828338623,7.929999828338623,7.797500133514404,8248800.0,7.423458576202393
2010-07-07,8.087499618530273,7.792500019073486,7.840000152587891,8.085000038146973,5020000.0,7.697166919708252
2010-07-08,8.4350004196167,8.135000228881836,8.212499618530273,8.40250015258789,10358800.0,7.999439239501953
2010-07-09,8.4399995803833,8.270000457763672,8.300000190734863,8.3725004196167,5130800.0,7.970877647399902
2010-07-12,8.482500076293945,8.199999809265137,8.335000038146973,8.289999961853027,3412800.0,7.892333984375
2010-07-13,8.489999771118164,8.354999542236328,8.425000190734863,8.375,3772400.0,7.973257541656494
2010-07-14,8.479999542236328,8.22249984741211,8.297499656677246,8.375,4797200.0,7.973257541656494
2010-07-15,8.369999885559082,8.130000114440918,8.367500305175781,8.329999923706055,3749200.0,7.93041467666626
2010-07-16,8.2475004196167,7.909999847412109,8.239999771118164,7.96750020980835,4323600.0,7.585304260253906
2010-07-19,8.087499618530273,7.829999923706055,7.989999771118164,7.977499961853027,6296400.0,7.594824314117432
2010-07-20,8.322500228881836,7.777500152587891,7.864999771118164,8.305000305175781,7582800.0,7.906615257263184
2010-07-21,8.53499984741211,8.149999618530273,8.350000381469727,8.1850004196167,15242800.0,7.7923712730407715
2010-07-22,8.539999961853027,8.02750015258789,8.319999694824219,8.192500114440918,14419200.0,7.7995100021362305
2010-07-23,8.197500228881836,7.800000190734863,8.197500228881836,7.960000038146973,11959200.0,7.578163146972656
2010-07-26,8.020000457763672,7.829999923706055,8.012499809265137,7.925000190734863,9564400.0,7.5448431968688965
2010-07-27,8.0024995803833,7.559999942779541,7.949999809265137,7.612500190734863,9172800.0,7.2473344802856445
2010-07-28,7.699999809265137,7.452499866485596,7.612500190734863,7.502500057220459,6339200.0,7.142610549926758
2010-07-29,7.682499885559082,7.425000190734863,7.550000190734863,7.632500171661377,5562800.0,7.266374111175537
2010-07-30,7.677499771118164,7.462500095367432,7.542500019073486,7.617499828338623,5376800.0,7.2520928382873535
2010-08-02,7.90500020980835,7.735000133514404,7.802499771118164,7.822500228881836,5125200.0,7.447259426116943
2010-08-03,8.202500343322754,7.757500171661377,7.820000171661377,8.067500114440918,9318000.0,7.710076332092285
2010-08-04,8.2475004196167,8.03499984741211,8.0600004196167,8.1899995803833,6689600.0,7.827150821685791
2010-08-05,8.192500114440918,8.022500038146973,8.145000457763672,8.125,5865600.0,7.765028476715088
2010-08-06,8.067500114440918,7.795000076293945,8.020000457763672,7.962500095367432,7977600.0,7.6097283363342285
2010-08-09,8.100000381469727,7.952499866485596,8.010000228881836,8.082500457763672,3932000.0,7.72441291809082
2010-08-10,8.114999771118164,7.875,7.974999904632568,8.055000305175781,4710400.0,7.698129653930664
2010-08-11,7.889999866485596,7.690000057220459,7.869999885559082,7.742499828338623,5856800.0,7.399474620819092
2010-08-12,7.78000020980835,7.519999980926514,7.567500114440918,7.692500114440918,6772000.0,7.351691722869873
2010-08-13,7.815000057220459,7.625,7.695000171661377,7.672500133514404,6719600.0,7.332577705383301
2010-08-16,7.65749979019165,7.517499923706055,7.614999771118164,7.545000076293945,7702800.0,7.210726261138916
2010-08-17,7.65749979019165,7.460000038146973,7.630000114440918,7.577499866485596,10822800.0,7.241784572601318
2010-08-18,7.587500095367432,7.414999961853027,7.545000076293945,7.537499904632568,4876000.0,7.203557014465332
2010-08-19,7.417500019073486,7.227499961853027,7.394999980926514,7.397500038146973,10645600.0,7.069760322570801
2010-08-20,7.347499847412109,7.210000038146973,7.304999828338623,7.320000171661377,6718000.0,6.995693206787109
2010-08-23,7.472499847412109,7.292500019073486,7.324999809265137,7.380000114440918,10254800.0,7.053034782409668
2010-08-24,7.232500076293945,7.072500228881836,7.227499961853027,7.170000076293945,9172400.0,6.8523383140563965
2010-08-25,7.097499847412109,6.852499961853027,7.097499847412109,6.992499828338623,9740400.0,6.682703018188477
2010-08-26,7.107500076293945,6.9375,7.057499885559082,6.980000019073486,5502000.0,6.6707563400268555
2010-08-27,7.192500114440918,6.872499942779541,7.074999809265137,7.172500133514404,5507200.0,6.854729175567627
2010-08-30,7.337500095367432,7.045000076293945,7.167500019073486,7.045000076293945,9170000.0,6.732877254486084
2010-08-31,7.130000114440918,6.920000076293945,7.0,6.960000038146973,8026400.0,6.6516432762146
2010-09-01,7.260000228881836,7.059999942779541,7.082499980926514,7.195000171661377,8951200.0,6.876232624053955
2010-09-02,7.227499961853027,7.065000057220459,7.210000038146973,7.224999904632568,4699600.0,6.904903411865234
2010-09-03,7.375,7.230000019073486,7.302499771118164,7.320000171661377,3723600.0,6.995693206787109
2010-09-07,7.284999847412109,7.09250020980835,7.262499809265137,7.144999980926514,4236000.0,6.828447341918945
2010-09-08,7.255000114440918,7.09250020980835,7.142499923706055,7.152500152587891,4280000.0,6.83561372756958
2010-09-09,7.307499885559082,7.107500076293945,7.269999980926514,7.112500190734863,5530400.0,6.797387599945068
2010-09-10,7.3125,7.127500057220459,7.164999961853027,7.28000020980835,8503200.0,6.957465171813965
2010-09-13,7.452499866485596,7.227499961853027,7.400000095367432,7.324999809265137,6675600.0,7.0004706382751465
2010-09-14,7.447500228881836,7.255000114440918,7.322500228881836,7.329999923706055,6109600.0,7.005248546600342
2010-09-15,7.34250020980835,7.1875,7.275000095367432,7.204999923706055,5934000.0,6.885787010192871
2010-09-16,7.162499904632568,6.867499828338623,7.03249979019165,6.954999923706055,13187200.0,6.646864891052246
2010-09-17,6.982500076293945,6.737500190734863,6.96750020980835,6.747499942779541,12490400.0,6.448558330535889
2010-09-20,6.922500133514404,6.65500020980835,6.752500057220459,6.917500019073486,9042400.0,6.611025810241699
2010-09-21,7.005000114440918,6.827499866485596,6.920000076293945,7.005000114440918,8218800.0,6.694649696350098
2010-09-22,7.077499866485596,6.84499979019165,6.989999771118164,6.857500076293945,8136400.0,6.553684234619141
2010-09-23,7.097499847412109,6.739999771118164,6.769999980926514,6.997499942779541,9119200.0,6.687481880187988
2010-09-24,7.224999904632568,7.019999980926514,7.09499979019165,7.172500133514404,6300000.0,6.854729175567627
2010-09-27,7.275000095367432,7.090000152587891,7.182499885559082,7.099999904632568,5978000.0,6.785439491271973
2010-09-28,7.197500228881836,7.042500019073486,7.119999885559082,7.177499771118164,3753200.0,6.859506130218506
2010-09-29,7.567500114440918,7.107500076293945,7.132500171661377,7.550000190734863,7456800.0,7.215505123138428
2010-09-30,7.662499904632568,7.375,7.614999771118164,7.527500152587891,9334400.0,7.194000720977783
2010-10-01,7.742499828338623,7.599999904632568,7.625,7.639999866485596,6765600.0,7.301515579223633
2010-10-04,7.677499771118164,7.377500057220459,7.630000114440918,7.442500114440918,6304000.0,7.112766265869141
2010-10-05,7.804999828338623,7.570000171661377,7.570000171661377,7.679999828338623,9034800.0,7.339743137359619
2010-10-06,7.949999809265137,7.692500114440918,7.692500114440918,7.882500171661377,7655600.0,7.533272743225098
2010-10-07,7.920000076293945,7.755000114440918,7.920000076293945,7.835000038146973,4839600.0,7.487877368927002
2010-10-08,8.047499656677246,7.809999942779541,7.84499979019165,8.010000228881836,4260400.0,7.655123710632324
2010-10-11,8.057499885559082,7.852499961853027,8.024999618530273,7.882500171661377,4389200.0,7.533272743225098
2010-10-12,7.847499847412109,7.485000133514404,7.84250020980835,7.664999961853027,9451200.0,7.325408458709717
2010-10-13,7.837500095367432,7.707499980926514,7.730000019073486,7.792500019073486,6551200.0,7.447260856628418
2010-10-14,7.800000190734863,7.614999771118164,7.787499904632568,7.677499771118164,4566800.0,7.337356090545654
2010-10-15,7.792500019073486,7.5625,7.755000114440918,7.630000114440918,4502400.0,7.291958808898926
2010-10-18,7.792500019073486,7.552499771118164,7.617499828338623,7.762499809265137,2698800.0,7.418588638305664
2010-10-19,7.639999866485596,7.432499885559082,7.597499847412109,7.474999904632568,5208400.0,7.143825054168701
2010-10-20,7.639999866485596,7.449999809265137,7.460000038146973,7.614999771118164,4966400.0,7.277625560760498
2010-10-21,7.757500171661377,7.5,7.642499923706055,7.607500076293945,4963600.0,7.270455837249756
2010-10-22,7.732500076293945,7.607500076293945,7.617499828338623,7.71999979019165,4692400.0,7.377969264984131
2010-10-25,7.900000095367432,7.652500152587891,7.807499885559082,7.730000019073486,6919200.0,7.387528896331787
2010-10-26,7.625,7.125,7.625,7.164999961853027,17023600.0,6.847561359405518
2010-10-27,7.177499771118164,6.952499866485596,7.072500228881836,7.170000076293945,9826000.0,6.8523383140563965
2010-10-28,7.247499942779541,7.007500171661377,7.215000152587891,7.067500114440918,7253600.0,6.75438117980957
2010-10-29,7.297500133514404,7.002500057220459,7.039999961853027,7.244999885559082,4743600.0,6.924016952514648
2010-11-01,7.695000171661377,7.375,7.375,7.539999961853027,7992400.0,7.20594596862793
2010-11-02,7.652500152587891,7.465000152587891,7.644999980926514,7.635000228881836,3150400.0,7.296738147735596
2010-11-03,7.792500019073486,7.605000019073486,7.677499771118164,7.757500171661377,6160400.0,7.413810729980469
2010-11-04,8.0,7.862500190734863,7.880000114440918,7.965000152587891,5714000.0,7.612118721008301
2010-11-05,8.0649995803833,7.929999828338623,8.007499694824219,8.052499771118164,3919600.0,7.695739269256592
2010-11-08,8.194999694824219,7.985000133514404,7.997499942779541,8.135000228881836,3875600.0,7.803657531738281
2010-11-09,9.074999809265137,8.385000228881836,8.59000015258789,8.460000038146973,19865600.0,8.115422248840332
2010-11-10,8.6850004196167,8.292499542236328,8.442500114440918,8.680000305175781,7999200.0,8.326460838317871
2010-11-11,8.819999694824219,8.555000305175781,8.579999923706055,8.8149995803833,5224800.0,8.455964088439941
2010-11-12,8.725000381469727,8.46500015258789,8.712499618530273,8.592499732971191,4954800.0,8.242527961730957
2010-11-15,8.682499885559082,8.545000076293945,8.649999618530273,8.5649995803833,4940400.0,8.216142654418945
2010-11-16,8.524999618530273,8.282500267028809,8.467499732971191,8.369999885559082,6230800.0,8.029088020324707
2010-11-17,8.412500381469727,8.319999694824219,8.357500076293945,8.34000015258789,3832000.0,8.000309944152832
2010-11-18,8.649999618530273,8.4375,8.444999694824219,8.604999542236328,6122400.0,8.254514694213867
2010-11-19,8.967499732971191,8.579999923706055,8.649999618530273,8.957500457763672,9984800.0,8.592657089233398
2010-11-22,8.982500076293945,8.654999732971191,8.867500305175781,8.97249984741211,5269600.0,8.607046127319336
2010-11-23,8.842499732971191,8.649999618530273,8.842499732971191,8.699999809265137,5369600.0,8.345645904541016
2010-11-24,8.857500076293945,8.667499542236328,8.845000267028809,8.807499885559082,4262800.0,8.448765754699707
2010-11-26,8.829999923706055,8.6899995803833,8.694999694824219,8.7524995803833,2086800.0,8.39600658416748
2010-11-29,8.757499694824219,8.6274995803833,8.667499542236328,8.720000267028809,6972800.0,8.36483383178711
2010-11-30,8.829999923706055,8.585000038146973,8.617500305175781,8.742500305175781,3807600.0,8.38641357421875
2010-12-01,9.010000228881836,8.875,8.9350004196167,9.0,6260000.0,8.63342571258545
2010-12-02,9.279999732971191,9.005000114440918,9.015000343322754,9.234999656677246,6432000.0,8.858854293823242
2010-12-03,9.442500114440918,9.175000190734863,9.175000190734863,9.422499656677246,4880800.0,9.038718223571777
2010-12-06,9.449999809265137,9.3125,9.412500381469727,9.342499732971191,6588000.0,8.961973190307617
2010-12-07,9.577500343322754,9.27750015258789,9.470000267028809,9.3125,4272800.0,8.933197021484375
2010-12-08,9.345000267028809,9.010000228881836,9.345000267028809,9.02750015258789,5735200.0,8.659809112548828
2010-12-09,9.170000076293945,8.7475004196167,9.109999656677246,8.975000381469727,7564400.0,8.609445571899414
2010-12-10,8.914999961853027,8.729999542236328,8.8725004196167,8.84000015258789,5645600.0,8.479942321777344
2010-12-13,9.432499885559082,8.842499732971191,8.927499771118164,9.237500190734863,16354000.0,8.861252784729004
2010-12-14,9.287500381469727,8.984999656677246,9.267499923706055,9.055000305175781,5936000.0,8.68618392944336
2010-12-15,9.1850004196167,9.007499694824219,9.029999732971191,9.03499984741211,4191600.0,8.667001724243164
2010-12-16,9.1274995803833,8.9975004196167,9.042499542236328,9.0,4547600.0,8.63342571258545
2010-12-17,9.164999961853027,8.954999923706055,9.015000343322754,9.157500267028809,8267200.0,8.784509658813477
2010-12-20,9.220000267028809,8.984999656677246,9.142499923706055,9.207500457763672,4139600.0,8.832474708557129
2010-12-21,9.274999618530273,9.154999732971191,9.25,9.244999885559082,3412000.0,8.868449211120605
2010-12-22,9.257499694824219,9.067500114440918,9.257499694824219,9.1899995803833,3733200.0,8.81568717956543
2010-12-23,9.255000114440918,9.119999885559082,9.15999984741211,9.232500076293945,1694800.0,8.856459617614746
2010-12-27,9.217499732971191,9.072500228881836,9.147500038146973,9.15250015258789,5100400.0,8.77971363067627
2010-12-28,9.217499732971191,9.130000114440918,9.182499885559082,9.204999923706055,2167600.0,8.830076217651367
2010-12-29,9.367500305175781,9.212499618530273,9.239999771118164,9.337499618530273,4391600.0,8.957178115844727
2010-12-30,9.520000457763672,9.362500190734863,9.367500305175781,9.422499656677246,4059600.0,9.038718223571777
2010-12-31,9.517499923706055,9.369999885559082,9.417499542236328,9.462499618530273,3652400.0,9.0770902633667
2011-01-03,9.704999923706055,9.515000343322754,9.5625,9.614999771118164,4733600.0,9.22337818145752
2011-01-04,9.712499618530273,9.260000228881836,9.649999618530273,9.380000114440918,5437600.0,8.997952461242676
2011-01-05,9.470000267028809,9.172499656677246,9.289999961853027,9.375,6082800.0,8.99315357208252
2011-01-06,9.452500343322754,9.279999732971191,9.3774995803833,9.357500076293945,4360000.0,8.97636604309082
2011-01-07,9.40250015258789,9.270000457763672,9.359999656677246,9.3725004196167,3450800.0,8.990753173828125
2011-01-10,9.422499656677246,9.237500190734863,9.329999923706055,9.399999618530273,2591600.0,9.017133712768555
2011-01-11,9.65250015258789,9.417499542236328,9.444999694824219,9.585000038146973,3009600.0,9.194601058959961
2011-01-12,9.694999694824219,9.467499732971191,9.645000457763672,9.574999809265137,4468000.0,9.185007095336914
2011-01-13,9.59000015258789,9.422499656677246,9.550000190734863,9.487500190734863,3441600.0,9.10107135772705
2011-01-14,9.649999618530273,9.425000190734863,9.467499732971191,9.645000457763672,4033600.0,9.252155303955078
2011-01-18,9.827500343322754,9.550000190734863,9.682499885559082,9.807499885559082,4137600.0,9.408038139343262
2011-01-19,9.829999923706055,9.5,9.797499656677246,9.595000267028809,4905600.0,9.204191207885742
2011-01-20,9.614999771118164,9.289999961853027,9.539999961853027,9.577500343322754,4039200.0,9.18740463256836
2011-01-21,10.017499923706055,9.65250015258789,9.859999656677246,9.772500038146973,8619200.0,9.374462127685547
2011-01-24,10.109999656677246,9.682499885559082,9.742500305175781,10.007499694824219,6940400.0,9.599888801574707
2011-01-25,9.989999771118164,9.767499923706055,9.975000381469727,9.885000228881836,3358800.0,9.482383728027344
2011-01-26,10.199999809265137,9.8774995803833,9.922499656677246,10.172499656677246,3755600.0,9.787878036499023
2011-01-27,10.234999656677246,10.0600004196167,10.157500267028809,10.1274995803833,2787200.0,9.744577407836914
2011-01-28,10.192500114440918,9.864999771118164,10.114999771118164,9.942500114440918,6062800.0,9.566570281982422
2011-01-31,10.46500015258789,9.979999542236328,9.979999542236328,10.407500267028809,5976800.0,10.013988494873047
2011-02-01,10.550000190734863,10.375,10.47249984741211,10.4375,6276000.0,10.042854309082031
2011-02-02,10.635000228881836,10.359999656677246,10.364999771118164,10.5649995803833,5749600.0,10.165534973144531
2011-02-03,10.670000076293945,10.342499732971191,10.52750015258789,10.425000190734863,4490800.0,10.030826568603516
2011-02-04,10.492500305175781,10.149999618530273,10.457500457763672,10.345000267028809,4764800.0,9.95385456085205
2011-02-07,10.484999656677246,10.227499961853027,10.407500267028809,10.267499923706055,4932800.0,9.879283905029297
2011-02-08,10.342499732971191,10.007499694824219,10.287500381469727,10.229999542236328,4571200.0,9.843201637268066
2011-02-09,10.255000114440918,9.899999618530273,10.172499656677246,10.107500076293945,5105200.0,9.725333213806152
2011-02-10,10.225000381469727,9.9975004196167,10.039999961853027,10.204999923706055,3823600.0,9.819148063659668
2011-02-11,10.1899995803833,10.012499809265137,10.157500267028809,10.102499961853027,4438000.0,9.720523834228516
2011-02-14,10.257499694824219,10.087499618530273,10.102499961853027,10.170000076293945,3920000.0,9.785467147827148
2011-02-15,10.164999961853027,10.015000343322754,10.137499809265137,10.037500381469727,5012800.0,9.657983779907227
2011-02-16,10.300000190734863,10.032500267028809,10.09749984741211,10.265000343322754,5317200.0,9.87687873840332
2011-02-17,10.28499984741211,10.082500457763672,10.239999771118164,10.197500228881836,6983200.0,9.811931610107422
2011-02-18,10.255000114440918,10.024999618530273,10.207500457763672,10.217499732971191,3557200.0,9.83117389678955
2011-02-22,10.552499771118164,9.869999885559082,10.267499923706055,9.957500457763672,7417200.0,9.58100414276123
2011-02-23,11.25,10.487500190734863,10.532500267028809,11.194999694824219,20579600.0,10.771712303161621
2011-02-24,11.832500457763672,11.177499771118164,11.319999694824219,11.199999809265137,13366400.0,10.776527404785156
2011-02-25,11.505000114440918,11.154999732971191,11.154999732971191,11.447500228881836,5620400.0,11.014668464660645
2011-02-28,11.595000267028809,11.352499961853027,11.522500038146973,11.414999961853027,6050800.0,10.983394622802734
2011-03-01,11.574999809265137,11.085000038146973,11.545000076293945,11.114999771118164,7105200.0,10.694738388061523
2011-03-02,11.2524995803833,10.962499618530273,11.109999656677246,11.227499961853027,4511200.0,10.802985191345215
2011-03-03,11.5,11.21500015258789,11.300000190734863,11.452500343322754,5494800.0,11.019477844238281
2011-03-04,11.614999771118164,11.342499732971191,11.4375,11.574999809265137,6596000.0,11.137348175048828
2011-03-07,11.737500190734863,11.095000267028809,11.577500343322754,11.329999923706055,5940800.0,10.901611328125
2011-03-08,11.375,10.970000267028809,11.375,11.132499694824219,5761200.0,10.711579322814941
2011-03-09,11.282500267028809,11.045000076293945,11.092499732971191,11.085000038146973,4368000.0,10.665875434875488
2011-03-10,10.949999809265137,10.53499984741211,10.949999809265137,10.757499694824219,6922000.0,10.350757598876953
2011-03-11,11.079999923706055,10.567500114440918,10.654999732971191,11.005000114440918,4848800.0,10.588899612426758
2011-03-14,11.600000381469727,10.925000190734863,10.957500457763672,11.555000305175781,8872800.0,11.118104934692383
2011-03-15,11.912500381469727,11.112500190734863,11.15999984741211,11.670000076293945,12616400.0,11.228754997253418
2011-03-16,12.1899995803833,11.625,11.725000381469727,11.742500305175781,11342800.0,11.298514366149902
2011-03-17,12.112500190734863,11.645000457763672,12.0,12.042499542236328,7599600.0,11.587167739868164
2011-03-18,12.385000228881836,11.824999809265137,12.324999809265137,12.117500305175781,13026000.0,11.659335136413574
2011-03-21,12.422499656677246,12.149999618530273,12.305000305175781,12.357500076293945,6102800.0,11.890259742736816
2011-03-22,12.4350004196167,12.239999771118164,12.350000381469727,12.322500228881836,4489600.0,11.856582641601562
2011-03-23,12.425000190734863,12.212499618530273,12.272500038146973,12.382499694824219,3378400.0,11.914312362670898
2011-03-24,12.532500267028809,12.1225004196167,12.417499542236328,12.520000457763672,6057600.0,12.04661750793457
2011-03-25,12.90250015258789,12.494999885559082,12.52750015258789,12.852499961853027,6852000.0,12.366543769836426
2011-03-28,12.864999771118164,12.470000267028809,12.835000038146973,12.5,5464400.0,12.02737045288086
2011-03-29,12.757499694824219,12.362500190734863,12.4975004196167,12.680000305175781,5422400.0,12.200565338134766
2011-03-30,13.40250015258789,12.802499771118164,12.802499771118164,13.34749984741211,10103200.0,12.842825889587402
2011-03-31,13.539999961853027,13.220000267028809,13.359999656677246,13.242500305175781,5660000.0,12.74179744720459
2011-04-01,13.632499694824219,13.375,13.40999984741211,13.507499694824219,5717200.0,12.996776580810547
2011-04-04,13.77750015258789,13.414999961853027,13.5600004196167,13.467499732971191,5702800.0,12.958290100097656
2011-04-05,13.5625,13.359999656677246,13.420000076293945,13.447500228881836,3272800.0,12.939047813415527
2011-04-06,13.59749984741211,13.092499732971191,13.4975004196167,13.305000305175781,4283600.0,12.801937103271484
2011-04-07,13.417499542236328,13.207500457763672,13.352499961853027,13.34000015258789,6331200.0,12.835611343383789
2011-04-08,13.569999694824219,13.220000267028809,13.430000305175781,13.282500267028809,2964000.0,12.780282020568848
2011-04-11,13.422499656677246,13.007499694824219,13.324999809265137,13.092499732971191,3572000.0,12.597471237182617
2011-04-12,12.947500228881836,12.602499961853027,12.9399995803833,12.734999656677246,5915200.0,12.253487586975098
2011-04-13,13.079999923706055,12.8774995803833,12.904999732971191,12.970000267028809,5413200.0,12.479601860046387
2011-04-14,13.207500457763672,12.8125,12.895000457763672,13.140000343322754,6364000.0,12.643173217773438
2011-04-15,13.392499923706055,12.979999542236328,13.167499542236328,13.375,4450400.0,12.869288444519043
2011-04-18,13.225000381469727,12.922499656677246,13.162500381469727,13.0649995803833,5153200.0,12.571008682250977
2011-04-19,13.015000343322754,12.829999923706055,12.899999618530273,12.947500228881836,5182800.0,12.457953453063965
2011-04-20,13.507499694824219,13.087499618530273,13.182499885559082,13.3149995803833,6526400.0,12.811555862426758
2011-04-21,13.6899995803833,13.295000076293945,13.382499694824219,13.667499542236328,7175600.0,13.150726318359375
2011-04-25,13.72249984741211,13.414999961853027,13.662500381469727,13.645000457763672,3908400.0,13.129080772399902
2011-04-26,13.930000305175781,13.585000038146973,13.732500076293945,13.887499809265137,5200000.0,13.362411499023438
2011-04-27,13.984999656677246,13.550000190734863,13.984999656677246,13.922499656677246,7444800.0,13.396084785461426
2011-04-28,14.395000457763672,13.77750015258789,13.927499771118164,13.914999961853027,7202400.0,13.388870239257812
2011-04-29,14.135000228881836,13.914999961853027,13.9350004196167,14.069999694824219,4678800.0,13.538010597229004
2011-05-02,14.350000381469727,13.914999961853027,14.350000381469727,14.047499656677246,6043600.0,13.516359329223633
2011-05-03,14.010000228881836,13.4399995803833,13.975000381469727,13.602499961853027,6696000.0,13.088187217712402
2011-05-04,13.617500305175781,13.140000343322754,13.604999542236328,13.162500381469727,7011200.0,12.664824485778809
2011-05-05,13.274999618530273,12.757499694824219,13.024999618530273,13.005000114440918,8382800.0,12.51328182220459
2011-05-06,13.517499923706055,12.904999732971191,13.297499656677246,13.072500228881836,6674800.0,12.578227996826172
2011-05-09,13.837499618530273,13.149999618530273,13.149999618530273,13.795000076293945,8017200.0,13.273406982421875
2011-05-10,14.192500114440918,13.744999885559082,13.762499809265137,14.032500267028809,7307200.0,13.50192928314209
2011-05-11,13.96500015258789,13.194999694824219,13.942500114440918,13.227499961853027,6537200.0,12.727368354797363
2011-05-12,13.447500228881836,12.875,13.137499809265137,13.3100004196167,5668800.0,12.806745529174805
2011-05-13,13.539999961853027,13.085000038146973,13.414999961853027,13.234999656677246,3553600.0,12.763348579406738
2011-05-16,13.587499618530273,13.055000305175781,13.194999694824219,13.199999809265137,3090400.0,12.729594230651855
2011-05-17,13.404999732971191,13.055000305175781,13.154999732971191,13.3725004196167,4455200.0,12.895950317382812
2011-05-18,14.029999732971191,13.395000457763672,13.46500015258789,13.8125,9314800.0,13.320267677307129
2011-05-19,13.977499961853027,13.414999961853027,13.885000228881836,13.517499923706055,6550400.0,13.03577995300293
2011-05-20,13.757499694824219,13.125,13.477499961853027,13.664999961853027,8344000.0,13.17802619934082
2011-05-23,13.412500381469727,13.170000076293945,13.412500381469727,13.260000228881836,5355200.0,12.787458419799805
2011-05-24,13.697500228881836,13.270000457763672,13.357500076293945,13.367500305175781,5310800.0,12.891130447387695
2011-05-25,14.382499694824219,13.272500038146973,13.27750015258789,14.3125,12012400.0,13.802450180053711
2011-05-26,14.567500114440918,14.125,14.28499984741211,14.520000457763672,6888800.0,14.002558708190918
2011-05-27,14.862500190734863,14.432499885559082,14.592499732971191,14.529999732971191,5142400.0,14.01219654083252
2011-05-31,15.032500267028809,14.487500190734863,14.805000305175781,14.6875,9237200.0,14.16408634185791
2011-06-01,14.807499885559082,13.957500457763672,14.680000305175781,14.024999618530273,7137600.0,13.525198936462402
2011-06-02,14.232500076293945,13.845000267028809,14.074999809265137,14.0625,5573200.0,13.561361312866211
2011-06-03,14.257499694824219,13.637499809265137,13.792499542236328,14.140000343322754,4592800.0,13.636096954345703
2011-06-06,14.239999771118164,13.729999542236328,14.102499961853027,13.755000114440918,4129600.0,13.264819145202637
2011-06-07,14.242500305175781,13.739999771118164,13.897500038146973,13.977499961853027,5646800.0,13.479389190673828
2011-06-08,15.15999984741211,14.154999732971191,14.154999732971191,14.577500343322754,15531600.0,14.058004379272461
2011-06-09,15.0,14.492500305175781,14.664999961853027,14.832500457763672,14083200.0,14.303918838500977
2011-06-10,14.800000190734863,14.412500381469727,14.677499771118164,14.457500457763672,8428000.0,13.942282676696777
2011-06-13,14.617500305175781,13.72249984741211,14.484999656677246,13.954999923706055,7095600.0,13.45768928527832
2011-06-14,14.7475004196167,14.204999923706055,14.217499732971191,14.734999656677246,7545200.0,14.209896087646484
2011-06-15,14.835000038146973,14.345000267028809,14.552499771118164,14.557499885559082,7257600.0,14.03872013092041
2011-06-16,15.592499732971191,14.727499961853027,14.795000076293945,15.107500076293945,16306800.0,14.569116592407227
2011-06-17,15.399999618530273,14.895000457763672,15.327500343322754,15.085000038146973,11558400.0,14.547419548034668
2011-06-20,15.15250015258789,14.805000305175781,15.029999732971191,15.117500305175781,6401600.0,14.57876205444336
2011-06-21,15.517499923706055,15.202500343322754,15.204999923706055,15.46500015258789,5352400.0,14.913877487182617
2011-06-22,15.854999542236328,15.369999885559082,15.392499923706055,15.577500343322754,6782400.0,15.022369384765625
2011-06-23,15.417499542236328,14.96500015258789,15.262499809265137,15.3725004196167,9177600.0,14.824674606323242
2011-06-24,15.5,15.21500015258789,15.395000457763672,15.362500190734863,9382000.0,14.815032005310059
2011-06-27,15.697500228881836,15.082500457763672,15.300000190734863,15.65250015258789,8595200.0,15.094696044921875
2011-06-28,16.459999084472656,15.765000343322754,15.765000343322754,16.4375,8038000.0,15.851723670959473
2011-06-29,16.834999084472656,16.364999771118164,16.5575008392334,16.479999542236328,6612400.0,15.892704963684082
2011-06-30,16.780000686645508,16.40250015258789,16.584999084472656,16.577499389648438,5302000.0,15.986733436584473
2011-07-01,16.872499465942383,16.377500534057617,16.577499389648438,16.802499771118164,4740000.0,16.203716278076172
2011-07-05,17.197500228881836,16.594999313354492,16.594999313354492,16.790000915527344,6891600.0,16.191667556762695
2011-07-06,16.822500228881836,16.4424991607666,16.770000457763672,16.622499465942383,6981600.0,16.030128479003906
2011-07-07,17.19499969482422,16.512500762939453,16.99250030517578,16.647499084472656,9227600.0,16.05424690246582
2011-07-08,16.645000457763672,16.267499923706055,16.360000610351562,16.6200008392334,5538800.0,16.027727127075195
2011-07-11,16.364999771118164,15.805000305175781,16.334999084472656,15.850000381469727,7434800.0,15.285161972045898
2011-07-12,16.09749984741211,15.797499656677246,15.899999618530273,15.829999923706055,6155600.0,15.265873908996582
2011-07-13,16.397499084472656,15.904999732971191,15.952500343322754,16.107500076293945,6582400.0,15.53348159790039
2011-07-14,16.25749969482422,15.630000114440918,16.207500457763672,15.649999618530273,6248400.0,15.092289924621582
2011-07-15,17.44499969482422,16.5575008392334,16.5575008392334,17.107500076293945,23302000.0,16.497844696044922
2011-07-18,17.167499542236328,16.75,16.967500686645508,17.145000457763672,7411600.0,16.53400993347168
2011-07-19,17.78499984741211,17.3700008392334,17.3700008392334,17.770000457763672,6916000.0,17.13673973083496
2011-07-20,17.834999084472656,17.517499923706055,17.834999084472656,17.5674991607666,4534400.0,16.94145393371582
2011-07-21,18.0674991607666,17.6875,17.792499542236328,17.84000015258789,5634800.0,17.204246520996094
2011-07-22,18.094999313354492,17.735000610351562,17.842500686645508,17.982500076293945,3836400.0,17.3416690826416
2011-07-25,18.290000915527344,17.565000534057617,17.63249969482422,18.077499389648438,4662400.0,17.433279037475586
2011-07-26,18.522499084472656,17.80500030517578,18.030000686645508,18.25749969482422,5086800.0,17.60686492919922
2011-07-27,18.2549991607666,17.665000915527344,18.11750030517578,17.739999771118164,7145600.0,17.107805252075195
2011-07-28,19.735000610351562,18.02750015258789,18.02750015258789,18.957500457763672,13582000.0,18.28191566467285
2011-07-29,18.799999237060547,18.424999237060547,18.674999237060547,18.520000457763672,9058000.0,17.860010147094727
2011-08-01,18.99250030517578,18.387500762939453,18.90250015258789,18.815000534057617,6089200.0,18.144498825073242
2011-08-02,19.06999969482422,18.344999313354492,18.707500457763672,18.372499465942383,5950400.0,17.71776580810547
2011-08-03,18.559999465942383,17.772499084472656,18.372499465942383,18.28499984741211,8096000.0,17.63338851928711
2011-08-04,17.977500915527344,16.825000762939453,17.90999984741211,16.877500534057617,10378800.0,16.27604103088379
2011-08-05,17.4375,16.145000457763672,17.204999923706055,16.717500686645508,15726000.0,16.121742248535156
2011-08-08,16.0575008392334,14.449999809265137,16.0575008392334,14.824999809265137,14656400.0,14.2966890335083
2011-08-09,16.625,14.975000381469727,15.050000190734863,16.40999984741211,14532000.0,15.82520580291748
2011-08-10,17.4950008392334,15.920000076293945,16.045000076293945,16.674999237060547,11481200.0,16.11020851135254
2011-08-11,18.127500534057617,16.549999237060547,16.780000686645508,17.799999237060547,10625600.0,17.197111129760742
2011-08-12,18.329999923706055,17.6299991607666,18.13249969482422,18.05500030517578,5628400.0,17.44346809387207
2011-08-15,18.59749984741211,18.229999542236328,18.264999389648438,18.5,9115200.0,17.87339973449707
2011-08-16,18.3799991607666,17.752500534057617,18.204999923706055,17.97249984741211,7814400.0,17.363767623901367
2011-08-17,18.4325008392334,17.844999313354492,18.237499237060547,18.024999618530273,5801200.0,17.41448402404785
2011-08-18,17.512500762939453,16.732500076293945,17.512500762939453,16.99250030517578,8405200.0,16.41695785522461
2011-08-19,17.357500076293945,16.537500381469727,16.59749984741211,16.647499084472656,7821600.0,16.083642959594727
2011-08-22,17.357500076293945,16.19499969482422,17.262500762939453,16.52750015258789,7280800.0,15.967711448669434
2011-08-23,17.5575008392334,16.3700008392334,16.709999084472656,17.552499771118164,6246800.0,16.957990646362305
2011-08-24,17.6924991607666,17.094999313354492,17.462499618530273,17.5625,4678800.0,16.967653274536133
2011-08-25,17.875,17.15250015258789,17.642499923706055,17.375,5839200.0,16.786500930786133
2011-08-26,18.032499313354492,17.037500381469727,17.18000030517578,17.987499237060547,8245200.0,17.378257751464844
2011-08-29,18.517499923706055,17.90999984741211,18.197500228881836,18.4950008392334,6028800.0,17.868568420410156
2011-08-30,19.36750030517578,18.309999465942383,18.40999984741211,19.167499542236328,9661200.0,18.518285751342773
2011-08-31,19.61750030517578,18.8174991607666,19.325000762939453,18.96500015258789,7768000.0,18.32264518737793
2011-09-01,19.642499923706055,18.8125,19.024999618530273,18.825000762939453,6515200.0,18.18739128112793
2011-09-02,18.74250030517578,18.0,18.372499465942383,18.559999465942383,5419600.0,17.931364059448242
2011-09-06,18.837499618530273,17.61750030517578,18.014999389648438,18.774999618530273,7823200.0,18.13907814025879
2011-09-07,19.662500381469727,19.087499618530273,19.18000030517578,19.280000686645508,6935200.0,18.62697982788086
2011-09-08,19.31999969482422,18.502500534057617,19.049999237060547,18.575000762939453,9754400.0,17.94585418701172
2011-09-09,18.385000228881836,17.332500457763672,18.342500686645508,17.547500610351562,13099200.0,16.953161239624023
2011-09-12,17.760000228881836,16.822500228881836,17.19499969482422,17.4325008392334,10873200.0,16.842058181762695
2011-09-13,17.56999969482422,16.802499771118164,17.36750030517578,17.447500228881836,8102800.0,16.856544494628906
2011-09-14,17.767499923706055,16.950000762939453,17.55500030517578,17.52750015258789,8515600.0,16.933837890625
2011-09-15,17.792499542236328,17.1200008392334,17.7549991607666,17.377500534057617,9911200.0,16.788915634155273
2011-09-16,17.915000915527344,17.1875,17.434999465942383,17.639999389648438,15468000.0,17.042524337768555
2011-09-19,18.44499969482422,16.844999313354492,17.172500610351562,18.190000534057617,16747600.0,17.57390022277832
2011-09-20,18.732500076293945,17.829999923706055,18.309999465942383,17.850000381469727,8018800.0,17.24541664123535
2011-09-21,19.267499923706055,17.502500534057617,17.809999465942383,17.50749969482422,18326400.0,16.914520263671875
2011-09-22,17.157499313354492,15.727499961853027,16.670000076293945,16.18000030517578,15890000.0,15.631976127624512
2011-09-23,16.165000915527344,15.15250015258789,16.002500534057617,15.27750015258789,11718000.0,14.760045051574707
2011-09-26,16.2450008392334,15.055000305175781,15.414999961853027,16.225000381469727,11747600.0,15.675455093383789
2011-09-27,17.25749969482422,16.44499969482422,16.625,16.56999969482422,8493200.0,16.008766174316406
2011-09-28,16.809999465942383,15.880000114440918,16.670000076293945,15.90999984741211,7365200.0,15.37112045288086
2011-09-29,16.477500915527344,15.550000190734863,16.422500610351562,16.032499313354492,5846000.0,15.489471435546875
2011-09-30,16.112499237060547,15.324999809265137,15.59749984741211,15.477499961853027,6333200.0,14.953272819519043
2011-10-03,15.387499809265137,14.567500114440918,15.292499542236328,14.645000457763672,6505600.0,14.148970603942871
2011-10-04,15.329999923706055,13.885000228881836,14.229999542236328,15.295000076293945,8427600.0,14.776954650878906
2011-10-05,16.2549991607666,14.992500305175781,15.555000305175781,16.077499389648438,11524000.0,15.532947540283203
2011-10-06,16.795000076293945,15.932499885559082,16.1200008392334,16.38249969482422,7484400.0,15.827617645263672
2011-10-07,16.607500076293945,15.737500190734863,16.540000915527344,15.904999732971191,7262400.0,15.366291999816895
2011-10-10,16.989999771118164,16.227500915527344,16.334999084472656,16.795000076293945,5827600.0,16.226146697998047
2011-10-11,16.844999313354492,16.252500534057617,16.572500228881836,16.452499389648438,4843600.0,15.895244598388672
2011-10-12,16.732500076293945,16.075000762939453,16.5625,16.100000381469727,10063600.0,15.554686546325684
2011-10-13,16.342500686645508,15.25,15.960000038146973,16.237499237060547,17671600.0,15.687530517578125
2011-10-14,17.084999084472656,15.982500076293945,16.454999923706055,17.079999923706055,8475600.0,16.501495361328125
2011-10-17,17.844999313354492,16.850000381469727,16.934999465942383,17.227500915527344,10656400.0,16.644001007080078
2011-10-18,17.497499465942383,16.5674991607666,17.212499618530273,17.40250015258789,9433600.0,16.813074111938477
2011-10-19,17.729999542236328,16.917499542236328,17.4375,17.059999465942383,11069200.0,16.48216438293457
2011-10-20,17.447500228881836,16.802499771118164,17.0,17.217500686645508,7475200.0,16.634340286254883
2011-10-21,17.737499237060547,17.447500228881836,17.49250030517578,17.572500228881836,7208800.0,16.977310180664062
2011-10-24,17.837499618530273,17.280000686645508,17.594999313354492,17.655000686645508,9234000.0,17.057018280029297
2011-10-25,17.59749984741211,16.485000610351562,17.59749984741211,16.530000686645508,7928000.0,15.97012710571289
2011-10-26,17.084999084472656,15.930000305175781,16.75749969482422,16.709999084472656,12609600.0,16.144027709960938
2011-10-27,20.135000228881836,18.25,18.434999465942383,19.357500076293945,24990800.0,18.70185089111328
2011-10-28,20.36750030517578,19.157499313354492,19.290000915527344,20.049999237060547,12118000.0,19.370895385742188
2011-10-31,19.832500457763672,19.075000762939453,19.667499542236328,19.43000030517578,10165600.0,18.771902084350586
2011-11-01,19.729999542236328,18.1825008392334,18.61750030517578,19.412500381469727,12600800.0,18.754989624023438
2011-11-02,20.4424991607666,19.65999984741211,19.907499313354492,20.104999542236328,10261600.0,19.424039840698242
2011-11-03,21.0,19.962499618530273,20.524999618530273,20.522499084472656,8550400.0,19.8273983001709
2011-11-04,21.0,20.102500915527344,20.25749969482422,20.90999984741211,7625200.0,20.201772689819336
2011-11-07,21.207500457763672,20.532499313354492,20.982500076293945,20.917499542236328,8818000.0,20.20901107788086
2011-11-08,21.165000915527344,20.3799991607666,21.165000915527344,20.75,7467200.0,20.047189712524414
2011-11-09,20.74250030517578,19.922500610351562,20.092500686645508,20.084999084472656,8345600.0,19.43280792236328
2011-11-10,21.850000381469727,20.627500534057617,20.627500534057617,21.637500762939453,11725600.0,20.934900283813477
2011-11-11,22.5,21.837499618530273,21.889999389648438,22.014999389648438,9614800.0,21.30013656616211
2011-11-14,21.887500762939453,21.235000610351562,21.802499771118164,21.577499389648438,5377200.0,20.876842498779297
2011-11-15,21.827499389648438,21.299999237060547,21.452499389648438,21.450000762939453,6960400.0,20.753482818603516
2011-11-16,22.09000015258789,21.274999618530273,21.30500030517578,21.297500610351562,6790800.0,20.605939865112305
2011-11-17,21.360000610351562,20.06999969482422,21.264999389648438,20.225000381469727,9155600.0,19.56826400756836
2011-11-18,20.862499237060547,20.184999465942383,20.520000457763672,20.53499984741211,8018800.0,19.868194580078125
2011-11-21,20.18000030517578,19.662500381469727,20.03499984741211,20.059999465942383,7275200.0,19.408615112304688
2011-11-22,20.34749984741211,19.8125,20.06999969482422,20.022499084472656,5908400.0,19.37233543395996
2011-11-23,19.74250030517578,18.767499923706055,19.672500610351562,18.81999969482422,7530000.0,18.208887100219727
2011-11-25,19.315000534057617,18.592500686645508,18.725000381469727,19.172500610351562,3000800.0,18.549936294555664
2011-11-28,20.3799991607666,19.74250030517578,20.09749984741211,20.0049991607666,9744400.0,19.355403900146484
2011-11-29,20.90250015258789,20.0,20.047500610351562,20.772499084472656,9364000.0,20.097984313964844
2011-11-30,22.165000915527344,21.4375,21.4375,22.147499084472656,9048400.0,21.42833709716797
2011-12-01,22.262500762939453,21.1200008392334,21.892499923706055,21.44499969482422,9205600.0,20.748645782470703
2011-12-02,22.299999237060547,21.5674991607666,21.760000228881836,21.602500915527344,5918400.0,20.901029586791992
2011-12-05,22.217500686645508,21.219999313354492,22.0575008392334,21.47249984741211,5950400.0,20.775253295898438
2011-12-06,21.6200008392334,21.037500381469727,21.422500610351562,21.450000762939453,4648400.0,20.753482818603516
2011-12-07,21.375,20.047500610351562,21.375,20.372499465942383,9161200.0,19.710973739624023
2011-12-08,20.510000228881836,19.934999465942383,20.282499313354492,20.155000686645508,7570800.0,19.50053596496582
2011-12-09,20.3799991607666,19.924999237060547,20.22249984741211,20.295000076293945,7314800.0,19.6359920501709
2011-12-12,19.93000030517578,19.139999389648438,19.922500610351562,19.407499313354492,6870800.0,18.777307510375977
2011-12-13,19.917499542236328,18.8125,19.549999237060547,19.024999618530273,5944400.0,18.4072265625
2011-12-14,18.72249984741211,17.795000076293945,18.72249984741211,18.31999969482422,13026800.0,17.725126266479492
2011-12-15,18.68000030517578,17.959999084472656,18.522499084472656,18.024999618530273,8214800.0,17.439697265625
2011-12-16,18.56999969482422,17.90250015258789,18.197500228881836,18.542499542236328,10000400.0,17.94038963317871
2011-12-19,18.622499465942383,17.940000534057617,18.520000457763672,18.012500762939453,7370400.0,17.427608489990234
2011-12-20,19.420000076293945,18.440000534057617,18.440000534057617,19.280000686645508,9120800.0,18.653945922851562
2011-12-21,19.392499923706055,18.787500381469727,19.27750015258789,19.337499618530273,6078000.0,18.709577560424805
2011-12-22,19.63249969482422,19.329999923706055,19.329999923706055,19.47249984741211,5044800.0,18.84019660949707
2011-12-23,19.514999389648438,19.149999618530273,19.47249984741211,19.497499465942383,3322800.0,18.86438751220703
2011-12-27,19.717500686645508,19.392499923706055,19.40999984741211,19.482500076293945,4405600.0,18.849878311157227
2011-12-28,19.622499465942383,18.985000610351562,19.559999465942383,19.052499771118164,3351200.0,18.43383026123047
2011-12-29,19.337499618530273,19.040000915527344,19.077499389648438,19.237499237060547,3307600.0,18.61283302307129
2011-12-30,19.3075008392334,18.967500686645508,19.272499084472656,18.975000381469727,3736800.0,18.35885238647461
2012-01-03,19.639999389648438,18.899999618530273,19.52750015258789,19.200000762939453,7356400.0,18.5765438079834
2012-01-04,20.655000686645508,19.3174991607666,19.790000915527344,20.579999923706055,17852400.0,19.911739349365234
2012-01-05,20.780000686645508,20.172500610351562,20.647499084472656,20.677499771118164,7418400.0,20.006065368652344
2012-01-06,20.78499984741211,20.145000457763672,20.752500534057617,20.162500381469727,7092800.0,19.50779151916504
2012-01-09,20.344999313354492,19.872499465942383,20.142499923706055,19.915000915527344,5764000.0,19.268329620361328
2012-01-10,20.34000015258789,19.52750015258789,20.297500610351562,19.592500686645508,10233600.0,18.956302642822266
2012-01-11,19.510000228881836,17.34000015258789,19.5049991607666,17.405000686645508,25735600.0,16.839834213256836
2012-01-12,17.622499465942383,16.604999542236328,17.487499237060547,16.787500381469727,24714400.0,16.261066436767578
2012-01-13,17.1299991607666,16.387500762939453,16.709999084472656,16.782499313354492,14590800.0,16.256227493286133
2012-01-17,16.899999618530273,16.100000381469727,16.899999618530273,16.59000015258789,13350400.0,16.069766998291016
2012-01-18,16.927499771118164,16.582500457763672,16.684999465942383,16.862499237060547,9712800.0,16.333715438842773
2012-01-19,16.94499969482422,15.600000381469727,16.7450008392334,15.772500038146973,19178800.0,15.277898788452148
2012-01-20,15.832500457763672,15.0625,15.72249984741211,15.279999732971191,21314400.0,14.800841331481934
2012-01-23,16.63249969482422,15.832500457763672,15.897500038146973,16.270000457763672,27809600.0,15.759797096252441
2012-01-24,16.075000762939453,15.5,16.075000762939453,16.010000228881836,19201200.0,15.507949829101562
2012-01-25,16.747499465942383,15.4350004196167,15.59000015258789,16.655000686645508,43088000.0,16.132728576660156
2012-01-26,16.975000381469727,15.880000114440918,16.674999237060547,16.219999313354492,11476800.0,15.7113676071167
2012-01-27,16.725000381469727,16.125,16.25,16.440000534057617,8987200.0,15.924468994140625
2012-01-30,16.274999618530273,16.014999389648438,16.135000228881836,16.229999542236328,6293400.0,15.721048355102539
2012-01-31,16.469999313354492,15.71500015258789,16.334999084472656,15.949999809265137,10174200.0,15.449832916259766
2012-02-01,16.350000381469727,15.710000038146973,16.075000762939453,16.290000915527344,9105600.0,15.779170036315918
2012-02-02,16.309999465942383,15.8100004196167,16.260000228881836,16.084999084472656,14225800.0,15.580598831176758
2012-02-03,16.354999542236328,15.975000381469727,16.34000015258789,16.225000381469727,9404600.0,15.71621036529541
2012-02-06,16.850000381469727,16.0,16.155000686645508,16.770000457763672,7793400.0,16.24411964416504
2012-02-07,17.135000228881836,16.520000457763672,16.770000457763672,17.024999618530273,7864000.0,16.491121292114258
2012-02-08,17.274999618530273,16.459999084472656,16.989999771118164,16.524999618530273,7128200.0,16.006797790527344
2012-02-09,16.895000457763672,16.190000534057617,16.540000915527344,16.274999618530273,11569600.0,15.764642715454102
2012-02-10,16.815000534057617,15.835000038146973,16.049999237060547,16.78499984741211,10552600.0,16.258649826049805
2012-02-13,17.059999465942383,16.704999923706055,16.924999237060547,17.020000457763672,4228000.0,16.48628044128418
2012-02-14,17.614999771118164,16.975000381469727,16.979999542236328,17.5049991607666,9441400.0,16.95606803894043
2012-02-15,17.7450008392334,17.204999923706055,17.625,17.334999084472656,7525600.0,16.791399002075195
2012-02-16,18.020000457763672,17.155000686645508,17.3700008392334,17.739999771118164,9177400.0,17.183700561523438
2012-02-17,18.56999969482422,17.975000381469727,17.975000381469727,18.31999969482422,10422800.0,17.745515823364258
2012-02-21,19.1299991607666,17.46500015258789,19.1299991607666,18.0049991607666,17760800.0,17.440387725830078
2012-02-22,18.270000457763672,17.280000686645508,17.9950008392334,17.520000457763672,9259000.0,16.970600128173828
2012-02-23,17.75,17.2549991607666,17.579999923706055,17.71500015258789,6449200.0,17.159488677978516
2012-02-24,18.0,17.575000762939453,17.809999465942383,17.844999313354492,4711400.0,17.28540802001953
2012-02-27,18.06999969482422,17.704999923706055,17.84000015258789,17.75,6639800.0,17.193384170532227
2012-02-28,17.924999237060547,17.44499969482422,17.729999542236328,17.719999313354492,5683800.0,17.164329528808594
2012-02-29,17.7450008392334,17.290000915527344,17.665000915527344,17.440000534057617,5890200.0,16.893110275268555
2012-03-01,18.0,17.405000686645508,17.514999389648438,17.985000610351562,5373000.0,17.421018600463867
2012-03-02,17.96500015258789,17.125,17.8799991607666,17.229999542236328,6282000.0,16.689695358276367
2012-03-05,17.280000686645508,16.725000381469727,17.165000915527344,17.174999237060547,6007200.0,16.636417388916016
2012-03-06,16.975000381469727,16.514999389648438,16.764999389648438,16.920000076293945,5387600.0,16.3894100189209
2012-03-07,17.309999465942383,16.719999313354492,16.950000762939453,17.2450008392334,7022600.0,16.704225540161133
2012-03-08,17.635000228881836,17.225000381469727,17.3700008392334,17.524999618530273,4763400.0,16.975439071655273
2012-03-09,17.7450008392334,17.325000762939453,17.635000228881836,17.454999923706055,4173000.0,16.90764045715332
2012-03-12,17.344999313354492,16.7549991607666,17.344999313354492,16.8700008392334,4819200.0,16.340980529785156
2012-03-13,17.075000762939453,16.614999771118164,16.959999084472656,16.959999084472656,5972800.0,16.42815589904785
2012-03-14,17.125,16.579999923706055,16.940000534057617,16.690000534057617,6020000.0,16.166624069213867
2012-03-15,16.844999313354492,16.469999313354492,16.71500015258789,16.520000457763672,6261800.0,16.00196075439453
2012-03-16,16.844999313354492,16.28499984741211,16.540000915527344,16.709999084472656,8959600.0,16.18600082397461
2012-03-19,17.09000015258789,16.524999618530273,16.655000686645508,17.0049991607666,5448200.0,16.471750259399414
2012-03-20,16.864999771118164,16.450000762939453,16.864999771118164,16.579999923706055,6072800.0,16.060077667236328
2012-03-21,16.84000015258789,16.514999389648438,16.614999771118164,16.780000686645508,7506600.0,16.253803253173828
2012-03-22,16.540000915527344,15.71500015258789,16.540000915527344,15.760000228881836,8007200.0,15.265791893005371
2012-03-23,16.524999618530273,15.5,15.760000228881836,16.260000228881836,11069400.0,15.750109672546387
2012-03-26,16.489999771118164,15.975000381469727,16.450000762939453,16.325000762939453,5874800.0,15.813072204589844
2012-03-27,16.264999389648438,15.819999694824219,16.045000076293945,16.024999618530273,4422800.0,15.522480964660645
2012-03-28,15.960000038146973,15.454999923706055,15.960000038146973,15.895000457763672,9333600.0,15.396556854248047
2012-03-29,15.774999618530273,14.720000267028809,15.699999809265137,15.125,19751200.0,14.650701522827148
2012-03-30,15.789999961853027,15.1850004196167,15.25,15.585000038146973,11748200.0,15.09627914428711
2012-04-02,16.200000762939453,15.505000114440918,15.555000305175781,16.020000457763672,8056800.0,15.517638206481934
2012-04-03,16.020000457763672,15.5649995803833,15.994999885559082,15.755000114440918,6878400.0,15.260945320129395
2012-04-04,15.6850004196167,15.414999961853027,15.520000457763672,15.630000114440918,5782200.0,15.139867782592773
2012-04-05,16.34000015258789,15.545000076293945,15.5649995803833,15.970000267028809,8488200.0,15.469204902648926
2012-04-09,15.835000038146973,15.515000343322754,15.649999618530273,15.6899995803833,6225400.0,15.197983741760254
2012-04-10,15.755000114440918,15.125,15.675000190734863,15.3149995803833,7310200.0,14.834744453430176
2012-04-11,15.635000228881836,14.895000457763672,15.545000076293945,14.904999732971191,6180800.0,14.437601089477539
2012-04-12,15.614999771118164,14.904999732971191,14.904999732971191,15.34000015258789,7148800.0,14.85896110534668
2012-04-13,15.515000343322754,15.234999656677246,15.265000343322754,15.300000190734863,5702800.0,14.820215225219727
2012-04-16,15.380000114440918,14.420000076293945,14.96500015258789,14.770000457763672,9214800.0,14.30683708190918
2012-04-17,15.609999656677246,14.984999656677246,15.055000305175781,15.28499984741211,5386600.0,14.805683135986328
2012-04-18,15.390000343322754,15.140000343322754,15.199999809265137,15.260000228881836,7334000.0,14.781469345092773
2012-04-19,15.670000076293945,15.229999542236328,15.305000305175781,15.489999771118164,7559800.0,15.004257202148438
2012-04-20,15.770000457763672,15.050000190734863,15.604999542236328,15.069999694824219,5924600.0,14.597427368164062
2012-04-23,15.239999771118164,14.600000381469727,14.704999923706055,14.979999542236328,5670800.0,14.51025104522705
2012-04-24,15.085000038146973,14.699999809265137,15.03499984741211,14.800000190734863,5882600.0,14.335894584655762
2012-04-25,15.460000038146973,14.984999656677246,15.0,15.390000343322754,9705600.0,14.907392501831055
2012-04-26,16.604999542236328,15.125,15.3149995803833,16.5,13559000.0,15.982587814331055
2012-04-27,16.96500015258789,16.375,16.5,16.895000457763672,11548000.0,16.365198135375977
2012-04-30,17.59000015258789,16.649999618530273,17.110000610351562,17.56999969482422,11944200.0,17.019033432006836
2012-05-01,18.110000610351562,17.5,17.56999969482422,17.96500015258789,10816000.0,17.401647567749023
2012-05-02,17.770000457763672,17.31999969482422,17.5049991607666,17.375,8634600.0,16.830148696899414
2012-05-03,17.565000534057617,17.174999237060547,17.375,17.290000915527344,8287000.0,16.747814178466797
2012-05-04,17.25,16.81999969482422,17.045000076293945,17.184999465942383,6721800.0,16.64611053466797
2012-05-07,17.184999465942383,16.7450008392334,17.014999389648438,16.924999237060547,7631000.0,16.394256591796875
2012-05-08,17.125,16.31999969482422,16.709999084472656,17.059999465942383,8281600.0,16.525022506713867
2012-05-09,18.065000534057617,16.575000762939453,16.770000457763672,17.989999771118164,13846200.0,17.42586326599121
2012-05-10,18.405000686645508,17.69499969482422,18.084999084472656,18.084999084472656,12573600.0,17.517879486083984
2012-05-11,18.229999542236328,17.725000381469727,17.854999542236328,17.7549991607666,5494000.0,17.217267990112305
2012-05-14,17.885000228881836,17.4950008392334,17.549999237060547,17.610000610351562,6307200.0,17.0766658782959
2012-05-15,17.75,16.889999389648438,17.645000457763672,17.0,9517200.0,16.485136032104492
2012-05-16,18.334999084472656,17.1299991607666,17.1299991607666,17.350000381469727,11045800.0,16.824541091918945
2012-05-17,17.604999542236328,16.795000076293945,17.3700008392334,16.844999313354492,9399800.0,16.33482551574707
2012-05-18,17.530000686645508,16.950000762939453,16.96500015258789,17.135000228881836,9793800.0,16.616044998168945
2012-05-21,17.989999771118164,17.020000457763672,17.25,17.78499984741211,8585600.0,17.246362686157227
2012-05-22,18.5,17.594999313354492,17.860000610351562,17.920000076293945,8888800.0,17.377273559570312
2012-05-23,18.219999313354492,17.440000534057617,17.69499969482422,18.170000076293945,4400000.0,17.619701385498047
2012-05-24,18.0,17.329999923706055,17.940000534057617,17.53499984741211,6334800.0,17.003931045532227
2012-05-25,17.604999542236328,17.03499984741211,17.315000534057617,17.385000228881836,6750200.0,16.858484268188477
2012-05-29,17.704999923706055,17.18000030517578,17.594999313354492,17.325000762939453,7554400.0,16.800294876098633
2012-05-30,17.1200008392334,16.264999389648438,17.09000015258789,16.40999984741211,10132600.0,15.913004875183105
2012-05-31,16.44499969482422,15.65999984741211,16.415000915527344,16.270000457763672,11241000.0,15.777247428894043
2012-06-01,16.065000534057617,15.270000457763672,15.9399995803833,15.574999809265137,11074000.0,15.103293418884277
2012-06-04,15.819999694824219,14.970000267028809,15.630000114440918,15.5649995803833,9850400.0,15.093596458435059
2012-06-05,16.079999923706055,15.454999923706055,15.520000457763672,16.0,5030000.0,15.515422821044922
2012-06-06,16.780000686645508,16.200000762939453,16.200000762939453,16.684999465942383,5094200.0,16.179677963256836
2012-06-07,17.049999237060547,16.354999542236328,16.959999084472656,16.399999618530273,5115400.0,15.903312683105469
2012-06-08,16.530000686645508,16.020000457763672,16.280000686645508,16.4950008392334,5445000.0,15.995429039001465
2012-06-11,16.860000610351562,15.994999885559082,16.700000762939453,16.014999389648438,5143800.0,15.529964447021484
2012-06-12,16.815000534057617,15.975000381469727,16.149999618530273,16.795000076293945,7007200.0,16.286344528198242
2012-06-13,16.704999923706055,16.065000534057617,16.56999969482422,16.1299991607666,6144400.0,15.641484260559082
2012-06-14,17.739999771118164,16.014999389648438,16.209999084472656,17.520000457763672,13967000.0,16.98938751220703
2012-06-15,18.145000457763672,17.545000076293945,17.639999389648438,18.100000381469727,9712400.0,17.551820755004883
2012-06-18,18.485000610351562,17.93000030517578,18.06999969482422,18.40999984741211,10404000.0,17.852434158325195
2012-06-19,18.7450008392334,17.989999771118164,18.475000381469727,18.145000457763672,9547600.0,17.595457077026367
2012-06-20,18.530000686645508,17.905000686645508,18.170000076293945,18.200000762939453,5139400.0,17.648794174194336
2012-06-21,18.239999771118164,17.375,18.170000076293945,17.420000076293945,7395000.0,16.892417907714844
2012-06-22,18.454999923706055,17.434999465942383,17.655000686645508,18.200000762939453,9476600.0,17.648794174194336
2012-06-25,18.524999618530273,17.674999237060547,18.010000228881836,18.44499969482422,7917400.0,17.886375427246094
2012-06-26,18.989999771118164,18.295000076293945,18.31999969482422,18.924999237060547,9843200.0,18.351837158203125
2012-06-27,20.850000381469727,19.1200008392334,19.1200008392334,20.6200008392334,30133200.0,19.995502471923828
2012-06-28,20.684999465942383,19.59000015258789,20.469999313354492,20.15999984741211,21237600.0,19.549428939819336
2012-06-29,20.834999084472656,19.2549991607666,20.760000228881836,19.700000762939453,16980000.0,19.103368759155273
2012-07-02,19.975000381469727,19.350000381469727,19.670000076293945,19.864999771118164,10810200.0,19.263364791870117
2012-07-03,20.30500030517578,19.905000686645508,20.05500030517578,20.06999969482422,5110600.0,19.462162017822266
2012-07-05,20.385000228881836,19.844999313354492,19.93000030517578,19.93000030517578,6985800.0,19.326393127441406
2012-07-06,20.094999313354492,19.479999542236328,19.614999771118164,19.7549991607666,7657800.0,19.156705856323242
2012-07-09,20.46500015258789,19.825000762939453,20.315000534057617,20.135000228881836,7502000.0,19.525192260742188
2012-07-10,20.40999984741211,19.40999984741211,20.235000610351562,19.53499984741211,8774200.0,18.943361282348633
2012-07-11,19.84000015258789,19.104999542236328,19.584999084472656,19.71500015258789,6983200.0,19.117910385131836
2012-07-12,19.6200008392334,19.2450008392334,19.3799991607666,19.485000610351562,8684000.0,18.89487648010254
2012-07-13,20.440000534057617,19.719999313354492,19.885000228881836,20.295000076293945,7477800.0,19.68034553527832
2012-07-16,20.360000610351562,19.9950008392334,20.03499984741211,20.149999618530273,10146000.0,19.539731979370117
2012-07-17,20.489999771118164,19.799999237060547,20.389999389648438,20.014999389648438,9777200.0,19.40882682800293
2012-07-18,20.25,19.834999084472656,19.93000030517578,19.954999923706055,10223800.0,19.350650787353516
2012-07-19,20.06999969482422,19.225000381469727,20.03499984741211,19.690000534057617,8093600.0,19.09366226196289
2012-07-20,20.110000610351562,19.309999465942383,19.540000915527344,20.100000381469727,8166000.0,19.491252899169922
2012-07-23,20.100000381469727,18.90999984741211,19.545000076293945,20.020000457763672,8754600.0,19.413673400878906
2012-07-24,20.59000015258789,19.53499984741211,19.8700008392334,19.75,11047800.0,19.151851654052734
2012-07-25,19.854999542236328,18.799999237060547,19.665000915527344,19.649999618530273,11149600.0,19.05487632751465
2012-07-26,21.049999237060547,20.045000076293945,20.079999923706055,20.889999389648438,10404000.0,20.257326126098633
2012-07-27,21.09000015258789,20.625,20.94499969482422,21.014999389648438,7024800.0,20.3785400390625
2012-07-30,21.899999618530273,21.030000686645508,21.030000686645508,21.4950008392334,7405400.0,20.844003677368164
2012-07-31,21.815000534057617,21.040000915527344,21.4950008392334,21.094999313354492,5702000.0,20.47516441345215
2012-08-01,21.43000030517578,20.540000915527344,21.2450008392334,21.0049991607666,6162600.0,20.387815475463867
2012-08-02,20.719999313354492,19.780000686645508,20.700000762939453,20.31999969482422,6059800.0,19.722938537597656
2012-08-03,20.899999618530273,20.274999618530273,20.81999969482422,20.59000015258789,5695800.0,19.985002517700195
2012-08-06,21.0049991607666,20.3799991607666,20.7450008392334,20.395000457763672,4141000.0,19.795738220214844
2012-08-07,21.700000762939453,20.530000686645508,20.665000915527344,21.440000534057617,5318600.0,20.810028076171875
2012-08-08,21.43000030517578,20.924999237060547,21.325000762939453,21.184999465942383,3981600.0,20.562522888183594
2012-08-09,22.149999618530273,20.989999771118164,21.149999618530273,21.739999771118164,6054000.0,21.101219177246094
2012-08-10,21.514999389648438,20.905000686645508,21.440000534057617,21.440000534057617,4177200.0,20.810028076171875
2012-08-13,21.584999084472656,20.875,21.424999237060547,21.020000457763672,3788600.0,20.402368545532227
2012-08-14,21.375,20.885000228881836,21.1200008392334,21.264999389648438,3471600.0,20.640169143676758
2012-08-15,21.375,20.959999084472656,21.229999542236328,21.084999084472656,2284200.0,20.4654598236084
2012-08-16,21.84000015258789,21.190000534057617,21.274999618530273,21.649999618530273,4219400.0,21.013858795166016
2012-08-17,22.114999771118164,21.405000686645508,22.114999771118164,21.4950008392334,5150800.0,20.863414764404297
2012-08-20,21.489999771118164,20.684999465942383,21.459999084472656,21.03499984741211,5004200.0,20.416927337646484
2012-08-21,21.55500030517578,20.780000686645508,21.15999984741211,20.8799991607666,4638600.0,20.2664852142334
2012-08-22,21.065000534057617,20.575000762939453,20.760000228881836,21.0049991607666,3030400.0,20.387815475463867
2012-08-23,20.950000762939453,20.290000915527344,20.875,20.31999969482422,4879600.0,19.722938537597656
2012-08-24,20.9950008392334,20.25,20.329999923706055,20.93000030517578,2918000.0,20.31501579284668
2012-08-27,21.43000030517578,20.760000228881836,20.934999465942383,21.1200008392334,3856400.0,20.49943733215332
2012-08-28,21.1299991607666,20.565000534057617,21.020000457763672,20.84000015258789,3493800.0,20.2276611328125
2012-08-29,20.895000457763672,20.524999618530273,20.809999465942383,20.559999465942383,2526800.0,19.955881118774414
2012-08-30,20.575000762939453,20.149999618530273,20.3799991607666,20.270000457763672,3281600.0,19.67440414428711
2012-08-31,20.94499969482422,20.25,20.5049991607666,20.704999923706055,4169400.0,20.09662628173828
2012-09-04,20.799999237060547,20.225000381469727,20.639999389648438,20.75,3195200.0,20.14029884338379
2012-09-05,20.770000457763672,20.260000228881836,20.770000457763672,20.290000915527344,3660400.0,19.69382095336914
2012-09-06,21.104999542236328,20.360000610351562,20.479999542236328,20.790000915527344,3364600.0,20.17912483215332
2012-09-07,21.315000534057617,20.81999969482422,20.875,21.084999084472656,3664800.0,20.4654598236084
2012-09-10,21.7450008392334,20.959999084472656,21.520000457763672,21.05500030517578,4409800.0,20.436344146728516
2012-09-11,22.3700008392334,21.190000534057617,21.190000534057617,22.2549991607666,8093000.0,21.60108184814453
2012-09-12,23.075000762939453,22.190000534057617,22.375,22.770000457763672,8446400.0,22.100948333740234
2012-09-13,23.2450008392334,22.170000076293945,22.78499984741211,22.875,5874800.0,22.20285987854004
2012-09-14,23.625,22.700000762939453,22.985000610351562,22.93000030517578,7692200.0,22.256244659423828
2012-09-17,23.079999923706055,22.450000762939453,22.850000381469727,22.540000915527344,2409800.0,21.87770652770996
2012-09-18,22.94499969482422,22.31999969482422,22.479999542236328,22.475000381469727,3885000.0,21.81461524963379
2012-09-19,22.55500030517578,22.149999618530273,22.420000076293945,22.31999969482422,4029600.0,21.66417694091797
2012-09-20,22.110000610351562,21.795000076293945,22.045000076293945,22.100000381469727,5186800.0,21.450637817382812
2012-09-21,22.655000686645508,22.274999618530273,22.31999969482422,22.524999618530273,5161600.0,21.863149642944336
2012-09-24,22.125,21.729999542236328,22.1200008392334,21.959999084472656,5275800.0,21.31475257873535
2012-09-25,22.200000762939453,21.809999465942383,22.145000457763672,21.825000762939453,4124600.0,21.1837158203125
2012-09-26,22.25,21.524999618530273,21.78499984741211,22.0049991607666,4749600.0,21.358423233032227
2012-09-27,22.700000762939453,22.03499984741211,22.225000381469727,22.510000228881836,5104400.0,21.848590850830078
2012-09-28,22.6200008392334,22.045000076293945,22.40999984741211,22.450000762939453,3333800.0,21.79035186767578
2012-10-01,23.219999313354492,22.704999923706055,22.815000534057617,22.850000381469727,8375400.0,22.178598403930664
2012-10-02,22.920000076293945,22.2450008392334,22.850000381469727,22.5,5455600.0,21.838886260986328
2012-10-03,22.530000686645508,21.584999084472656,22.489999771118164,21.90999984741211,11084600.0,21.266220092773438
2012-10-04,22.174999237060547,21.815000534057617,22.06999969482422,22.1299991607666,6001000.0,21.479751586914062
2012-10-05,22.565000534057617,22.0,22.424999237060547,22.139999389648438,4494400.0,21.489458084106445
2012-10-08,22.139999389648438,21.860000610351562,21.979999542236328,21.950000762939453,4080800.0,21.305042266845703
2012-10-09,22.2549991607666,21.795000076293945,21.94499969482422,22.075000762939453,4611000.0,21.426374435424805
2012-10-10,22.315000534057617,21.875,21.934999465942383,21.985000610351562,2324200.0,21.339012145996094
2012-10-11,22.735000610351562,22.100000381469727,22.229999542236328,22.174999237060547,4701400.0,21.523435592651367
2012-10-12,22.360000610351562,21.885000228881836,22.139999389648438,21.93000030517578,4417400.0,21.285633087158203
2012-10-15,22.21500015258789,21.760000228881836,21.770000457763672,22.145000457763672,3200600.0,21.494312286376953
2012-10-16,22.81999969482422,22.225000381469727,22.354999542236328,22.799999237060547,3747000.0,22.130064010620117
2012-10-17,23.104999542236328,22.684999465942383,22.954999923706055,22.8799991607666,3957200.0,22.207717895507812
2012-10-18,22.7450008392334,22.290000915527344,22.729999542236328,22.524999618530273,4458200.0,21.863149642944336
2012-10-19,22.649999618530273,22.079999923706055,22.46500015258789,22.239999771118164,4661400.0,21.586515426635742
2012-10-22,22.334999084472656,21.704999923706055,22.334999084472656,21.920000076293945,4511000.0,21.275920867919922
2012-10-23,22.0,21.440000534057617,21.520000457763672,21.864999771118164,4358200.0,21.222545623779297
2012-10-24,22.09000015258789,21.440000534057617,21.969999313354492,21.469999313354492,4939200.0,20.839141845703125
2012-10-25,21.8700008392334,21.06999969482422,21.71500015258789,21.575000762939453,6840600.0,20.941064834594727
2012-10-26,23.7450008392334,22.315000534057617,22.5,23.729999542236328,14305000.0,23.03274154663086
2012-10-31,23.899999618530273,23.40999984741211,23.684999465942383,23.489999771118164,6337600.0,22.799793243408203
2012-11-01,24.020000457763672,23.135000228881836,23.540000915527344,24.0049991607666,4869200.0,23.299657821655273
2012-11-02,24.334999084472656,23.739999771118164,24.139999389648438,23.774999618530273,7941200.0,23.076419830322266
2012-11-05,24.114999771118164,23.75,23.80500030517578,24.030000686645508,4415600.0,23.323925018310547
2012-11-06,24.6200008392334,24.170000076293945,24.260000228881836,24.395000457763672,5285800.0,23.697927474975586
2012-11-07,24.204999923706055,23.739999771118164,24.014999389648438,24.065000534057617,4987400.0,23.377355575561523
2012-11-08,24.290000915527344,23.764999389648438,24.139999389648438,23.799999237060547,4518600.0,23.119924545288086
2012-11-09,24.0,23.565000534057617,23.68000030517578,23.774999618530273,4879400.0,23.095645904541016
2012-11-12,24.0,23.684999465942383,23.844999313354492,23.90999984741211,2143800.0,23.226789474487305
2012-11-13,24.545000076293945,23.579999923706055,23.594999313354492,24.174999237060547,4067400.0,23.484216690063477
2012-11-14,24.360000610351562,23.94499969482422,24.225000381469727,23.9950008392334,3859400.0,23.309358596801758
2012-11-15,24.18000030517578,23.690000534057617,23.774999618530273,23.81999969482422,5856200.0,23.13935661315918
2012-11-16,24.174999237060547,23.665000915527344,23.950000762939453,23.985000610351562,4679600.0,23.299640655517578
2012-11-19,24.94499969482422,24.3799991607666,24.405000686645508,24.545000076293945,5469000.0,23.843639373779297
2012-11-20,24.670000076293945,24.309999465942383,24.549999237060547,24.625,3186600.0,23.921354293823242
2012-11-21,24.75,24.479999542236328,24.6299991607666,24.729999542236328,2027800.0,24.02335548400879
2012-11-23,24.94499969482422,24.584999084472656,24.80500030517578,24.940000534057617,1175000.0,24.22735023498535
2012-11-26,24.665000915527344,23.989999771118164,24.584999084472656,24.045000076293945,5728600.0,23.357929229736328
2012-11-27,24.075000762939453,23.774999618530273,24.049999237060547,23.899999618530273,5313400.0,23.217073440551758
2012-11-28,23.969999313354492,23.415000915527344,23.665000915527344,23.950000762939453,7046200.0,23.26564598083496
2012-11-29,24.360000610351562,23.709999084472656,24.139999389648438,23.875,4783600.0,23.192785263061523
2012-11-30,23.950000762939453,23.489999771118164,23.864999771118164,23.549999237060547,6005000.0,22.877073287963867
2012-12-03,24.325000762939453,23.684999465942383,23.809999465942383,24.049999237060547,4478600.0,23.362783432006836
2012-12-04,24.104999542236328,23.6200008392334,24.024999618530273,23.78499984741211,4386200.0,23.105358123779297
2012-12-05,24.325000762939453,23.65999984741211,23.93000030517578,23.81999969482422,4183800.0,23.13935661315918
2012-12-06,24.424999237060547,23.729999542236328,23.825000762939453,24.395000457763672,4131400.0,23.697927474975586
2012-12-07,24.780000686645508,24.354999542236328,24.450000762939453,24.420000076293945,3874600.0,23.722211837768555
2012-12-10,24.485000610351562,23.84000015258789,24.299999237060547,24.014999389648438,3963200.0,23.328786849975586
2012-12-11,24.225000381469727,23.889999389648438,24.100000381469727,24.03499984741211,3325600.0,23.34821128845215
2012-12-12,24.674999237060547,24.104999542236328,24.114999771118164,24.295000076293945,3345600.0,23.600784301757812
2012-12-13,24.25,23.200000762939453,24.200000762939453,23.510000228881836,7507800.0,22.838214874267578
2012-12-14,23.71500015258789,23.3700008392334,23.469999313354492,23.395000457763672,4953600.0,22.72650146484375
2012-12-17,23.8799991607666,23.260000228881836,23.475000381469727,23.875,2847200.0,23.192785263061523
2012-12-18,24.645000457763672,23.799999237060547,23.854999542236328,24.360000610351562,3538400.0,23.663928985595703
2012-12-19,25.1299991607666,24.360000610351562,24.3799991607666,24.809999465942383,6235000.0,24.101062774658203
2012-12-20,25.545000076293945,24.844999313354492,24.875,25.53499984741211,5043000.0,24.805355072021484
2012-12-21,25.59000015258789,24.825000762939453,25.19499969482422,25.415000915527344,5283600.0,24.68878173828125
2012-12-24,25.28499984741211,24.8700008392334,25.28499984741211,24.975000381469727,1272200.0,24.2613525390625
2012-12-26,25.155000686645508,24.565000534057617,25.104999542236328,24.719999313354492,3055400.0,24.013641357421875
2012-12-27,24.920000076293945,24.56999969482422,24.690000534057617,24.875,3880800.0,24.164209365844727
2012-12-28,24.71500015258789,24.3799991607666,24.68000030517578,24.415000915527344,2753400.0,23.717355728149414
2012-12-31,24.905000686645508,24.25,24.385000228881836,24.8700008392334,3606000.0,24.15935516357422
2013-01-02,25.364999771118164,23.854999542236328,25.364999771118164,24.614999771118164,8984200.0,23.91164207458496
2013-01-03,25.309999465942383,24.125,24.6299991607666,24.94499969482422,5589400.0,24.232210159301758
2013-01-04,25.30500030517578,24.8700008392334,25.024999618530273,25.05500030517578,4459000.0,24.339067459106445
2013-01-07,24.940000534057617,24.40999984741211,24.825000762939453,24.854999542236328,4443200.0,24.14478302001953
2013-01-08,24.80500030517578,24.139999389648438,24.739999771118164,24.479999542236328,6178400.0,23.78049659729004
2013-01-09,24.5049991607666,23.395000457763672,24.485000610351562,23.764999389648438,9886400.0,23.0859317779541
2013-01-10,23.9950008392334,23.399999618530273,23.875,23.8799991607666,5887400.0,23.19764518737793
2013-01-11,24.125,23.665000915527344,24.0049991607666,24.049999237060547,3838000.0,23.362783432006836
2013-01-14,24.46500015258789,24.040000915527344,24.05500030517578,24.31999969482422,3078200.0,23.625070571899414
2013-01-15,24.75,24.024999618530273,24.135000228881836,24.719999313354492,3533000.0,24.013641357421875
2013-01-16,24.809999465942383,24.15999984741211,24.709999084472656,24.795000076293945,3892000.0,24.086498260498047
2013-01-17,25.344999313354492,24.7549991607666,24.875,25.079999923706055,3779400.0,24.363351821899414
2013-01-18,25.700000762939453,24.9950008392334,25.149999618530273,25.690000534057617,4304200.0,24.955921173095703
2013-01-22,26.424999237060547,25.459999084472656,25.674999237060547,26.28499984741211,6153800.0,25.533920288085938
2013-01-23,26.274999618530273,25.844999313354492,26.209999084472656,25.96500015258789,4363600.0,25.22307014465332
2013-01-24,26.809999465942383,26.06999969482422,26.06999969482422,26.315000534057617,3520800.0,25.563066482543945
2013-01-25,26.584999084472656,26.149999618530273,26.225000381469727,26.424999237060547,3783800.0,25.669921875
2013-01-28,26.385000228881836,25.799999237060547,26.260000228881836,25.899999618530273,3911200.0,25.178979873657227
2013-01-29,26.420000076293945,25.7549991607666,25.90999984741211,26.375,2797800.0,25.64075469970703
2013-01-30,26.649999618530273,26.204999923706055,26.3700008392334,26.25,2645800.0,25.519235610961914
2013-01-31,26.614999771118164,25.979999542236328,26.239999771118164,26.389999389648438,3439400.0,25.65534210205078
2013-02-01,26.725000381469727,26.30500030517578,26.53499984741211,26.59000015258789,2358800.0,25.849767684936523
2013-02-04,26.479999542236328,26.18000030517578,26.389999389648438,26.274999618530273,1866800.0,25.54353904724121
2013-02-05,26.81999969482422,26.344999313354492,26.459999084472656,26.739999771118164,2665200.0,25.99559211730957
2013-02-06,27.3700008392334,26.55500030517578,26.625,27.200000762939453,3053400.0,26.44278907775879
2013-02-07,27.219999313354492,26.729999542236328,27.170000076293945,27.135000228881836,2466400.0,26.379594802856445
2013-02-08,27.520000457763672,27.2549991607666,27.260000228881836,27.450000762939453,2426600.0,26.68583106994629
2013-02-11,27.405000686645508,26.915000915527344,27.405000686645508,27.329999923706055,2382000.0,26.569168090820312
2013-02-12,27.46500015258789,27.09000015258789,27.3700008392334,27.350000381469727,3000400.0,26.588613510131836
2013-02-13,27.739999771118164,27.3700008392334,27.3700008392334,27.729999542236328,2520400.0,26.958036422729492
2013-02-14,27.799999237060547,27.420000076293945,27.610000610351562,27.479999542236328,3277200.0,26.714996337890625
2013-02-15,27.415000915527344,26.584999084472656,27.399999618530273,27.155000686645508,6534800.0,26.39904022216797
2013-02-19,27.915000915527344,27.200000762939453,27.290000915527344,27.760000228881836,4425400.0,26.987199783325195
2013-02-20,27.875,26.829999923706055,27.815000534057617,26.844999313354492,3893000.0,26.097673416137695
2013-02-21,27.010000228881836,26.219999313354492,26.809999465942383,26.93000030517578,4596400.0,26.1803035736084
2013-02-22,29.950000762939453,28.225000381469727,28.229999542236328,29.905000686645508,12220000.0,29.072484970092773
2013-02-25,30.450000762939453,29.25,30.1299991607666,29.25,7572000.0,28.43571662902832
2013-02-26,30.475000381469727,29.18000030517578,29.454999923706055,30.3799991607666,6678400.0,29.534257888793945
2013-02-27,31.309999465942383,30.299999237060547,30.3700008392334,31.28499984741211,6462600.0,30.414066314697266
2013-02-28,31.280000686645508,30.924999237060547,31.25,30.985000610351562,5629800.0,30.122419357299805
2013-03-01,32.05500030517578,30.795000076293945,30.899999618530273,31.700000762939453,6897200.0,30.817516326904297
2013-03-04,31.81999969482422,31.229999542236328,31.549999237060547,31.55500030517578,5043000.0,30.676551818847656
2013-03-05,32.0,31.290000915527344,31.864999771118164,31.545000076293945,4559600.0,30.666828155517578
2013-03-06,31.59000015258789,30.8799991607666,31.309999465942383,31.110000610351562,7005400.0,30.243940353393555
2013-03-07,32.400001525878906,31.145000457763672,31.25,32.334999084472656,4293400.0,31.43483543395996
2013-03-08,32.494998931884766,31.899999618530273,32.48500061035156,32.29999923706055,2979000.0,31.40081024169922
2013-03-11,33.0,32.060001373291016,32.29499816894531,32.98500061035156,3883200.0,32.066749572753906
2013-03-12,33.025001525878906,32.20000076293945,33.0,32.599998474121094,5170600.0,31.69245719909668
2013-03-13,32.970001220703125,32.4900016784668,32.560001373291016,32.880001068115234,3267000.0,31.96466064453125
2013-03-14,34.22999954223633,32.904998779296875,32.92499923706055,34.130001068115234,5055000.0,33.17987823486328
2013-03-15,34.4900016784668,33.34000015258789,34.02000045776367,33.529998779296875,7173800.0,32.596580505371094
2013-03-18,34.18000030517578,33.1150016784668,33.1150016784668,33.91999816894531,3436200.0,32.975711822509766
2013-03-19,34.08000183105469,33.3650016784668,33.939998626708984,34.03499984741211,4908600.0,33.08750915527344
2013-03-20,34.290000915527344,33.34000015258789,34.165000915527344,33.93000030517578,3812200.0,32.98543930053711
2013-03-21,34.04999923706055,33.60499954223633,33.75,33.79999923706055,3871600.0,32.85906219482422
2013-03-22,34.42499923706055,33.625,34.0,33.84000015258789,3133600.0,32.8979377746582
2013-03-25,34.334999084472656,33.349998474121094,34.1349983215332,33.709999084472656,3070800.0,32.77156066894531
2013-03-26,34.10499954223633,33.380001068115234,33.494998931884766,33.875,3496800.0,32.93196487426758
2013-03-27,34.07500076293945,33.345001220703125,33.630001068115234,34.005001068115234,2678400.0,33.058349609375
2013-03-28,34.040000915527344,33.650001525878906,33.849998474121094,33.80500030517578,3023600.0,32.86390686035156
2013-04-01,33.94499969482422,32.869998931884766,33.48500061035156,33.3849983215332,3840200.0,32.455604553222656
2013-04-02,33.720001220703125,33.244998931884766,33.720001220703125,33.32500076293945,2963600.0,32.397281646728516
2013-04-03,33.4900016784668,32.029998779296875,33.26499938964844,32.375,3736400.0,31.473730087280273
2013-04-04,32.71500015258789,31.905000686645508,32.474998474121094,32.31999969482422,3369600.0,31.42025375366211
2013-04-05,33.98500061035156,31.975000381469727,32.119998931884766,33.97999954223633,5410200.0,33.03403854370117
2013-04-08,34.97999954223633,34.02000045776367,34.21500015258789,34.31999969482422,5299600.0,33.36457824707031
2013-04-09,35.529998779296875,34.13999938964844,34.34000015258789,35.165000915527344,5262800.0,34.18605422973633
2013-04-10,35.45000076293945,34.720001220703125,35.375,34.775001525878906,4885000.0,33.806907653808594
2013-04-11,35.69499969482422,34.82500076293945,35.3650016784668,34.900001525878906,3793200.0,33.928428649902344
2013-04-12,34.77000045776367,33.845001220703125,34.68000030517578,33.849998474121094,5231800.0,32.90766143798828
2013-04-15,33.60499954223633,31.7549991607666,33.525001525878906,31.764999389648438,8631600.0,30.880699157714844
2013-04-16,32.625,31.764999389648438,32.279998779296875,32.39500045776367,7650200.0,31.4931697845459
2013-04-17,32.290000915527344,31.6299991607666,32.224998474121094,31.979999542236328,5499200.0,31.089725494384766
2013-04-18,32.904998779296875,31.9950008392334,32.310001373291016,32.86000061035156,8730600.0,31.945226669311523
2013-04-19,33.095001220703125,31.8799991607666,32.89500045776367,32.29999923706055,4901600.0,31.40081024169922
2013-04-22,33.09000015258789,32.025001525878906,32.32500076293945,32.900001525878906,3958400.0,31.984111785888672
2013-04-23,33.005001068115234,32.45000076293945,32.904998779296875,32.95000076293945,3310600.0,32.032718658447266
2013-04-24,33.810001373291016,33.03499984741211,33.125,33.459999084472656,5005000.0,32.52851486206055
2013-04-25,35.244998931884766,33.58000183105469,33.709999084472656,34.099998474121094,5459400.0,33.150699615478516
2013-04-26,34.42499923706055,33.1349983215332,34.244998931884766,33.665000915527344,4337600.0,32.727813720703125
2013-04-29,34.375,33.79999923706055,33.96500015258789,34.09000015258789,3831000.0,33.1409797668457
2013-04-30,34.45000076293945,33.720001220703125,34.060001373291016,34.025001525878906,4417200.0,33.07779312133789
2013-05-01,33.78499984741211,32.95500183105469,33.78499984741211,33.095001220703125,3504000.0,32.173675537109375
2013-05-02,33.904998779296875,33.0,33.2599983215332,33.084999084472656,4266600.0,32.16395568847656
2013-05-03,34.005001068115234,33.16999816894531,33.41999816894531,33.654998779296875,3544200.0,32.71808624267578
2013-05-06,34.6150016784668,33.595001220703125,33.654998779296875,34.03499984741211,3216400.0,33.08750915527344
2013-05-07,34.494998931884766,33.89500045776367,34.05500030517578,33.90999984741211,3349200.0,32.96599578857422
2013-05-08,34.27000045776367,33.60499954223633,33.98500061035156,34.060001373291016,2748200.0,33.11181640625
2013-05-09,34.33000183105469,33.439998626708984,33.90999984741211,33.83000183105469,3100400.0,32.88822555541992
2013-05-10,33.7400016784668,33.01499938964844,33.7400016784668,33.41999816894531,2895000.0,32.48964309692383
2013-05-13,33.70000076293945,33.244998931884766,33.345001220703125,33.33000183105469,2433600.0,32.40214538574219
2013-05-14,34.29999923706055,33.314998626708984,33.415000915527344,34.25,3925600.0,33.31652069091797
2013-05-15,34.48500061035156,33.7400016784668,34.119998931884766,34.26499938964844,3919800.0,33.33110046386719
2013-05-16,34.709999084472656,33.755001068115234,34.26499938964844,33.8650016784668,3999600.0,32.942012786865234
2013-05-17,35.2400016784668,33.94499969482422,33.9900016784668,35.13999938964844,4460200.0,34.182254791259766
2013-05-20,36.29499816894531,35.150001525878906,35.154998779296875,36.13999938964844,5600600.0,35.155006408691406
2013-05-21,36.400001525878906,35.06999969482422,36.21500015258789,35.55500030517578,4465400.0,34.58596420288086
2013-05-22,36.2599983215332,34.900001525878906,35.619998931884766,35.28499984741211,4739000.0,34.32331085205078
2013-05-23,36.30500030517578,34.349998474121094,34.904998779296875,36.150001525878906,4316400.0,35.16473388671875
2013-05-24,36.08000183105469,35.224998474121094,35.810001373291016,35.47999954223633,3506800.0,34.51299285888672
2013-05-28,37.1150016784668,35.92499923706055,36.35499954223633,36.244998931884766,3472600.0,35.25714874267578
2013-05-29,36.57500076293945,35.88999938964844,36.0,36.095001220703125,2941400.0,35.11122512817383
2013-05-30,36.349998474121094,35.650001525878906,36.099998474121094,36.084999084472656,3554200.0,35.10150146484375
2013-05-31,36.185001373291016,35.17499923706055,35.84000015258789,35.18000030517578,3413600.0,34.22117614746094
2013-06-03,35.834999084472656,35.125,35.25,35.470001220703125,3557000.0,34.50326156616211
2013-06-04,35.790000915527344,34.81999969482422,35.3650016784668,35.209999084472656,3063800.0,34.25035095214844
2013-06-05,35.33000183105469,34.744998931884766,35.119998931884766,35.119998931884766,2722400.0,34.162803649902344
2013-06-06,35.459999084472656,34.584999084472656,34.904998779296875,35.290000915527344,3277200.0,34.32816696166992
2013-06-07,36.310001373291016,35.38999938964844,35.525001525878906,36.154998779296875,3033400.0,35.169586181640625
2013-06-10,36.474998474121094,35.56999969482422,36.310001373291016,35.81999969482422,3292200.0,34.84373474121094
2013-06-11,35.689998626708984,34.95000076293945,35.2599983215332,35.2599983215332,3175600.0,34.29897689819336
2013-06-12,35.6349983215332,34.564998626708984,35.5099983215332,34.724998474121094,3157400.0,33.778560638427734
2013-06-13,35.349998474121094,34.41999816894531,34.654998779296875,35.28499984741211,4141400.0,34.32331085205078
2013-06-14,35.459999084472656,34.529998779296875,35.345001220703125,34.77000045776367,2845400.0,33.82234573364258
2013-06-17,35.7599983215332,35.154998779296875,35.23500061035156,35.654998779296875,3150400.0,34.68321990966797
2013-06-18,36.42499923706055,35.5099983215332,35.70000076293945,36.084999084472656,2653000.0,35.10150146484375
2013-06-19,36.3650016784668,35.71500015258789,36.1150016784668,35.73500061035156,2242000.0,34.76104736328125
2013-06-20,35.209999084472656,34.334999084472656,35.10499954223633,34.470001220703125,3523600.0,33.530517578125
2013-06-21,34.689998626708984,33.52000045776367,34.685001373291016,34.0,5773000.0,33.07332229614258
2013-06-24,34.84000015258789,32.84000015258789,33.64500045776367,34.53499984741211,4105400.0,33.59375
2013-06-25,35.33000183105469,34.44499969482422,34.96500015258789,35.17499923706055,3075000.0,34.21630859375
2013-06-26,36.06999969482422,34.93000030517578,35.52000045776367,35.8849983215332,3309000.0,34.90694808959961
2013-06-27,36.060001373291016,35.29499816894531,35.8849983215332,35.400001525878906,3439400.0,34.43516540527344
2013-06-28,35.79499816894531,34.66999816894531,35.18000030517578,35.5099983215332,6366600.0,34.54216766357422
2013-07-01,36.04499816894531,35.16999816894531,35.84000015258789,35.310001373291016,4640400.0,34.34762954711914
2013-07-02,36.165000915527344,35.26499938964844,35.400001525878906,35.564998626708984,3876600.0,34.59566879272461
2013-07-03,36.064998626708984,35.17499923706055,35.540000915527344,35.845001220703125,2845600.0,34.868045806884766
2013-07-05,36.20000076293945,34.96500015258789,36.09000015258789,35.724998474121094,3300200.0,34.751319885253906
2013-07-08,36.13999938964844,35.599998474121094,35.724998474121094,35.779998779296875,2362600.0,34.804813385009766
2013-07-09,36.220001220703125,35.689998626708984,36.0099983215332,35.8849983215332,2921000.0,34.90694808959961
2013-07-10,36.18000030517578,35.3650016784668,35.994998931884766,35.61000061035156,2790600.0,34.63945007324219
2013-07-11,36.459999084472656,34.90999984741211,36.20500183105469,35.470001220703125,6101400.0,34.50326156616211
2013-07-12,35.529998779296875,35.060001373291016,35.45500183105469,35.415000915527344,3655600.0,34.449764251708984
2013-07-15,35.439998626708984,34.78499984741211,35.415000915527344,35.11000061035156,4086000.0,34.153076171875
2013-07-16,35.19499969482422,34.32500076293945,35.14500045776367,34.790000915527344,3820800.0,33.8417854309082
2013-07-17,35.025001525878906,34.45500183105469,34.790000915527344,34.845001220703125,3477600.0,33.89530944824219
2013-07-18,36.5,35.099998474121094,35.099998474121094,36.31999969482422,5331200.0,35.33009719848633
2013-07-19,36.875,35.994998931884766,36.474998474121094,36.834999084472656,3427400.0,35.83106231689453
2013-07-22,36.86000061035156,36.27000045776367,36.66999816894531,36.38999938964844,2775200.0,35.398189544677734
2013-07-23,36.8650016784668,36.060001373291016,36.494998931884766,36.1349983215332,3536800.0,35.15013122558594
2013-07-24,36.345001220703125,35.6150016784668,36.224998474121094,35.85499954223633,4037200.0,34.87777328491211
2013-07-25,39.03499984741211,37.5,37.505001068115234,38.279998779296875,9244800.0,37.23668670654297
2013-07-26,38.970001220703125,37.94499969482422,38.28499984741211,38.58000183105469,4757200.0,37.52851104736328
2013-07-29,38.7400016784668,38.11000061035156,38.7400016784668,38.27000045776367,2837600.0,37.226959228515625
2013-07-30,38.435001373291016,37.7400016784668,37.9900016784668,38.36000061035156,3076800.0,37.31449890136719
2013-07-31,38.8849983215332,37.8650016784668,38.540000915527344,37.90999984741211,5089800.0,36.87675857543945
2013-08-01,38.810001373291016,38.14500045776367,38.439998626708984,38.724998474121094,4158200.0,37.6695442199707
2013-08-02,38.7400016784668,38.255001068115234,38.66999816894531,38.59000015258789,3516200.0,37.55763244628906
2013-08-05,38.73500061035156,38.1349983215332,38.540000915527344,38.619998931884766,1935200.0,37.586822509765625
2013-08-06,38.89500045776367,38.11000061035156,38.525001525878906,38.790000915527344,3258000.0,37.75226974487305
2013-08-07,38.72999954223633,37.630001068115234,38.58000183105469,37.845001220703125,3538400.0,36.83256530761719
2013-08-08,38.17499923706055,37.125,38.01499938964844,37.849998474121094,3156800.0,36.837425231933594
2013-08-09,38.084999084472656,37.70500183105469,37.82500076293945,38.0,3058000.0,36.98340606689453
2013-08-12,38.189998626708984,37.5,37.94499969482422,37.75,2458600.0,36.74009704589844
2013-08-13,37.72999954223633,37.2599983215332,37.67499923706055,37.6150016784668,2577200.0,36.60871124267578
2013-08-14,37.79499816894531,37.380001068115234,37.709999084472656,37.38999938964844,4912200.0,36.389732360839844
2013-08-15,37.810001373291016,36.4900016784668,36.970001220703125,37.72999954223633,2464100.0,36.72063064575195
2013-08-16,37.709999084472656,36.97999954223633,37.54999923706055,37.130001068115234,2736000.0,36.13669967651367
2013-08-19,37.689998626708984,36.63999938964844,37.22999954223633,36.720001220703125,2309700.0,35.73766326904297
2013-08-20,37.83000183105469,36.75,37.0,37.560001373291016,2802600.0,36.55517578125
2013-08-21,37.95000076293945,37.2599983215332,37.619998931884766,37.41999816894531,2409600.0,36.41893005371094
2013-08-22,38.9900016784668,37.560001373291016,37.68000030517578,38.880001068115234,3041800.0,37.839866638183594
2013-08-23,39.0,38.400001525878906,38.72999954223633,38.849998474121094,2654600.0,37.8106689453125
2013-08-26,39.45000076293945,38.79999923706055,39.0,38.84000015258789,1991500.0,37.80094528198242
2013-08-27,39.400001525878906,38.2599983215332,38.439998626708984,38.75,3145400.0,37.713356018066406
2013-08-28,39.970001220703125,38.54999923706055,38.7400016784668,39.459999084472656,3284800.0,38.40436553955078
2013-08-29,39.560001373291016,39.0,39.52000045776367,39.400001525878906,2724800.0,38.34596252441406
2013-08-30,39.560001373291016,38.959999084472656,39.349998474121094,39.130001068115234,2776700.0,38.083187103271484
2013-09-03,40.34000015258789,39.77000045776367,39.77000045776367,39.93000030517578,3568700.0,38.86177444458008
2013-09-04,39.9900016784668,38.95000076293945,39.720001220703125,39.43000030517578,3500700.0,38.375152587890625
2013-09-05,39.7599983215332,38.36000061035156,39.650001525878906,38.45000076293945,5121800.0,37.42137908935547
2013-09-06,39.099998474121094,38.08000183105469,38.5,38.7400016784668,3448400.0,37.70362091064453
2013-09-09,39.099998474121094,38.400001525878906,38.97999954223633,39.0,3173700.0,37.95665740966797
2013-09-10,39.02000045776367,37.75,39.0,38.619998931884766,6120000.0,37.586822509765625
2013-09-11,38.93000030517578,37.77000045776367,38.7599983215332,38.880001068115234,7252300.0,37.839866638183594
2013-09-12,38.93000030517578,37.84000015258789,38.90999984741211,38.040000915527344,5858700.0,37.022342681884766
2013-09-13,38.15999984741211,37.41999816894531,38.040000915527344,37.52000045776367,5029600.0,36.51626205444336
2013-09-16,38.099998474121094,37.540000915527344,37.95000076293945,37.599998474121094,4092500.0,36.59410858154297
2013-09-17,38.4900016784668,37.65999984741211,37.7400016784668,38.209999084472656,2926900.0,37.18778991699219
2013-09-18,38.619998931884766,37.68000030517578,38.06999969482422,38.380001068115234,4091400.0,37.35323715209961
2013-09-19,38.7599983215332,37.810001373291016,38.470001220703125,38.06999969482422,3780000.0,37.051544189453125
2013-09-20,38.38999938964844,37.56999969482422,38.06999969482422,37.709999084472656,3842800.0,36.701168060302734
2013-09-23,37.56999969482422,37.0099983215332,37.5099983215332,37.25,3745000.0,36.25347900390625
2013-09-24,37.47999954223633,36.630001068115234,37.27000045776367,36.72999954223633,10019100.0,35.74738693237305
2013-09-25,36.83000183105469,35.349998474121094,36.619998931884766,35.56999969482422,13798300.0,34.61842346191406
2013-09-26,37.47999954223633,36.290000915527344,36.43000030517578,37.119998931884766,13128200.0,36.126949310302734
2013-09-27,37.29999923706055,36.869998931884766,37.0099983215332,37.11000061035156,4389000.0,36.11722946166992
2013-09-30,37.459999084472656,36.529998779296875,36.66999816894531,37.31999969482422,6114500.0,36.32160949707031
2013-10-01,37.58000183105469,36.91999816894531,37.31999969482422,37.099998474121094,6414000.0,36.107479095458984
2013-10-02,36.86000061035156,35.91999816894531,36.650001525878906,36.18000030517578,5968000.0,35.21209716796875
2013-10-03,36.310001373291016,35.56999969482422,36.040000915527344,35.689998626708984,4487700.0,34.73520278930664
2013-10-04,36.619998931884766,35.650001525878906,35.7599983215332,36.31999969482422,3459600.0,35.34835433959961
2013-10-07,36.310001373291016,35.70000076293945,35.849998474121094,35.81999969482422,3039300.0,34.86174011230469
2013-10-08,36.099998474121094,35.029998779296875,35.849998474121094,35.09000015258789,4639100.0,34.15126419067383
2013-10-09,35.7599983215332,34.66999816894531,35.09000015258789,35.43000030517578,6115000.0,34.4821662902832
2013-10-10,36.83000183105469,35.43000030517578,36.189998626708984,36.220001220703125,7300000.0,35.251033782958984
2013-10-11,37.02000045776367,35.95000076293945,36.08000183105469,36.75,4236000.0,35.76685333251953
2013-10-14,36.97999954223633,36.29999923706055,36.36000061035156,36.779998779296875,2955700.0,35.79604721069336
2013-10-15,37.08000183105469,36.13999938964844,36.65999984741211,36.369998931884766,3525400.0,35.39701843261719
2013-10-16,37.599998474121094,36.650001525878906,36.72999954223633,37.470001220703125,4179700.0,36.46759033203125
2013-10-17,37.54999923706055,36.209999084472656,37.54999923706055,36.34000015258789,4284000.0,35.367828369140625
2013-10-18,36.66999816894531,35.56999969482422,36.619998931884766,36.119998931884766,5316700.0,35.15370559692383
2013-10-21,36.65999984741211,35.81999969482422,36.25,36.060001373291016,4865800.0,35.09531784057617
2013-10-22,36.470001220703125,35.599998474121094,36.18000030517578,35.869998931884766,4717100.0,34.910396575927734
2013-10-23,35.790000915527344,34.75,35.68000030517578,34.790000915527344,5381300.0,33.859275817871094
2013-10-24,35.27000045776367,34.40999984741211,34.84000015258789,34.84000015258789,7635600.0,33.9079475402832
2013-10-25,37.09000015258789,35.5,35.95000076293945,36.97999954223633,10416700.0,35.99068832397461
2013-10-28,37.119998931884766,36.43000030517578,37.040000915527344,36.880001068115234,4991500.0,35.893375396728516
2013-10-29,37.290000915527344,36.529998779296875,37.08000183105469,36.61000061035156,3730000.0,35.63059616088867
2013-10-30,36.66999816894531,34.90999984741211,36.470001220703125,35.43000030517578,6765100.0,34.4821662902832
2013-10-31,35.5,34.68000030517578,35.43000030517578,35.31999969482422,6198600.0,34.37510681152344
2013-11-01,35.369998931884766,34.61000061035156,35.2400016784668,35.040000915527344,5648000.0,34.102603912353516
2013-11-04,35.369998931884766,34.709999084472656,35.220001220703125,35.11000061035156,3204100.0,34.17072296142578
2013-11-05,35.29999923706055,34.630001068115234,34.86000061035156,34.91999816894531,4995700.0,34.00518035888672
2013-11-06,35.20000076293945,33.689998626708984,35.0,33.88999938964844,7564000.0,33.00216293334961
2013-11-07,34.0,31.790000915527344,34.0,32.630001068115234,11817400.0,31.775178909301758
2013-11-08,33.61000061035156,32.599998474121094,32.72999954223633,33.599998474121094,6950800.0,32.71975326538086
2013-11-11,33.79999923706055,33.09000015258789,33.65999984741211,33.52000045776367,4283700.0,32.64185333251953
2013-11-12,34.349998474121094,33.41999816894531,33.599998474121094,33.5099983215332,5992000.0,32.632118225097656
2013-11-13,34.27000045776367,33.2599983215332,33.290000915527344,33.880001068115234,4791900.0,32.99242401123047
2013-11-14,33.79999923706055,32.959999084472656,33.65999984741211,33.15999984741211,9553100.0,32.29128646850586
2013-11-15,33.470001220703125,32.88999938964844,33.290000915527344,33.33000183105469,4359600.0,32.45682907104492
2013-11-18,33.630001068115234,32.7400016784668,33.599998474121094,32.869998931884766,5985700.0,32.00889205932617
2013-11-19,33.349998474121094,32.619998931884766,32.77000045776367,33.09000015258789,3896900.0,32.223121643066406
2013-11-20,34.650001525878906,33.70000076293945,33.95000076293945,34.08000183105469,8038500.0,33.187191009521484
2013-11-21,35.290000915527344,34.2400016784668,34.33000183105469,34.7400016784668,5611100.0,33.829898834228516
2013-11-22,35.150001525878906,34.33000183105469,34.88999938964844,35.13999938964844,4570200.0,34.21940994262695
2013-11-25,35.279998779296875,34.5,35.279998779296875,34.79999923706055,4211400.0,33.88833236694336
2013-11-26,35.0,34.13999938964844,34.68000030517578,34.40999984741211,6886000.0,33.508541107177734
2013-11-27,34.540000915527344,34.029998779296875,34.27000045776367,34.47999954223633,3868600.0,33.57670211791992
2013-11-29,34.630001068115234,33.939998626708984,34.470001220703125,34.45000076293945,1982500.0,33.54750061035156
2013-12-02,35.0,34.15999984741211,34.56999969482422,34.68000030517578,4347400.0,33.7714729309082
2013-12-03,34.900001525878906,34.220001220703125,34.5,34.540000915527344,4897200.0,33.635135650634766
2013-12-04,34.650001525878906,34.20000076293945,34.47999954223633,34.41999816894531,4075500.0,33.518272399902344
2013-12-05,35.88999938964844,34.0,34.130001068115234,35.869998931884766,6649700.0,34.93029022216797
2013-12-06,36.70000076293945,35.040000915527344,36.2599983215332,35.20000076293945,5392400.0,34.27784729003906
2013-12-09,36.880001068115234,35.689998626708984,36.540000915527344,36.81999969482422,7524100.0,35.85540771484375
2013-12-10,37.540000915527344,36.34000015258789,36.900001525878906,36.36000061035156,6041300.0,35.40745544433594
2013-12-11,36.43000030517578,35.5,36.27000045776367,35.72999954223633,5322300.0,34.793968200683594
2013-12-12,36.720001220703125,35.790000915527344,35.810001373291016,36.56999969482422,5889100.0,35.61195373535156
2013-12-13,36.59000015258789,35.869998931884766,36.4900016784668,36.119998931884766,5788900.0,35.173736572265625
2013-12-16,36.380001068115234,35.54999923706055,36.189998626708984,35.81999969482422,6734700.0,34.88161087036133
2013-12-17,36.20000076293945,35.400001525878906,35.77000045776367,35.81999969482422,4973800.0,34.88161087036133
2013-12-18,36.439998626708984,35.5,36.040000915527344,36.40999984741211,5384200.0,35.45614242553711
2013-12-19,38.369998931884766,37.040000915527344,37.150001525878906,38.310001373291016,8211600.0,37.30636978149414
2013-12-20,38.869998931884766,38.31999969482422,38.599998474121094,38.43000030517578,6809300.0,37.423221588134766
2013-12-23,39.290000915527344,38.470001220703125,38.540000915527344,38.56999969482422,3758200.0,37.5595588684082
2013-12-24,38.95000076293945,38.45000076293945,38.560001373291016,38.93000030517578,1306200.0,37.910125732421875
2013-12-26,38.970001220703125,38.40999984741211,38.970001220703125,38.560001373291016,3267400.0,37.54981994628906
2013-12-27,38.810001373291016,38.16999816894531,38.560001373291016,38.72999954223633,2509000.0,37.71535873413086
2013-12-30,39.349998474121094,38.47999954223633,39.02000045776367,38.720001220703125,3145500.0,37.70563507080078
2013-12-31,38.939998626708984,38.279998779296875,38.66999816894531,38.7599983215332,2994100.0,37.74457931518555
2014-01-02,39.29999923706055,37.97999954223633,38.56999969482422,38.16999816894531,4825100.0,37.1700325012207
2014-01-03,38.540000915527344,37.630001068115234,38.16999816894531,37.95000076293945,3461500.0,36.95580291748047
2014-01-06,38.36000061035156,37.810001373291016,38.150001525878906,38.20000076293945,3309600.0,37.199256896972656
2014-01-07,39.22999954223633,38.349998474121094,38.400001525878906,38.869998931884766,4838400.0,37.8516960144043
2014-01-08,39.34000015258789,38.59000015258789,38.72999954223633,38.75,4964900.0,37.73484420776367
2014-01-09,38.97999954223633,36.88999938964844,38.93000030517578,37.439998626708984,7391100.0,36.459163665771484
2014-01-10,37.86000061035156,37.2599983215332,37.43000030517578,37.5,3466800.0,36.517581939697266
2014-01-13,37.779998779296875,36.380001068115234,37.56999969482422,36.439998626708984,5779500.0,35.48536682128906
2014-01-14,37.38999938964844,36.54999923706055,36.54999923706055,37.36000061035156,6762500.0,36.38125228881836
2014-01-15,37.849998474121094,37.2599983215332,37.38999938964844,37.619998931884766,3897000.0,36.63444137573242
2014-01-16,38.27000045776367,37.310001373291016,37.869998931884766,38.15999984741211,4536400.0,37.16030502319336
2014-01-17,38.380001068115234,37.43000030517578,38.279998779296875,37.47999954223633,3797500.0,36.498111724853516
2014-01-21,39.130001068115234,37.81999969482422,37.95000076293945,39.09000015258789,6039800.0,38.06593322753906
2014-01-22,40.619998931884766,39.56999969482422,39.59000015258789,39.90999984741211,7167500.0,38.86445999145508
2014-01-23,40.439998626708984,39.68000030517578,40.060001373291016,39.810001373291016,6241500.0,38.7670783996582
2014-01-24,40.02000045776367,39.439998626708984,39.58000183105469,39.54999923706055,7004800.0,38.513885498046875
2014-01-27,39.56999969482422,38.4900016784668,39.54999923706055,39.06999969482422,3973900.0,38.04646682739258
2014-01-28,40.619998931884766,39.540000915527344,39.540000915527344,40.38999938964844,6614000.0,39.331878662109375
2014-01-29,40.939998626708984,39.2599983215332,39.619998931884766,40.4900016784668,6470000.0,39.44879913330078
2014-01-30,40.59000015258789,39.66999816894531,40.560001373291016,39.720001220703125,4543600.0,38.69860076904297
2014-01-31,40.380001068115234,39.2400016784668,39.369998931884766,39.97999954223633,4302400.0,38.951904296875
2014-02-03,40.75,39.40999984741211,40.54999923706055,39.459999084472656,5629300.0,38.44528579711914
2014-02-04,41.779998779296875,40.119998931884766,40.119998931884766,41.61000061035156,8096300.0,40.53999710083008
2014-02-05,41.779998779296875,40.33000183105469,41.72999954223633,40.41999816894531,5773100.0,39.380592346191406
2014-02-06,40.91999816894531,40.16999816894531,40.5099983215332,40.2599983215332,6866000.0,39.22470474243164
2014-02-07,40.4900016784668,38.79999923706055,40.29999923706055,39.31999969482422,8471500.0,38.30887985229492
2014-02-10,39.20000076293945,38.189998626708984,39.130001068115234,38.709999084472656,7631200.0,37.71456527709961
2014-02-11,39.380001068115234,38.7400016784668,38.81999969482422,39.25,5497400.0,38.24067306518555
2014-02-12,39.619998931884766,38.59000015258789,39.470001220703125,38.61000061035156,4969700.0,37.61713409423828
2014-02-13,39.16999816894531,38.040000915527344,38.36000061035156,38.83000183105469,9862000.0,37.831485748291016
2014-02-14,39.08000183105469,38.04999923706055,38.90999984741211,38.86000061035156,6104600.0,37.86070251464844
2014-02-18,39.95000076293945,39.31999969482422,39.439998626708984,39.65999984741211,5652200.0,38.640140533447266
2014-02-19,40.97999954223633,39.54999923706055,39.54999923706055,40.06999969482422,8361500.0,39.03958511352539
2014-02-20,40.31999969482422,38.529998779296875,40.099998474121094,39.279998779296875,12099400.0,38.26991653442383
2014-02-21,39.279998779296875,35.58000183105469,38.13999938964844,36.06999969482422,23860400.0,35.142452239990234
2014-02-24,36.33000183105469,35.380001068115234,36.04999923706055,35.650001525878906,14665400.0,34.73325729370117
2014-02-25,35.75,35.11000061035156,35.59000015258789,35.529998779296875,11764200.0,34.61634063720703
2014-02-26,35.630001068115234,35.209999084472656,35.43000030517578,35.369998931884766,8983300.0,34.46046447753906
2014-02-27,35.97999954223633,35.33000183105469,35.459999084472656,35.380001068115234,6431500.0,34.47020721435547
2014-02-28,35.650001525878906,34.70000076293945,35.43000030517578,35.0,9607300.0,34.0999755859375
2014-03-03,35.33000183105469,34.66999816894531,34.880001068115234,34.7400016784668,6618200.0,33.84666061401367
2014-03-04,35.15999984741211,34.560001373291016,35.029998779296875,34.810001373291016,5428100.0,33.91485595703125
2014-03-05,34.900001525878906,34.41999816894531,34.720001220703125,34.54999923706055,5762100.0,33.661537170410156
2014-03-06,35.08000183105469,34.75,35.0,34.970001220703125,6976000.0,34.070743560791016
2014-03-07,35.470001220703125,35.0099983215332,35.33000183105469,35.11000061035156,7381900.0,34.2071418762207
2014-03-10,35.290000915527344,34.63999938964844,35.0,35.25,4909800.0,34.34353256225586
2014-03-11,35.95000076293945,35.029998779296875,35.22999954223633,35.2599983215332,10703000.0,34.35328674316406
2014-03-12,35.560001373291016,34.7599983215332,35.0,35.099998474121094,5031100.0,34.197391510009766
2014-03-13,35.2400016784668,34.650001525878906,35.09000015258789,34.65999984741211,4981300.0,33.76872253417969
2014-03-14,34.709999084472656,33.66999816894531,34.619998931884766,33.959999084472656,9810200.0,33.086708068847656
2014-03-17,34.130001068115234,33.22999954223633,34.130001068115234,33.38999938964844,9221000.0,32.531375885009766
2014-03-18,33.61000061035156,33.09000015258789,33.279998779296875,33.56999969482422,6798000.0,32.70674133300781
2014-03-19,33.7599983215332,33.31999969482422,33.619998931884766,33.459999084472656,5347500.0,32.599571228027344
2014-03-20,33.619998931884766,33.099998474121094,33.380001068115234,33.15999984741211,8603000.0,32.307281494140625
2014-03-21,33.5,32.88999938964844,33.31999969482422,32.959999084472656,8994200.0,32.11241912841797
2014-03-24,33.040000915527344,32.29999923706055,32.880001068115234,32.650001525878906,7197100.0,31.81040382385254
2014-03-25,33.2400016784668,32.11000061035156,32.849998474121094,32.619998931884766,12819400.0,31.781169891357422
2014-03-26,32.90999984741211,31.860000610351562,32.63999938964844,32.2400016784668,10007800.0,31.410945892333984
2014-03-27,33.630001068115234,32.279998779296875,32.310001373291016,33.45000076293945,10248700.0,32.58982467651367
2014-03-28,34.04999923706055,33.349998474121094,33.63999938964844,33.84000015258789,7890100.0,32.96980285644531
2014-03-31,34.119998931884766,33.709999084472656,33.79999923706055,33.880001068115234,5245000.0,33.00877380371094
2014-04-01,34.33000183105469,33.75,34.08000183105469,34.279998779296875,7180500.0,33.39848327636719
2014-04-02,35.08000183105469,34.290000915527344,34.29999923706055,34.93000030517578,6734300.0,34.03177261352539
2014-04-03,35.63999938964844,34.91999816894531,35.099998474121094,35.4900016784668,7207300.0,34.577369689941406
2014-04-04,35.7400016784668,34.5,35.709999084472656,34.56999969482422,8711800.0,33.6810302734375
2014-04-07,34.619998931884766,33.720001220703125,34.5,34.02000045776367,5608100.0,33.145172119140625
2014-04-08,34.599998474121094,33.70000076293945,34.130001068115234,34.56999969482422,7012800.0,33.6810302734375
2014-04-09,34.52000045776367,33.7400016784668,34.5099983215332,34.09000015258789,5251700.0,33.21337127685547
2014-04-10,33.75,32.16999816894531,33.47999954223633,32.5,22068100.0,31.66425895690918
2014-04-11,32.83000183105469,32.349998474121094,32.349998474121094,32.40999984741211,6258000.0,31.576574325561523
2014-04-14,33.02000045776367,32.470001220703125,32.630001068115234,32.7599983215332,5482500.0,31.91756820678711
2014-04-15,33.18000030517578,32.459999084472656,32.72999954223633,32.970001220703125,6345400.0,32.12217330932617
2014-04-16,34.08000183105469,33.130001068115234,33.18000030517578,34.04999923706055,6672200.0,33.174400329589844
2014-04-17,35.400001525878906,33.91999816894531,34.029998779296875,34.91999816894531,9741100.0,34.02201843261719
2014-04-21,35.13999938964844,34.560001373291016,34.779998779296875,35.119998931884766,5471700.0,34.216880798339844
2014-04-22,35.9900016784668,34.849998474121094,35.029998779296875,35.650001525878906,10886700.0,34.73325729370117
2014-04-23,36.59000015258789,35.72999954223633,35.959999084472656,36.13999938964844,9600000.0,35.210655212402344
2014-04-24,38.5,36.900001525878906,36.95000076293945,37.970001220703125,15092200.0,36.99359893798828
2014-04-25,38.58000183105469,37.220001220703125,37.650001525878906,38.18000030517578,9518200.0,37.19819259643555
2014-04-28,38.900001525878906,38.119998931884766,38.45000076293945,38.84000015258789,7837500.0,37.84122848510742
2014-04-29,39.2400016784668,38.75,39.0,39.130001068115234,11421000.0,38.12377166748047
2014-04-30,39.33000183105469,38.43000030517578,38.86000061035156,39.279998779296875,6948100.0,38.26991653442383
2014-05-01,39.459999084472656,38.9900016784668,39.2599983215332,39.400001525878906,8824200.0,38.3868293762207
2014-05-02,39.040000915527344,38.20000076293945,39.0,38.779998779296875,8940700.0,37.78276824951172
2014-05-05,38.83000183105469,38.33000183105469,38.70000076293945,38.61000061035156,5519600.0,37.61713409423828
2014-05-06,39.09000015258789,38.5,38.7599983215332,38.54999923706055,6483700.0,37.558677673339844
2014-05-07,39.060001373291016,37.79999923706055,38.869998931884766,38.04999923706055,6844400.0,37.071533203125
2014-05-08,38.0099983215332,37.15999984741211,37.91999816894531,37.25,7999800.0,36.29210662841797
2014-05-09,37.41999816894531,36.77000045776367,37.25,36.90999984741211,6194400.0,35.96085739135742
2014-05-12,37.2400016784668,36.560001373291016,36.93000030517578,37.189998626708984,6322500.0,36.2336540222168
2014-05-13,37.77000045776367,37.27000045776367,37.36000061035156,37.5,6320900.0,36.555335998535156
2014-05-14,37.77000045776367,36.97999954223633,37.41999816894531,37.119998931884766,4538100.0,36.18490219116211
2014-05-15,37.369998931884766,36.630001068115234,37.0,37.209999084472656,7101100.0,36.272647857666016
2014-05-16,37.15999984741211,36.369998931884766,37.150001525878906,36.5099983215332,5423600.0,35.59027862548828
2014-05-19,37.040000915527344,36.31999969482422,36.52000045776367,36.720001220703125,3692700.0,35.79499435424805
2014-05-20,36.7599983215332,36.189998626708984,36.70000076293945,36.31999969482422,3989200.0,35.405067443847656
2014-05-21,36.81999969482422,35.86000061035156,36.0,36.72999954223633,4981900.0,35.80474090576172
2014-05-22,36.65999984741211,35.97999954223633,36.65999984741211,36.06999969482422,4856700.0,35.1613655090332
2014-05-23,36.349998474121094,35.68000030517578,36.16999816894531,35.77000045776367,3895500.0,34.868927001953125
2014-05-27,36.540000915527344,35.709999084472656,36.0,36.38999938964844,3615600.0,35.47330093383789
2014-05-28,36.619998931884766,35.83000183105469,36.619998931884766,35.959999084472656,5232000.0,35.054134368896484
2014-05-29,36.61000061035156,35.959999084472656,36.099998474121094,36.540000915527344,4411200.0,35.61953353881836
2014-05-30,36.70000076293945,36.040000915527344,36.34000015258789,36.2400016784668,5206800.0,35.32707595825195
2014-06-02,36.439998626708984,35.88999938964844,36.209999084472656,35.91999816894531,3918800.0,35.015132904052734
2014-06-03,36.2400016784668,35.720001220703125,35.790000915527344,36.16999816894531,3136300.0,35.25883102416992
2014-06-04,36.4900016784668,35.810001373291016,35.97999954223633,35.9900016784668,4699200.0,35.083377838134766
2014-06-05,36.459999084472656,35.970001220703125,36.13999938964844,36.25,3277800.0,35.33683395385742
2014-06-06,36.470001220703125,35.68000030517578,36.31999969482422,36.09000015258789,4794500.0,35.18086624145508
2014-06-09,36.25,35.77000045776367,36.02000045776367,35.83000183105469,3377700.0,34.92741394042969
2014-06-10,35.7599983215332,34.630001068115234,35.650001525878906,35.0099983215332,6530200.0,34.12806701660156
2014-06-11,35.09000015258789,34.63999938964844,34.720001220703125,34.959999084472656,4529500.0,34.079322814941406
2014-06-12,35.630001068115234,34.959999084472656,35.09000015258789,35.2599983215332,4208200.0,34.37176513671875
2014-06-13,35.189998626708984,34.560001373291016,35.189998626708984,34.66999816894531,6330600.0,33.796627044677734
2014-06-16,34.95000076293945,34.349998474121094,34.84000015258789,34.689998626708984,5314700.0,33.816123962402344
2014-06-17,34.95000076293945,34.4900016784668,34.619998931884766,34.779998779296875,4157700.0,33.903865814208984
2014-06-18,35.0,34.52000045776367,34.88999938964844,34.970001220703125,3891300.0,34.089073181152344
2014-06-19,35.08000183105469,34.61000061035156,34.959999084472656,34.959999084472656,3331700.0,34.079322814941406
2014-06-20,35.16999816894531,34.5,35.13999938964844,34.75,5021000.0,33.87461853027344
2014-06-23,35.45000076293945,34.43000030517578,34.75,35.060001373291016,5053500.0,34.17680740356445
2014-06-24,34.65999984741211,33.599998474121094,34.34000015258789,33.810001373291016,10688300.0,32.95829391479492
2014-06-25,34.369998931884766,33.75,33.88999938964844,34.29999923706055,7209300.0,33.43595886230469
2014-06-26,34.4900016784668,33.95000076293945,34.34000015258789,34.09000015258789,4978700.0,33.231239318847656
2014-06-27,34.380001068115234,33.939998626708984,33.9900016784668,34.20000076293945,3551700.0,33.338462829589844
2014-06-30,34.310001373291016,33.95000076293945,34.20000076293945,34.13999938964844,7208500.0,33.27997970581055
2014-07-01,34.380001068115234,33.900001525878906,34.150001525878906,34.34000015258789,5673900.0,33.47494888305664
2014-07-02,35.40999984741211,34.220001220703125,34.220001220703125,35.20000076293945,6762400.0,34.31327438354492
2014-07-03,35.279998779296875,34.630001068115234,35.22999954223633,34.93000030517578,3196100.0,34.05008316040039
2014-07-07,34.849998474121094,34.029998779296875,34.720001220703125,34.189998626708984,4415400.0,33.3287239074707
2014-07-08,34.720001220703125,33.90999984741211,34.02000045776367,34.61000061035156,5500600.0,33.738136291503906
2014-07-09,34.939998626708984,34.5,34.630001068115234,34.88999938964844,5063200.0,34.01110076904297
2014-07-10,34.939998626708984,34.40999984741211,34.41999816894531,34.72999954223633,4705800.0,33.8551139831543
2014-07-11,34.599998474121094,33.869998931884766,34.599998474121094,33.880001068115234,4333800.0,33.02653503417969
2014-07-14,34.52000045776367,33.939998626708984,34.099998474121094,34.4900016784668,5466800.0,33.62117385864258
2014-07-15,34.5099983215332,34.0,34.400001525878906,34.09000015258789,7240200.0,33.231239318847656
2014-07-16,34.720001220703125,34.20000076293945,34.2599983215332,34.68000030517578,3265100.0,33.80638122558594
2014-07-17,34.5,33.369998931884766,34.25,33.400001525878906,7893300.0,32.55862045288086
2014-07-18,33.68000030517578,33.11000061035156,33.5,33.400001525878906,4530400.0,32.55862045288086
2014-07-21,33.470001220703125,33.08000183105469,33.29999923706055,33.279998779296875,3183500.0,32.44164276123047
2014-07-22,33.45000076293945,32.779998779296875,33.400001525878906,33.0,7492700.0,32.168697357177734
2014-07-23,33.439998626708984,32.619998931884766,33.220001220703125,33.36000061035156,7168200.0,32.51963424682617
2014-07-24,34.810001373291016,33.0,34.45000076293945,33.06999969482422,7932700.0,32.23693084716797
2014-07-25,32.93000030517578,32.45000076293945,32.869998931884766,32.619998931884766,5559500.0,31.798269271850586
2014-07-28,32.97999954223633,32.27000045776367,32.38999938964844,32.880001068115234,6519300.0,32.05171585083008
2014-07-29,33.560001373291016,32.83000183105469,32.88999938964844,33.459999084472656,5792500.0,32.61711502075195
2014-07-30,33.72999954223633,32.880001068115234,33.560001373291016,33.16999816894531,4470900.0,32.334415435791016
2014-07-31,33.470001220703125,32.869998931884766,33.0,32.95000076293945,5191800.0,32.11996078491211
2014-08-01,33.13999938964844,32.52000045776367,32.86000061035156,32.75,4453800.0,31.944385528564453
2014-08-04,33.709999084472656,32.709999084472656,32.779998779296875,33.58000183105469,4442500.0,32.753963470458984
2014-08-05,34.779998779296875,33.709999084472656,34.16999816894531,33.81999969482422,8676500.0,32.988059997558594
2014-08-06,33.88999938964844,33.400001525878906,33.599998474121094,33.5099983215332,4065800.0,32.685691833496094
2014-08-07,33.77000045776367,33.099998474121094,33.70000076293945,33.310001373291016,3346000.0,32.49061965942383
2014-08-08,34.22999954223633,33.349998474121094,33.560001373291016,34.15999984741211,3846800.0,33.31969451904297
2014-08-11,34.5,34.02000045776367,34.380001068115234,34.09000015258789,3496900.0,33.25141906738281
2014-08-12,34.349998474121094,33.5099983215332,34.119998931884766,33.54999923706055,3131100.0,32.72470474243164
2014-08-13,33.720001220703125,32.93000030517578,33.560001373291016,33.029998779296875,3336500.0,32.21749496459961
2014-08-14,33.599998474121094,32.900001525878906,33.189998626708984,33.189998626708984,3550300.0,32.37356185913086
2014-08-15,33.63999938964844,32.619998931884766,33.209999084472656,33.02000045776367,4654600.0,32.207740783691406
2014-08-18,33.349998474121094,32.70000076293945,33.150001525878906,33.189998626708984,5538800.0,32.37356185913086
2014-08-19,33.459999084472656,32.93000030517578,33.34000015258789,32.9900016784668,5398400.0,32.17848587036133
2014-08-20,33.439998626708984,32.599998474121094,32.83000183105469,33.349998474121094,4348800.0,32.529624938964844
2014-08-21,33.65999984741211,32.97999954223633,33.369998931884766,33.5,3492800.0,32.675941467285156
2014-08-22,33.25,32.77000045776367,33.16999816894531,33.0,4107100.0,32.188232421875
2014-08-25,33.619998931884766,33.040000915527344,33.119998931884766,33.4900016784668,2801800.0,32.66618728637695
2014-08-26,33.84000015258789,33.27000045776367,33.66999816894531,33.279998779296875,2556900.0,32.46134948730469
2014-08-27,33.36000061035156,32.779998779296875,33.34000015258789,32.90999984741211,3934800.0,32.100440979003906
2014-08-28,33.400001525878906,32.81999969482422,32.880001068115234,33.369998931884766,2989300.0,32.54914093017578
2014-08-29,33.54999923706055,33.11000061035156,33.310001373291016,33.540000915527344,3706800.0,32.71495819091797
2014-09-02,33.90999984741211,33.04999923706055,33.90999984741211,33.349998474121094,4151400.0,32.529624938964844
2014-09-03,33.88999938964844,33.209999084472656,33.4900016784668,33.7599983215332,4376100.0,32.92954635620117
2014-09-04,34.15999984741211,33.630001068115234,33.84000015258789,33.810001373291016,7500000.0,32.978309631347656
2014-09-05,34.220001220703125,33.439998626708984,33.4900016784668,34.04999923706055,4818500.0,33.21240234375
2014-09-08,33.91999816894531,33.16999816894531,33.869998931884766,33.45000076293945,3852200.0,32.627166748046875
2014-09-09,34.08000183105469,33.5,33.61000061035156,33.75,3312200.0,32.91978073120117
2014-09-10,33.91999816894531,33.18000030517578,33.54999923706055,33.84000015258789,2900800.0,33.00757598876953
2014-09-11,33.52000045776367,33.08000183105469,33.459999084472656,33.45000076293945,4824800.0,32.627166748046875
2014-09-12,33.40999984741211,32.79999923706055,33.279998779296875,33.0099983215332,4232900.0,32.19799041748047
2014-09-15,33.45000076293945,32.810001373291016,32.959999084472656,33.220001220703125,3507800.0,32.40282440185547
2014-09-16,33.9900016784668,33.150001525878906,33.15999984741211,33.75,3231700.0,32.91978073120117
2014-09-17,34.13999938964844,33.66999816894531,33.900001525878906,33.7599983215332,3171500.0,32.92954635620117
2014-09-18,33.83000183105469,33.0,33.83000183105469,33.20000076293945,5851000.0,32.38331604003906
2014-09-19,33.45000076293945,32.90999984741211,33.310001373291016,32.970001220703125,4207700.0,32.15896987915039
2014-09-22,33.0,32.20000076293945,32.959999084472656,32.5099983215332,4470900.0,31.710285186767578
2014-09-23,32.58000183105469,31.579999923706055,32.4900016784668,31.59000015258789,8045600.0,30.812923431396484
2014-09-24,32.2400016784668,30.75,30.969999313354492,32.099998474121094,13538600.0,31.31037712097168
2014-09-25,32.04999923706055,31.290000915527344,31.950000762939453,31.43000030517578,8049600.0,30.656856536865234
2014-09-26,32.209999084472656,31.360000610351562,31.3700008392334,32.150001525878906,6595100.0,31.35914421081543
2014-09-29,33.02000045776367,31.829999923706055,31.969999313354492,33.0099983215332,8497700.0,32.19799041748047
2014-09-30,33.33000183105469,32.41999816894531,32.900001525878906,32.689998626708984,6874900.0,31.885860443115234
2014-10-01,32.97999954223633,31.780000686645508,32.63999938964844,31.809999465942383,6957900.0,31.02750587463379
2014-10-02,31.84000015258789,31.15999984741211,31.540000915527344,31.520000457763672,8422300.0,30.744644165039062
2014-10-03,31.530000686645508,30.989999771118164,31.520000457763672,31.280000686645508,5122600.0,30.51054573059082
2014-10-06,31.440000534057617,30.93000030517578,31.15999984741211,31.239999771118164,4397100.0,30.471527099609375
2014-10-07,31.68000030517578,30.889999389648438,31.1200008392334,31.1299991607666,5753900.0,30.364234924316406
2014-10-08,31.350000381469727,30.270000457763672,30.959999084472656,31.31999969482422,7275700.0,30.549560546875
2014-10-09,31.06999969482422,29.700000762939453,31.010000228881836,29.84000015258789,9324900.0,29.1059627532959
2014-10-10,30.15999984741211,29.059999465942383,29.81999969482422,29.34000015258789,8608500.0,28.618268966674805
2014-10-13,29.770000457763672,28.489999771118164,29.25,28.530000686645508,7004700.0,27.82819175720215
2014-10-14,29.3700008392334,28.149999618530273,28.75,28.479999542236328,9415200.0,27.7794246673584
2014-10-15,30.459999084472656,27.75,27.950000762939453,30.299999237060547,11243700.0,29.554649353027344
2014-10-16,31.3700008392334,29.610000610351562,29.670000076293945,31.18000030517578,10318400.0,30.413009643554688
2014-10-17,31.969999313354492,30.3799991607666,31.709999084472656,30.950000762939453,8662500.0,30.188669204711914
2014-10-20,31.469999313354492,30.6299991607666,30.829999923706055,30.81999969482422,5874100.0,30.06186294555664
2014-10-21,31.600000381469727,30.709999084472656,31.3799991607666,31.479999542236328,5896200.0,30.70562744140625
2014-10-22,31.799999237060547,30.440000534057617,31.639999389648438,30.489999771118164,6633200.0,29.739980697631836
2014-10-23,31.729999542236328,30.6200008392334,30.670000076293945,31.440000534057617,6190700.0,30.666616439819336
2014-10-24,32.790000915527344,30.049999237060547,32.02000045776367,31.229999542236328,8483200.0,30.461776733398438
2014-10-27,30.969999313354492,29.959999084472656,30.479999542236328,30.549999237060547,5075900.0,29.798507690429688
2014-10-28,31.770000457763672,30.3799991607666,30.729999542236328,31.6299991607666,4728000.0,30.8519344329834
2014-10-29,32.380001068115234,31.260000228881836,31.90999984741211,31.600000381469727,7421100.0,30.822673797607422
2014-10-30,31.450000762939453,30.209999084472656,31.40999984741211,30.389999389648438,8546700.0,29.64244270324707
2014-10-31,31.1200008392334,30.1299991607666,30.65999984741211,31.100000381469727,6340000.0,30.334976196289062
2014-11-03,31.75,30.670000076293945,31.440000534057617,30.809999465942383,4491400.0,30.052106857299805
2014-11-04,30.90999984741211,29.8700008392334,30.40999984741211,30.729999542236328,5129800.0,29.99354362487793
2014-11-05,31.950000762939453,30.979999542236328,31.170000076293945,31.729999542236328,5916900.0,30.969579696655273
2014-11-06,32.709999084472656,31.360000610351562,31.510000228881836,32.70000076293945,5200900.0,31.916330337524414
2014-11-07,33.79999923706055,32.79999923706055,32.81999969482422,33.619998931884766,8620500.0,32.814292907714844
2014-11-10,34.20000076293945,32.97999954223633,33.79999923706055,33.20000076293945,6531100.0,32.40434646606445
2014-11-11,33.72999954223633,32.86000061035156,32.86000061035156,33.59000015258789,3417000.0,32.78500747680664
2014-11-12,33.810001373291016,33.060001373291016,33.279998779296875,33.470001220703125,4091600.0,32.667884826660156
2014-11-13,33.25,32.2400016784668,32.970001220703125,32.70000076293945,6188000.0,31.916330337524414
2014-11-14,33.849998474121094,32.7599983215332,32.91999816894531,33.619998931884766,5194700.0,32.814292907714844
2014-11-17,34.11000061035156,33.41999816894531,33.58000183105469,33.529998779296875,5250700.0,32.7264404296875
2014-11-18,34.040000915527344,33.099998474121094,33.43000030517578,33.27000045776367,4193700.0,32.47267150878906
2014-11-19,34.5,33.45000076293945,33.66999816894531,34.040000915527344,5757200.0,33.224220275878906
2014-11-20,35.040000915527344,33.9900016784668,33.9900016784668,34.709999084472656,6128400.0,33.8781623840332
2014-11-21,35.2400016784668,34.2400016784668,35.22999954223633,34.439998626708984,6510500.0,33.61463165283203
2014-11-24,34.709999084472656,34.02000045776367,34.22999954223633,34.619998931884766,5535800.0,33.790321350097656
2014-11-25,34.849998474121094,33.88999938964844,34.599998474121094,34.20000076293945,6004900.0,33.38039016723633
2014-11-26,33.97999954223633,33.290000915527344,33.970001220703125,33.41999816894531,3879600.0,32.61908721923828
2014-11-28,34.0099983215332,31.969999313354492,32.130001068115234,33.040000915527344,6153200.0,32.24818801879883
2014-12-01,33.56999969482422,32.33000183105469,32.779998779296875,33.20000076293945,8718300.0,32.40434646606445
2014-12-02,33.310001373291016,31.309999465942383,32.900001525878906,31.420000076293945,11145300.0,30.667009353637695
2014-12-03,32.150001525878906,31.149999618530273,31.889999389648438,31.360000610351562,5999900.0,30.608449935913086
2014-12-04,31.68000030517578,30.799999237060547,31.06999969482422,31.100000381469727,6723500.0,30.354679107666016
2014-12-05,31.25,30.229999542236328,31.15999984741211,30.809999465942383,5959300.0,30.07162857055664
2014-12-08,30.610000610351562,29.8700008392334,30.260000228881836,30.149999618530273,7507800.0,29.42744255065918
2014-12-09,30.809999465942383,29.649999618530273,29.65999984741211,30.360000610351562,6254600.0,29.632417678833008
2014-12-10,29.8799991607666,29.209999084472656,29.850000381469727,29.510000228881836,7025000.0,28.802785873413086
2014-12-11,30.0,29.31999969482422,29.40999984741211,29.530000686645508,5684700.0,28.822303771972656
2014-12-12,30.459999084472656,29.040000915527344,29.049999237060547,30.09000015258789,7591500.0,29.368886947631836
2014-12-15,30.65999984741211,29.780000686645508,30.229999542236328,29.799999237060547,6575000.0,29.085832595825195
2014-12-16,31.420000076293945,29.309999465942383,29.360000610351562,30.219999313354492,7685900.0,29.495771408081055
2014-12-17,32.099998474121094,30.350000381469727,30.510000228881836,31.65999984741211,8595100.0,30.901256561279297
2014-12-18,33.08000183105469,31.209999084472656,32.83000183105469,32.439998626708984,8923900.0,31.662567138671875
2014-12-19,32.88999938964844,30.719999313354492,32.619998931884766,31.780000686645508,11810500.0,31.01838493347168
2014-12-22,31.329999923706055,30.100000381469727,30.8799991607666,30.530000686645508,7416100.0,29.79833984375
2014-12-23,31.1200008392334,30.25,30.739999771118164,30.600000381469727,7300600.0,29.86665916442871
2014-12-24,30.850000381469727,30.1200008392334,30.450000762939453,30.209999084472656,4158100.0,29.486005783081055
2014-12-26,30.739999771118164,29.809999465942383,30.469999313354492,29.8799991607666,4494800.0,29.16391372680664
2014-12-29,30.399999618530273,29.559999465942383,30.110000610351562,29.860000610351562,7004100.0,29.144399642944336
2014-12-30,30.020000457763672,29.18000030517578,29.690000534057617,29.770000457763672,4083200.0,29.056550979614258
2014-12-31,30.040000915527344,29.399999618530273,29.43000030517578,29.610000610351562,3881100.0,28.900388717651367
2015-01-02,30.3799991607666,29.40999984741211,29.469999313354492,30.100000381469727,4087500.0,29.378643035888672
2015-01-05,29.920000076293945,28.420000076293945,29.540000915527344,28.450000762939453,7466900.0,27.7681884765625
2015-01-06,28.719999313354492,27.520000457763672,28.31999969482422,28.049999237060547,8000600.0,27.377771377563477
2015-01-07,28.59000015258789,27.90999984741211,28.489999771118164,28.290000915527344,5403900.0,27.612024307250977
2015-01-08,28.899999618530273,27.8700008392334,28.280000686645508,28.860000610351562,6670100.0,28.16836166381836
2015-01-09,30.389999389648438,28.84000015258789,28.84000015258789,30.049999237060547,9175100.0,29.3298397064209
2015-01-12,29.84000015258789,29.190000534057617,29.530000686645508,29.360000610351562,6364900.0,28.656383514404297
2015-01-13,29.899999618530273,29.0,29.600000381469727,29.65999984741211,7748000.0,28.94919204711914
2015-01-14,29.93000030517578,28.84000015258789,29.559999465942383,29.510000228881836,8299800.0,28.802785873413086
2015-01-15,30.100000381469727,28.6299991607666,29.510000228881836,28.780000686645508,6729700.0,28.090274810791016
2015-01-16,29.09000015258789,28.25,28.850000381469727,29.040000915527344,8665200.0,28.344051361083984
2015-01-20,28.889999389648438,28.06999969482422,28.75,28.81999969482422,5661100.0,28.129316329956055
2015-01-21,29.34000015258789,28.75,29.139999389648438,29.020000457763672,6897900.0,28.324527740478516
2015-01-22,29.09000015258789,27.8700008392334,29.09000015258789,28.579999923706055,8969100.0,27.895071029663086
2015-01-23,29.239999771118164,28.450000762939453,28.760000228881836,28.479999542236328,5963400.0,27.797470092773438
2015-01-26,28.90999984741211,28.43000030517578,28.489999771118164,28.709999084472656,4529000.0,28.021953582763672
2015-01-27,28.979999542236328,28.34000015258789,28.559999465942383,28.479999542236328,5440800.0,27.797470092773438
2015-01-28,28.020000457763672,26.010000228881836,27.899999618530273,27.06999969482422,17691600.0,26.439830780029297
2015-01-29,27.299999237060547,26.31999969482422,27.209999084472656,26.579999923706055,8114100.0,25.961233139038086
2015-01-30,26.889999389648438,26.09000015258789,26.290000915527344,26.5,7169600.0,25.88309669494629
2015-02-02,27.3799991607666,26.549999237060547,26.860000610351562,27.360000610351562,5782100.0,26.72307586669922
2015-02-03,27.780000686645508,27.049999237060547,27.700000762939453,27.510000228881836,10653000.0,26.869583129882812
2015-02-04,27.110000610351562,26.459999084472656,27.100000381469727,26.6299991607666,10036000.0,26.01007080078125
2015-02-05,27.1299991607666,26.450000762939453,26.850000381469727,26.65999984741211,7082000.0,26.039371490478516
2015-02-06,27.280000686645508,26.700000762939453,26.8700008392334,26.829999923706055,6058700.0,26.205415725708008
2015-02-09,27.600000381469727,26.969999313354492,26.969999313354492,27.219999313354492,6232400.0,26.586334228515625
2015-02-10,28.469999313354492,26.809999465942383,27.260000228881836,28.15999984741211,11004300.0,27.504453659057617
2015-02-11,28.65999984741211,27.649999618530273,27.739999771118164,28.09000015258789,7236700.0,27.43608283996582
2015-02-12,28.700000762939453,27.790000915527344,28.559999465942383,27.920000076293945,6487900.0,27.270042419433594
2015-02-13,28.34000015258789,27.8700008392334,28.239999771118164,28.100000381469727,4111300.0,27.445852279663086
2015-02-17,28.190000534057617,27.719999313354492,27.920000076293945,28.079999923706055,3928800.0,27.426319122314453
2015-02-18,28.18000030517578,27.469999313354492,27.780000686645508,27.520000457763672,6297600.0,26.879352569580078
2015-02-19,27.850000381469727,26.799999237060547,26.81999969482422,27.709999084472656,6112500.0,27.064926147460938
2015-02-20,28.8799991607666,27.59000015258789,27.6299991607666,28.059999465942383,7023400.0,27.406782150268555
2015-02-23,28.149999618530273,27.31999969482422,27.639999389648438,27.579999923706055,6400800.0,26.93795394897461
2015-02-24,28.530000686645508,27.389999389648438,27.75,28.399999618530273,6617400.0,27.73886489868164
2015-02-25,30.010000228881836,28.399999618530273,28.40999984741211,29.90999984741211,8568300.0,29.21371078491211
2015-02-26,29.75,28.239999771118164,29.75,28.899999618530273,7464600.0,28.227224349975586
2015-02-27,29.309999465942383,28.610000610351562,29.020000457763672,29.0,7096600.0,28.32489776611328
2015-03-02,29.399999618530273,28.700000762939453,29.0,29.149999618530273,7599300.0,28.471406936645508
2015-03-03,29.559999465942383,28.860000610351562,29.15999984741211,29.190000534057617,5587100.0,28.510475158691406
2015-03-04,29.440000534057617,28.65999984741211,29.440000534057617,28.729999542236328,5799400.0,28.06118392944336
2015-03-05,28.739999771118164,27.809999465942383,28.520000457763672,28.520000457763672,5415400.0,27.8560733795166
2015-03-06,28.469999313354492,27.829999923706055,28.229999542236328,27.920000076293945,4120800.0,27.270042419433594
2015-03-09,27.90999984741211,27.299999237060547,27.84000015258789,27.530000686645508,9183200.0,26.889118194580078
2015-03-10,27.739999771118164,26.899999618530273,27.350000381469727,26.899999618530273,4992200.0,26.27378273010254
2015-03-11,28.049999237060547,26.829999923706055,26.950000762939453,27.920000076293945,4873500.0,27.270042419433594
2015-03-12,28.229999542236328,27.649999618530273,28.09000015258789,27.850000381469727,4956100.0,27.20166778564453
2015-03-13,28.170000076293945,27.209999084472656,27.600000381469727,28.1200008392334,5922300.0,27.465389251708984
2015-03-16,28.229999542236328,27.68000030517578,27.920000076293945,28.219999313354492,4774000.0,27.563058853149414
2015-03-17,28.8799991607666,27.950000762939453,28.8799991607666,28.06999969482422,6287400.0,27.416549682617188
2015-03-18,28.639999389648438,27.5,27.65999984741211,28.479999542236328,6857100.0,27.817001342773438
2015-03-19,28.510000228881836,27.920000076293945,28.049999237060547,28.31999969482422,5900900.0,27.660730361938477
2015-03-20,28.770000457763672,28.440000534057617,28.65999984741211,28.690000534057617,4910300.0,28.02211570739746
2015-03-23,28.729999542236328,28.299999237060547,28.649999618530273,28.5,4084100.0,27.83654022216797
2015-03-24,29.0,28.459999084472656,28.530000686645508,28.90999984741211,3760000.0,28.236995697021484
2015-03-25,29.5,28.59000015258789,29.1200008392334,29.299999237060547,5572700.0,28.617916107177734
2015-03-26,29.850000381469727,28.690000534057617,29.719999313354492,28.979999542236328,4315400.0,28.305362701416016
2015-03-27,29.06999969482422,28.579999923706055,28.81999969482422,28.65999984741211,4052300.0,27.992809295654297
2015-03-30,29.299999237060547,28.56999969482422,28.899999618530273,29.239999771118164,4418500.0,28.559310913085938
2015-03-31,29.829999923706055,28.770000457763672,28.969999313354492,29.530000686645508,4109000.0,28.842557907104492
2015-04-01,30.25,29.479999542236328,29.479999542236328,30.020000457763672,7321400.0,29.32115364074707
2015-04-02,30.809999465942383,29.799999237060547,29.829999923706055,30.760000228881836,5141200.0,30.04392433166504
2015-04-06,30.899999618530273,30.09000015258789,30.8700008392334,30.489999771118164,5339100.0,29.780208587646484
2015-04-07,31.030000686645508,30.510000228881836,30.610000610351562,30.790000915527344,4460500.0,30.07322883605957
2015-04-08,31.06999969482422,30.549999237060547,30.959999084472656,30.670000076293945,2706000.0,29.956018447875977
2015-04-09,31.690000534057617,30.6299991607666,30.829999923706055,31.579999923706055,5588500.0,30.844839096069336
2015-04-10,31.65999984741211,30.950000762939453,31.600000381469727,31.0,4452800.0,30.278339385986328
2015-04-13,31.309999465942383,30.690000534057617,31.270000457763672,30.75,3359800.0,30.034156799316406
2015-04-14,31.530000686645508,30.950000762939453,30.959999084472656,31.5,5725300.0,30.766698837280273
2015-04-15,32.810001373291016,31.459999084472656,31.65999984741211,32.779998779296875,8426400.0,32.01690673828125
2015-04-16,33.22999954223633,32.25,32.59000015258789,33.029998779296875,6457800.0,32.26108169555664
2015-04-17,33.150001525878906,32.56999969482422,32.7400016784668,32.869998931884766,6988300.0,32.10480499267578
2015-04-20,33.25,32.630001068115234,32.77000045776367,32.900001525878906,5288100.0,32.13410568237305
2015-04-21,33.029998779296875,32.560001373291016,32.900001525878906,32.7599983215332,4840200.0,31.997364044189453
2015-04-22,33.13999938964844,32.56999969482422,32.810001373291016,32.75,6011300.0,31.987606048583984
2015-04-23,33.54999923706055,32.7400016784668,32.869998931884766,32.97999954223633,5851200.0,32.21224594116211
2015-04-24,33.439998626708984,32.0,33.380001068115234,33.029998779296875,9207600.0,32.26108169555664
2015-04-27,33.380001068115234,32.65999984741211,32.939998626708984,32.720001220703125,4685100.0,31.95829963684082
2015-04-28,33.63999938964844,32.79999923706055,32.79999923706055,33.58000183105469,6613300.0,32.79827880859375
2015-04-29,34.060001373291016,33.220001220703125,33.290000915527344,33.66999816894531,6124700.0,32.88617706298828
2015-04-30,34.2400016784668,33.0,33.81999969482422,33.81999969482422,6667900.0,33.032691955566406
2015-05-01,34.06999969482422,33.4900016784668,33.790000915527344,33.93000030517578,5222700.0,33.14012908935547
2015-05-04,34.349998474121094,33.77000045776367,34.119998931884766,34.33000183105469,5079000.0,33.530818939208984
2015-05-05,34.529998779296875,33.79999923706055,34.52000045776367,33.959999084472656,6913700.0,33.18876647949219
2015-05-06,34.52000045776367,33.970001220703125,34.279998779296875,34.119998931884766,6134400.0,33.34512710571289
2015-05-07,34.380001068115234,33.900001525878906,34.029998779296875,34.25,5837700.0,33.47217559814453
2015-05-08,35.09000015258789,34.060001373291016,34.599998474121094,35.060001373291016,5940800.0,34.263790130615234
2015-05-11,35.06999969482422,34.63999938964844,35.060001373291016,34.970001220703125,6094500.0,34.17583084106445
2015-05-12,35.310001373291016,34.84000015258789,35.0099983215332,35.130001068115234,6230600.0,34.332191467285156
2015-05-13,35.279998779296875,34.9900016784668,35.220001220703125,35.119998931884766,6069200.0,34.322425842285156
2015-05-14,35.63999938964844,35.0099983215332,35.150001525878906,35.31999969482422,5214500.0,34.517887115478516
2015-05-15,35.599998474121094,34.90999984741211,35.18000030517578,35.400001525878906,5515100.0,34.5960693359375
2015-05-18,35.400001525878906,34.93000030517578,35.380001068115234,35.150001525878906,5848700.0,34.35174560546875
2015-05-19,35.290000915527344,34.75,35.0,35.0,6611200.0,34.20514678955078
2015-05-20,35.119998931884766,34.65999984741211,34.97999954223633,34.95000076293945,4407400.0,34.156280517578125
2015-05-21,35.290000915527344,34.900001525878906,35.11000061035156,34.9900016784668,5112400.0,34.195377349853516
2015-05-22,35.369998931884766,34.59000015258789,34.81999969482422,35.099998474121094,3180600.0,34.30287551879883
2015-05-26,34.9900016784668,34.40999984741211,34.72999954223633,34.70000076293945,4775400.0,33.91197204589844
2015-05-27,34.79999923706055,34.349998474121094,34.59000015258789,34.630001068115234,4951700.0,33.84355163574219
2015-05-28,34.56999969482422,33.650001525878906,34.56999969482422,33.849998474121094,4149000.0,33.08126449584961
2015-05-29,34.099998474121094,33.619998931884766,33.91999816894531,33.959999084472656,4768300.0,33.18876647949219
2015-06-01,34.2599983215332,33.849998474121094,33.90999984741211,34.13999938964844,5246800.0,33.36467742919922
2015-06-02,34.41999816894531,33.86000061035156,34.209999084472656,34.16999816894531,4297100.0,33.39399719238281
2015-06-03,34.33000183105469,33.90999984741211,34.08000183105469,34.13999938964844,5920000.0,33.36467742919922
2015-06-04,34.279998779296875,33.959999084472656,34.0,34.11000061035156,8913400.0,33.335357666015625
2015-06-05,34.369998931884766,33.79999923706055,33.849998474121094,33.849998474121094,7292200.0,33.08126449584961
2015-06-08,34.0099983215332,33.540000915527344,33.84000015258789,33.810001373291016,3276900.0,33.04217529296875
2015-06-09,34.560001373291016,33.880001068115234,34.4900016784668,33.88999938964844,4201300.0,33.12035369873047
2015-06-10,34.29999923706055,33.470001220703125,34.2599983215332,33.95000076293945,5109600.0,33.178993225097656
2015-06-11,34.20000076293945,33.81999969482422,34.04999923706055,33.970001220703125,3646700.0,33.19853973388672
2015-06-12,33.900001525878906,33.66999816894531,33.7599983215332,33.79999923706055,4498700.0,33.03239822387695
2015-06-15,34.06999969482422,33.54999923706055,33.650001525878906,33.900001525878906,2376400.0,33.130126953125
2015-06-16,34.15999984741211,33.7400016784668,33.880001068115234,34.09000015258789,2783200.0,33.31581497192383
2015-06-17,34.47999954223633,33.790000915527344,34.349998474121094,34.11000061035156,2992000.0,33.335357666015625
2015-06-18,34.470001220703125,33.459999084472656,34.220001220703125,33.58000183105469,6224100.0,32.81739807128906
2015-06-19,33.61000061035156,33.08000183105469,33.38999938964844,33.11000061035156,6293600.0,32.358070373535156
2015-06-22,33.36000061035156,32.849998474121094,33.2400016784668,33.209999084472656,4675800.0,32.4557991027832
2015-06-23,33.22999954223633,32.560001373291016,33.130001068115234,32.619998931884766,6428600.0,31.87919044494629
2015-06-24,33.029998779296875,32.25,32.599998474121094,32.31999969482422,4798700.0,31.58601188659668
2015-06-25,32.349998474121094,31.739999771118164,32.34000015258789,31.90999984741211,4731500.0,31.185319900512695
2015-06-26,32.11000061035156,31.75,31.799999237060547,31.979999542236328,4370800.0,31.25373077392578
2015-06-29,31.989999771118164,31.459999084472656,31.670000076293945,31.469999313354492,3323000.0,30.755313873291016
2015-06-30,31.760000228881836,31.270000457763672,31.639999389648438,31.540000915527344,5692700.0,30.82372283935547
2015-07-01,31.68000030517578,30.770000457763672,31.510000228881836,31.0,4527200.0,30.295991897583008
2015-07-02,31.40999984741211,30.979999542236328,31.239999771118164,31.030000686645508,2823300.0,30.325307846069336
2015-07-06,30.889999389648438,30.3700008392334,30.389999389648438,30.600000381469727,3970700.0,29.905073165893555
2015-07-07,30.610000610351562,30.0,30.3700008392334,30.510000228881836,3876900.0,29.81711769104004
2015-07-08,30.459999084472656,29.520000457763672,30.34000015258789,29.59000015258789,4177300.0,28.918012619018555
2015-07-09,30.110000610351562,29.579999923706055,30.079999923706055,29.579999923706055,3975000.0,28.908235549926758
2015-07-10,29.969999313354492,29.299999237060547,29.799999237060547,29.299999237060547,3721000.0,28.634597778320312
2015-07-13,29.799999237060547,29.170000076293945,29.489999771118164,29.729999542236328,3987400.0,29.05483055114746
2015-07-14,30.3799991607666,29.690000534057617,30.3799991607666,29.899999618530273,4199900.0,29.220970153808594
2015-07-15,29.940000534057617,29.270000457763672,29.700000762939453,29.40999984741211,4135100.0,28.742097854614258
2015-07-16,29.809999465942383,29.389999389648438,29.549999237060547,29.510000228881836,3262800.0,28.839826583862305
2015-07-17,29.649999618530273,28.979999542236328,29.43000030517578,29.010000228881836,4237500.0,28.351179122924805
2015-07-20,29.010000228881836,28.420000076293945,28.75,28.690000534057617,5173500.0,28.038450241088867
2015-07-21,29.139999389648438,28.329999923706055,28.899999618530273,28.440000534057617,6854300.0,27.79412841796875
2015-07-22,28.450000762939453,27.739999771118164,28.270000457763672,27.90999984741211,6632900.0,27.276159286499023
2015-07-23,28.1200008392334,26.68000030517578,27.8700008392334,27.600000381469727,10888600.0,26.973203659057617
2015-07-24,27.239999771118164,25.5,25.510000228881836,26.5,10313200.0,25.8981876373291
2015-07-27,27.229999542236328,25.760000228881836,25.889999389648438,26.440000534057617,11266900.0,25.83954620361328
2015-07-28,27.329999923706055,26.06999969482422,26.469999313354492,26.799999237060547,9116200.0,26.191370010375977
2015-07-29,27.229999542236328,26.219999313354492,26.56999969482422,26.399999618530273,8927000.0,25.800457000732422
2015-07-30,26.6200008392334,25.899999618530273,26.3700008392334,26.020000457763672,5292200.0,25.42908477783203
2015-07-31,26.600000381469727,25.790000915527344,25.8700008392334,26.15999984741211,6051200.0,25.565902709960938
2015-08-03,26.079999923706055,25.489999771118164,25.75,25.540000915527344,4836100.0,24.979082107543945
2015-08-04,26.010000228881836,25.3799991607666,25.940000534057617,25.5,3095800.0,24.939958572387695
2015-08-05,26.100000381469727,25.1299991607666,25.829999923706055,25.31999969482422,3672700.0,24.763916015625
2015-08-06,25.600000381469727,24.850000381469727,25.25,25.40999984741211,8149900.0,24.851940155029297
2015-08-07,25.709999084472656,24.81999969482422,25.229999542236328,24.899999618530273,4085100.0,24.35313606262207
2015-08-10,25.850000381469727,24.920000076293945,25.09000015258789,25.84000015258789,4996300.0,25.272491455078125
2015-08-11,26.110000610351562,25.1299991607666,25.15999984741211,26.06999969482422,5083900.0,25.497438430786133
2015-08-12,27.09000015258789,26.030000686645508,26.079999923706055,27.020000457763672,6010500.0,26.426578521728516
2015-08-13,27.1200008392334,26.530000686645508,26.719999313354492,26.969999313354492,8334900.0,26.37767791748047
2015-08-14,27.239999771118164,26.889999389648438,27.0,26.979999542236328,5628900.0,26.3874568939209
2015-08-17,27.170000076293945,26.600000381469727,26.809999465942383,26.780000686645508,5763400.0,26.191852569580078
2015-08-18,26.850000381469727,26.360000610351562,26.56999969482422,26.6200008392334,2780600.0,26.035364151000977
2015-08-19,26.579999923706055,25.690000534057617,26.450000762939453,25.81999969482422,3603000.0,25.252931594848633
2015-08-20,25.850000381469727,24.850000381469727,25.75,24.860000610351562,5496500.0,24.314014434814453
2015-08-21,25.049999237060547,24.31999969482422,24.809999465942383,24.389999389648438,4827900.0,23.854337692260742
2015-08-24,23.299999237060547,21.8700008392334,23.09000015258789,22.0,16069300.0,21.516828536987305
2015-08-25,23.110000610351562,21.270000457763672,22.950000762939453,21.299999237060547,11696200.0,20.832202911376953
2015-08-26,21.809999465942383,20.940000534057617,21.760000228881836,21.670000076293945,19090100.0,21.194076538085938
2015-08-27,23.100000381469727,21.290000915527344,22.170000076293945,23.079999923706055,12896900.0,22.573110580444336
2015-08-28,23.719999313354492,22.8799991607666,23.010000228881836,23.299999237060547,5872900.0,22.78828239440918
2015-08-31,24.149999618530273,22.770000457763672,23.0,23.670000076293945,5579500.0,23.1501522064209
2015-09-01,23.639999389648438,22.799999237060547,22.959999084472656,23.030000686645508,6012800.0,22.524211883544922
2015-09-02,23.559999465942383,22.510000228881836,23.34000015258789,23.31999969482422,3958900.0,22.807842254638672
2015-09-03,24.170000076293945,23.139999389648438,23.389999389648438,23.40999984741211,7408900.0,22.89586067199707
2015-09-04,23.329999923706055,22.739999771118164,23.100000381469727,22.780000686645508,5001000.0,22.27970314025879
2015-09-08,23.31999969482422,22.329999923706055,23.100000381469727,22.850000381469727,6323200.0,22.348161697387695
2015-09-09,23.420000076293945,22.440000534057617,23.0,22.5,5258500.0,22.00584602355957
2015-09-10,23.209999084472656,22.3700008392334,22.559999465942383,23.049999237060547,4829000.0,22.54376792907715
2015-09-11,23.329999923706055,22.5,22.579999923706055,23.149999618530273,4824800.0,22.641576766967773
2015-09-14,23.020000457763672,22.040000915527344,22.989999771118164,22.260000228881836,4553300.0,21.7711181640625
2015-09-15,22.860000610351562,22.280000686645508,22.34000015258789,22.770000457763672,2960500.0,22.269914627075195
2015-09-16,23.75,22.739999771118164,22.889999389648438,23.719999313354492,3954900.0,23.199052810668945
2015-09-17,24.270000457763672,23.56999969482422,23.670000076293945,23.700000762939453,6100900.0,23.179492950439453
2015-09-18,24.059999465942383,23.299999237060547,23.299999237060547,23.489999771118164,8535800.0,22.974103927612305
2015-09-21,24.200000762939453,23.549999237060547,23.729999542236328,23.90999984741211,4406100.0,23.384883880615234
2015-09-22,24.260000228881836,23.329999923706055,23.5,23.920000076293945,6325500.0,23.39466094970703
2015-09-23,24.079999923706055,23.549999237060547,24.0,23.579999923706055,5033500.0,23.062129974365234
2015-09-24,24.43000030517578,23.260000228881836,23.40999984741211,24.1200008392334,5076200.0,23.590269088745117
2015-09-25,24.469999313354492,23.75,24.329999923706055,23.81999969482422,5241700.0,23.296855926513672
2015-09-28,23.65999984741211,22.6299991607666,23.549999237060547,22.700000762939453,6153200.0,22.201459884643555
2015-09-29,22.850000381469727,21.309999465942383,22.780000686645508,21.540000915527344,13009200.0,21.06693458557129
2015-09-30,22.030000686645508,21.31999969482422,21.75,21.860000610351562,5615000.0,21.379905700683594
2015-10-01,22.399999618530273,21.200000762939453,22.139999389648438,21.219999313354492,6498600.0,20.753957748413086
2015-10-02,21.950000762939453,20.860000610351562,21.0,21.920000076293945,12370300.0,21.438587188720703
2015-10-05,23.020000457763672,22.059999465942383,22.18000030517578,22.899999618530273,8696100.0,22.397062301635742
2015-10-06,23.719999313354492,22.809999465942383,22.93000030517578,23.5,9585900.0,22.983884811401367
2015-10-07,24.149999618530273,22.770000457763672,23.959999084472656,23.25,6245700.0,22.739377975463867
2015-10-08,23.420000076293945,22.8700008392334,23.25,23.149999618530273,8545000.0,22.641576766967773
2015-10-09,23.530000686645508,22.989999771118164,23.239999771118164,23.239999771118164,6789700.0,22.729595184326172
2015-10-12,23.450000762939453,22.389999389648438,23.31999969482422,22.93000030517578,3629700.0,22.42640495300293
2015-10-13,23.149999618530273,22.260000228881836,22.729999542236328,22.350000381469727,6223100.0,21.859140396118164
2015-10-14,23.059999465942383,22.219999313354492,22.34000015258789,22.940000534057617,4051300.0,22.436185836791992
2015-10-15,23.809999465942383,22.889999389648438,22.969999313354492,23.719999313354492,4847300.0,23.199052810668945
2015-10-16,23.93000030517578,23.09000015258789,23.84000015258789,23.209999084472656,6281000.0,22.700254440307617
2015-10-19,23.479999542236328,22.799999237060547,23.0,23.110000610351562,4988800.0,22.602453231811523
2015-10-20,24.059999465942383,23.020000457763672,23.139999389648438,23.440000534057617,4461100.0,22.925203323364258
2015-10-21,23.389999389648438,22.329999923706055,23.299999237060547,22.34000015258789,4571600.0,21.849363327026367
2015-10-22,22.75,21.780000686645508,22.43000030517578,22.09000015258789,6676600.0,21.6048526763916
2015-10-23,21.709999084472656,20.0,21.049999237060547,21.100000381469727,11113700.0,20.636592864990234
2015-10-26,21.68000030517578,20.780000686645508,20.90999984741211,20.829999923706055,8264100.0,20.37252426147461
2015-10-27,21.420000076293945,20.40999984741211,20.469999313354492,21.139999389648438,9717400.0,20.67571449279785
2015-10-28,21.979999542236328,20.690000534057617,21.25,21.81999969482422,8273400.0,21.340784072875977
2015-10-29,22.239999771118164,21.459999084472656,21.84000015258789,21.530000686645508,5482300.0,21.057153701782227
2015-10-30,21.81999969482422,21.110000610351562,21.579999923706055,21.709999084472656,7645200.0,21.233196258544922
2015-11-02,22.43000030517578,21.420000076293945,21.530000686645508,22.290000915527344,4495600.0,21.8205623626709
2015-11-03,22.639999389648438,22.010000228881836,22.360000610351562,22.040000915527344,4435800.0,21.575830459594727
2015-11-04,23.040000915527344,21.899999618530273,22.18000030517578,22.420000076293945,6814600.0,21.947824478149414
2015-11-05,22.90999984741211,22.100000381469727,22.260000228881836,22.639999389648438,4827400.0,22.163188934326172
2015-11-06,22.979999542236328,22.1299991607666,22.34000015258789,22.299999237060547,4929400.0,21.830350875854492
2015-11-09,22.780000686645508,22.1299991607666,22.25,22.56999969482422,4243000.0,22.094663619995117
2015-11-10,22.90999984741211,22.209999084472656,22.440000534057617,22.639999389648438,4811300.0,22.163188934326172
2015-11-11,22.639999389648438,20.68000030517578,22.59000015258789,20.8799991607666,7111500.0,20.44025421142578
2015-11-12,20.860000610351562,20.270000457763672,20.489999771118164,20.329999923706055,4032000.0,19.901844024658203
2015-11-13,21.1299991607666,20.010000228881836,20.290000915527344,20.739999771118164,5226200.0,20.303207397460938
2015-11-16,22.59000015258789,20.68000030517578,20.770000457763672,22.559999465942383,6209300.0,22.08487319946289
2015-11-17,22.3700008392334,20.969999313354492,22.3700008392334,21.0,6638500.0,20.55773162841797
2015-11-18,21.3700008392334,20.489999771118164,21.1200008392334,20.8700008392334,4897500.0,20.43046760559082
2015-11-19,21.030000686645508,20.110000610351562,20.260000228881836,20.5,2813600.0,20.06826400756836
2015-11-20,20.530000686645508,19.860000610351562,20.40999984741211,19.8799991607666,3577400.0,19.461318969726562
2015-11-23,19.860000610351562,19.170000076293945,19.639999389648438,19.3799991607666,6439700.0,18.971847534179688
2015-11-24,19.6200008392334,18.90999984741211,19.510000228881836,19.200000762939453,9647000.0,18.795639038085938
2015-11-25,19.510000228881836,18.969999313354492,19.020000457763672,19.34000015258789,5516300.0,18.93269157409668
2015-11-27,19.31999969482422,18.959999084472656,19.110000610351562,19.079999923706055,2693800.0,18.67816734313965
2015-11-30,19.34000015258789,18.610000610351562,19.190000534057617,18.829999923706055,5618800.0,18.433433532714844
2015-12-01,18.959999084472656,18.309999465942383,18.780000686645508,18.600000381469727,5837500.0,18.208276748657227
2015-12-02,18.420000076293945,17.510000228881836,18.31999969482422,17.93000030517578,7453400.0,17.552387237548828
2015-12-03,18.110000610351562,16.959999084472656,18.06999969482422,17.1299991607666,8860300.0,16.76923370361328
2015-12-04,17.420000076293945,16.670000076293945,16.84000015258789,17.219999313354492,6483700.0,16.857337951660156
2015-12-07,17.030000686645508,16.200000762939453,16.540000915527344,16.799999237060547,10307700.0,16.446182250976562
2015-12-08,17.709999084472656,16.149999618530273,16.239999771118164,17.559999465942383,10015000.0,17.1901798248291
2015-12-09,18.049999237060547,17.049999237060547,17.59000015258789,17.3700008392334,10066500.0,17.004180908203125
2015-12-10,18.0,17.040000915527344,17.219999313354492,17.68000030517578,5141500.0,17.307653427124023
2015-12-11,17.329999923706055,16.059999465942383,17.239999771118164,16.100000381469727,7928500.0,15.760926246643066
2015-12-14,16.229999542236328,15.550000190734863,15.90999984741211,15.649999618530273,9521100.0,15.320404052734375
2015-12-15,15.9399995803833,14.9399995803833,15.859999656677246,15.029999732971191,13533300.0,14.713459968566895
2015-12-16,15.579999923706055,14.949999809265137,15.15999984741211,15.390000343322754,12689400.0,15.065879821777344
2015-12-17,15.479999542236328,15.100000381469727,15.430000305175781,15.350000381469727,10817000.0,15.02672290802002
2015-12-18,15.789999961853027,15.279999732971191,15.289999961853027,15.489999771118164,17859600.0,15.163773536682129
2015-12-21,16.360000610351562,15.479999542236328,15.699999809265137,16.239999771118164,14996100.0,15.89797592163086
2015-12-22,16.760000228881836,16.06999969482422,16.15999984741211,16.520000457763672,6454600.0,16.172082901000977
2015-12-23,17.920000076293945,16.989999771118164,17.010000228881836,17.639999389648438,9987100.0,17.268495559692383
2015-12-24,18.09000015258789,17.3799991607666,17.68000030517578,17.700000762939453,4288400.0,17.32723045349121
2015-12-28,17.649999618530273,17.059999465942383,17.399999618530273,17.239999771118164,8035500.0,16.876916885375977
2015-12-29,18.1200008392334,17.229999542236328,17.809999465942383,17.700000762939453,6643500.0,17.32723045349121
2015-12-30,17.700000762939453,16.969999313354492,17.200000762939453,17.010000228881836,5881000.0,16.651758193969727
2015-12-31,17.760000228881836,16.969999313354492,17.09000015258789,17.690000534057617,4892800.0,17.31744384765625
2016-01-04,17.940000534057617,17.309999465942383,17.670000076293945,17.59000015258789,8618100.0,17.219545364379883
2016-01-05,17.8700008392334,17.06999969482422,17.65999984741211,17.56999969482422,11622200.0,17.199968338012695
2016-01-06,17.030000686645508,15.890000343322754,17.020000457763672,16.020000457763672,10378100.0,15.682611465454102
2016-01-07,16.700000762939453,15.680000305175781,15.710000038146973,16.579999923706055,8536800.0,16.230819702148438
2016-01-08,17.34000015258789,16.540000915527344,16.780000686645508,17.200000762939453,9737100.0,16.837759017944336
2016-01-11,17.15999984741211,15.779999732971191,17.079999923706055,16.0,13468500.0,15.663034439086914
2016-01-12,16.329999923706055,14.880000114440918,16.31999969482422,15.479999542236328,10973900.0,15.153985023498535
2016-01-13,16.239999771118164,15.25,15.710000038146973,15.699999809265137,10984300.0,15.36935043334961
2016-01-14,16.450000762939453,15.649999618530273,15.850000381469727,16.309999465942383,9906800.0,15.966500282287598
2016-01-15,16.43000030517578,15.390000343322754,15.470000267028809,16.40999984741211,9172200.0,16.064395904541016
2016-01-19,16.770000457763672,16.149999618530273,16.530000686645508,16.43000030517578,11946100.0,16.08397674560547
2016-01-20,17.3700008392334,15.819999694824219,16.049999237060547,17.149999618530273,13646200.0,16.788808822631836
2016-01-21,18.959999084472656,16.8700008392334,16.950000762939453,18.649999618530273,14184300.0,18.25722312927246
2016-01-22,19.559999465942383,18.600000381469727,19.360000610351562,19.540000915527344,11941000.0,19.128482818603516
2016-01-25,19.780000686645508,18.3799991607666,18.940000534057617,18.399999618530273,12120500.0,18.012487411499023
2016-01-26,19.5,18.579999923706055,18.809999465942383,19.43000030517578,6170300.0,19.020793914794922
2016-01-27,20.450000762939453,19.010000228881836,19.270000457763672,19.520000457763672,8959100.0,19.128591537475586
2016-01-28,20.469999313354492,19.31999969482422,20.399999618530273,19.389999389648438,12925200.0,19.001195907592773
2016-01-29,20.799999237060547,19.600000381469727,19.68000030517578,20.75,9220300.0,20.333925247192383
2016-02-01,20.8700008392334,19.780000686645508,20.239999771118164,20.559999465942383,9388000.0,20.147737503051758
2016-02-02,21.0,19.790000915527344,20.170000076293945,20.389999389648438,15546800.0,19.981142044067383
2016-02-03,21.209999084472656,19.8799991607666,20.81999969482422,21.170000076293945,9322800.0,20.74550437927246
2016-02-04,21.479999542236328,20.200000762939453,21.06999969482422,20.899999618530273,10766200.0,20.48091697692871
2016-02-05,21.1200008392334,20.06999969482422,20.790000915527344,20.65999984741211,8257900.0,20.2457332611084
2016-02-08,22.25,20.010000228881836,20.309999465942383,20.920000076293945,13119600.0,20.50051498413086
2016-02-09,20.770000457763672,18.959999084472656,20.420000076293945,19.59000015258789,12655900.0,19.19718360900879
2016-02-10,20.0,18.860000610351562,19.489999771118164,19.75,8300400.0,19.35397720336914
2016-02-11,20.09000015258789,18.729999542236328,19.270000457763672,19.8700008392334,8201900.0,19.471572875976562
2016-02-12,20.459999084472656,19.06999969482422,20.209999084472656,19.75,7248400.0,19.35397720336914
2016-02-16,20.09000015258789,18.479999542236328,20.09000015258789,19.260000228881836,8950000.0,18.873802185058594
2016-02-17,20.540000915527344,19.030000686645508,19.40999984741211,20.489999771118164,6714800.0,20.07914161682129
2016-02-18,20.530000686645508,19.309999465942383,20.530000686645508,19.549999237060547,9190800.0,19.157987594604492
2016-02-19,20.479999542236328,18.729999542236328,19.350000381469727,19.90999984741211,11493800.0,19.510772705078125
2016-02-22,21.940000534057617,20.170000076293945,20.440000534057617,21.540000915527344,9209700.0,21.10808753967285
2016-02-23,20.399999618530273,19.15999984741211,20.329999923706055,19.260000228881836,76176600.0,18.873802185058594
2016-02-24,19.969999313354492,18.809999465942383,18.920000076293945,19.709999084472656,14559000.0,19.31477928161621
2016-02-25,20.059999465942383,19.020000457763672,19.709999084472656,19.40999984741211,12463500.0,19.020797729492188
2016-02-26,20.450000762939453,19.6200008392334,20.1299991607666,20.440000534057617,10950100.0,20.030139923095703
2016-02-29,20.43000030517578,19.010000228881836,20.350000381469727,20.1299991607666,13897400.0,19.726356506347656
2016-03-01,21.170000076293945,19.579999923706055,20.389999389648438,20.989999771118164,11277400.0,20.56911277770996
2016-03-02,22.059999465942383,20.799999237060547,20.860000610351562,22.049999237060547,9646400.0,21.60785675048828
2016-03-03,22.549999237060547,21.68000030517578,21.889999389648438,22.170000076293945,10147000.0,21.725452423095703
2016-03-04,22.700000762939453,21.1299991607666,22.520000457763672,21.469999313354492,10682000.0,21.039485931396484
2016-03-07,22.489999771118164,21.010000228881836,21.440000534057617,22.389999389648438,12308700.0,21.9410400390625
2016-03-08,22.059999465942383,21.260000228881836,22.020000457763672,21.3700008392334,8914100.0,20.941492080688477
2016-03-09,21.979999542236328,19.770000457763672,21.860000610351562,21.25,22277900.0,20.82390022277832
2016-03-10,22.15999984741211,20.450000762939453,20.68000030517578,21.90999984741211,12185600.0,21.470666885375977
2016-03-11,22.5,21.639999389648438,22.40999984741211,21.959999084472656,5833000.0,21.519662857055664
2016-03-14,22.209999084472656,21.469999313354492,21.56999969482422,22.100000381469727,5385600.0,21.6568546295166
2016-03-15,22.600000381469727,21.649999618530273,21.8700008392334,22.579999923706055,5829600.0,22.127227783203125
2016-03-16,23.020000457763672,22.270000457763672,22.600000381469727,22.940000534057617,6480800.0,22.48001480102539
2016-03-17,23.309999465942383,22.420000076293945,23.25,22.760000228881836,6494800.0,22.303621292114258
2016-03-18,22.920000076293945,22.079999923706055,22.889999389648438,22.770000457763672,9133400.0,22.31342124938965
2016-03-21,22.690000534057617,21.639999389648438,22.639999389648438,21.790000915527344,7292600.0,21.353071212768555
2016-03-22,22.079999923706055,21.420000076293945,21.799999237060547,21.770000457763672,5288200.0,21.333478927612305
2016-03-23,22.0,21.389999389648438,21.6299991607666,21.469999313354492,5256500.0,21.039485931396484
2016-03-24,22.139999389648438,20.93000030517578,21.020000457763672,21.969999313354492,5672800.0,21.529462814331055
2016-03-28,22.170000076293945,21.40999984741211,22.0,22.059999465942383,5571600.0,21.617656707763672
2016-03-29,22.719999313354492,21.610000610351562,21.670000076293945,22.639999389648438,4768600.0,22.186025619506836
2016-03-30,22.899999618530273,22.329999923706055,22.8799991607666,22.709999084472656,4798500.0,22.254623413085938
2016-03-31,22.889999389648438,22.510000228881836,22.739999771118164,22.709999084472656,6860100.0,22.254623413085938
2016-04-01,22.709999084472656,22.200000762939453,22.260000228881836,22.510000228881836,5176800.0,22.058635711669922
2016-04-04,23.34000015258789,22.5,22.610000610351562,22.700000762939453,6589400.0,22.244827270507812
2016-04-05,22.6200008392334,22.100000381469727,22.420000076293945,22.31999969482422,7657900.0,21.872440338134766
2016-04-06,22.690000534057617,21.969999313354492,22.350000381469727,22.350000381469727,6151700.0,21.90184211730957
2016-04-07,23.290000915527344,22.229999542236328,22.299999237060547,23.270000457763672,5166700.0,22.803394317626953
2016-04-08,23.799999237060547,22.969999313354492,23.709999084472656,23.479999542236328,5596400.0,23.009185791015625
2016-04-11,23.829999923706055,22.760000228881836,23.489999771118164,22.90999984741211,5525000.0,22.45061492919922
2016-04-12,23.989999771118164,22.979999542236328,23.1299991607666,23.790000915527344,6131600.0,23.312973022460938
2016-04-13,23.780000686645508,22.860000610351562,23.780000686645508,23.200000762939453,6176300.0,22.734800338745117
2016-04-14,23.290000915527344,22.520000457763672,23.139999389648438,22.809999465942383,6291200.0,22.352619171142578
2016-04-15,23.229999542236328,22.329999923706055,22.600000381469727,23.030000686645508,6105200.0,22.568208694458008
2016-04-18,23.65999984741211,22.200000762939453,22.389999389648438,23.40999984741211,4496800.0,22.94058609008789
2016-04-19,23.940000534057617,23.25,23.700000762939453,23.479999542236328,4796800.0,23.009185791015625
2016-04-20,23.770000457763672,23.309999465942383,23.399999618530273,23.520000457763672,4432000.0,23.048383712768555
2016-04-21,23.6299991607666,22.709999084472656,23.459999084472656,22.829999923706055,5989700.0,22.372217178344727
2016-04-22,23.6299991607666,22.93000030517578,23.0,23.260000228881836,5510800.0,22.793598175048828
2016-04-25,23.190000534057617,21.940000534057617,22.8799991607666,22.290000915527344,12323900.0,21.843046188354492
2016-04-26,22.850000381469727,21.899999618530273,22.40999984741211,22.809999465942383,7699700.0,22.352619171142578
2016-04-27,24.170000076293945,22.649999618530273,23.079999923706055,24.06999969482422,9105000.0,23.58735466003418
2016-04-28,24.100000381469727,23.450000762939453,23.790000915527344,23.579999923706055,8760600.0,23.107179641723633
2016-04-29,24.0,22.780000686645508,23.709999084472656,23.399999618530273,8403200.0,22.930788040161133
2016-05-02,24.6200008392334,23.280000686645508,23.329999923706055,24.239999771118164,7860700.0,23.753944396972656
2016-05-03,24.399999618530273,23.75,24.030000686645508,23.8799991607666,6052800.0,23.40115737915039
2016-05-04,24.530000686645508,23.559999465942383,24.290000915527344,23.84000015258789,6109600.0,23.36196517944336
2016-05-05,24.739999771118164,23.850000381469727,24.3700008392334,24.190000534057617,5736800.0,23.704944610595703
2016-05-06,24.450000762939453,23.75,23.790000915527344,23.809999465942383,5618600.0,23.33256721496582
2016-05-09,24.18000030517578,23.329999923706055,23.649999618530273,24.010000228881836,4809400.0,23.52855682373047
2016-05-10,24.639999389648438,24.049999237060547,24.139999389648438,24.6200008392334,4788000.0,24.126327514648438
2016-05-11,24.700000762939453,24.170000076293945,24.3700008392334,24.489999771118164,3658300.0,23.998933792114258
2016-05-12,25.040000915527344,24.239999771118164,24.799999237060547,24.399999618530273,3069800.0,23.930282592773438
2016-05-13,24.670000076293945,23.770000457763672,24.190000534057617,23.809999465942383,3843500.0,23.35163688659668
2016-05-16,24.200000762939453,23.510000228881836,24.110000610351562,23.770000457763672,4983800.0,23.312408447265625
2016-05-17,24.110000610351562,23.610000610351562,23.90999984741211,23.8700008392334,4361300.0,23.410486221313477
2016-05-18,23.920000076293945,23.09000015258789,23.780000686645508,23.170000076293945,6748900.0,22.72395896911621
2016-05-19,23.299999237060547,22.700000762939453,22.809999465942383,23.190000534057617,6565600.0,22.743574142456055
2016-05-20,23.420000076293945,22.84000015258789,23.3799991607666,23.170000076293945,3297900.0,22.72395896911621
2016-05-23,23.579999923706055,22.889999389648438,22.889999389648438,23.34000015258789,3302500.0,22.89068603515625
2016-05-24,23.5,22.950000762939453,23.43000030517578,23.299999237060547,2817500.0,22.851457595825195
2016-05-25,24.100000381469727,23.5,23.56999969482422,23.989999771118164,3625200.0,23.528173446655273
2016-05-26,24.239999771118164,23.639999389648438,24.229999542236328,23.690000534057617,3257800.0,23.23394775390625
2016-05-27,24.15999984741211,23.479999542236328,23.690000534057617,23.610000610351562,4367700.0,23.155487060546875
2016-05-31,24.190000534057617,23.709999084472656,24.020000457763672,23.969999313354492,6510800.0,23.508554458618164
2016-06-01,24.729999542236328,23.81999969482422,23.969999313354492,24.670000076293945,5308800.0,24.195083618164062
2016-06-02,24.790000915527344,24.1200008392334,24.360000610351562,24.739999771118164,3578400.0,24.263734817504883
2016-06-03,24.850000381469727,23.969999313354492,24.790000915527344,24.229999542236328,5332000.0,23.763551712036133
2016-06-06,24.719999313354492,24.290000915527344,24.649999618530273,24.510000228881836,4479800.0,24.038164138793945
2016-06-07,25.81999969482422,24.469999313354492,24.610000610351562,25.43000030517578,5806500.0,24.940448760986328
2016-06-08,25.860000610351562,24.989999771118164,25.700000762939453,25.030000686645508,4667800.0,24.54815101623535
2016-06-09,26.079999923706055,24.780000686645508,24.850000381469727,25.899999618530273,5877900.0,25.401403427124023
2016-06-10,25.850000381469727,24.950000762939453,25.559999465942383,25.049999237060547,4325700.0,24.567766189575195
2016-06-13,25.149999618530273,24.81999969482422,24.920000076293945,25.09000015258789,4192000.0,24.606996536254883
2016-06-14,25.290000915527344,24.350000381469727,25.020000457763672,24.649999618530273,3821300.0,24.175466537475586
2016-06-15,25.0,24.450000762939453,24.6299991607666,24.540000915527344,4644900.0,24.067584991455078
2016-06-16,24.610000610351562,24.200000762939453,24.260000228881836,24.399999618530273,3991600.0,23.930282592773438
2016-06-17,24.860000610351562,24.459999084472656,24.65999984741211,24.65999984741211,6384400.0,24.18527603149414
2016-06-20,25.510000228881836,24.760000228881836,25.040000915527344,25.1299991607666,3854800.0,24.646224975585938
2016-06-21,25.59000015258789,24.979999542236328,24.979999542236328,25.469999313354492,2785000.0,24.979679107666016
2016-06-22,25.520000457763672,24.899999618530273,25.520000457763672,25.229999542236328,3254700.0,24.74430274963379
2016-06-23,25.5,25.09000015258789,25.389999389648438,25.25,2472300.0,24.763917922973633
2016-06-24,25.020000457763672,24.5,24.530000686645508,24.739999771118164,6339600.0,24.263734817504883
2016-06-27,25.100000381469727,23.790000915527344,24.530000686645508,24.059999465942383,4694900.0,23.596824645996094
2016-06-28,26.049999237060547,24.420000076293945,24.559999465942383,25.989999771118164,5681900.0,25.489669799804688
2016-06-29,26.440000534057617,25.3700008392334,26.280000686645508,25.389999389648438,5448100.0,24.901222229003906
2016-06-30,26.0,25.110000610351562,25.329999923706055,25.739999771118164,5241400.0,25.24448013305664
2016-07-01,26.09000015258789,25.6200008392334,25.809999465942383,25.829999923706055,5015500.0,25.332752227783203
2016-07-05,25.520000457763672,24.610000610351562,25.260000228881836,25.3700008392334,4296400.0,24.88160514831543
2016-07-06,25.8700008392334,25.1299991607666,25.280000686645508,25.84000015258789,3299900.0,25.34255599975586
2016-07-07,26.209999084472656,24.959999084472656,26.15999984741211,25.420000076293945,4868600.0,24.93064308166504
2016-07-08,25.899999618530273,25.06999969482422,25.850000381469727,25.440000534057617,4312700.0,24.950260162353516
2016-07-11,25.770000457763672,25.399999618530273,25.5,25.600000381469727,3111400.0,25.107175827026367
2016-07-12,26.530000686645508,25.8799991607666,26.0,25.90999984741211,4477700.0,25.411209106445312
2016-07-13,26.079999923706055,25.15999984741211,25.959999084472656,25.700000762939453,3990200.0,25.20525360107422
2016-07-14,26.139999389648438,25.209999084472656,26.139999389648438,25.209999084472656,2515900.0,24.724689483642578
2016-07-15,25.479999542236328,24.959999084472656,25.450000762939453,25.059999465942383,2783200.0,24.577571868896484
2016-07-18,25.530000686645508,24.90999984741211,25.079999923706055,25.350000381469727,2988100.0,24.86199188232422
2016-07-19,25.459999084472656,24.700000762939453,25.3700008392334,24.940000534057617,2543100.0,24.45988655090332
2016-07-20,24.90999984741211,24.200000762939453,24.690000534057617,24.5,4250500.0,24.02835464477539
2016-07-21,25.139999389648438,24.170000076293945,24.5,24.209999084472656,6193400.0,23.74393653869629
2016-07-22,24.690000534057617,23.940000534057617,24.40999984741211,24.3799991607666,6299700.0,23.910663604736328
2016-07-25,24.360000610351562,23.5,24.200000762939453,23.56999969482422,7709400.0,23.116256713867188
2016-07-26,23.8799991607666,23.280000686645508,23.40999984741211,23.559999465942383,5739400.0,23.1064510345459
2016-07-27,24.010000228881836,23.329999923706055,23.770000457763672,23.6200008392334,5421200.0,23.16529655456543
2016-07-28,24.139999389648438,23.309999465942383,23.600000381469727,23.850000381469727,7661000.0,23.390867233276367
2016-07-29,25.350000381469727,23.260000228881836,23.559999465942383,24.670000076293945,9824800.0,24.195083618164062
2016-08-01,24.700000762939453,23.6200008392334,24.579999923706055,23.729999542236328,7873800.0,23.27318000793457
2016-08-02,24.149999618530273,23.530000686645508,23.770000457763672,24.0,5258600.0,23.537982940673828
2016-08-03,24.5,23.709999084472656,24.049999237060547,24.420000076293945,6285300.0,23.949893951416016
2016-08-04,24.68000030517578,24.260000228881836,24.3700008392334,24.420000076293945,5694800.0,23.949893951416016
2016-08-05,24.690000534057617,24.280000686645508,24.459999084472656,24.559999465942383,3785700.0,24.08719825744629
2016-08-08,25.59000015258789,24.709999084472656,24.739999771118164,25.0,5038700.0,24.538711547851562
2016-08-09,25.09000015258789,24.139999389648438,25.049999237060547,24.190000534057617,5897900.0,23.743654251098633
2016-08-10,24.6200008392334,23.920000076293945,24.329999923706055,24.010000228881836,5685400.0,23.566978454589844
2016-08-11,24.68000030517578,24.059999465942383,24.280000686645508,24.559999465942383,5262100.0,24.106828689575195
2016-08-12,25.149999618530273,24.459999084472656,24.719999313354492,25.079999923706055,3882000.0,24.61723518371582
2016-08-15,25.600000381469727,25.18000030517578,25.200000762939453,25.40999984741211,3861700.0,24.94114875793457
2016-08-16,25.389999389648438,24.84000015258789,25.329999923706055,25.079999923706055,4095600.0,24.61723518371582
2016-08-17,25.389999389648438,24.790000915527344,25.100000381469727,25.010000228881836,3152200.0,24.54853057861328
2016-08-18,26.31999969482422,25.059999465942383,25.1200008392334,26.059999465942383,7229700.0,25.579153060913086
2016-08-19,26.219999313354492,25.6299991607666,25.950000762939453,25.959999084472656,5255100.0,25.480998992919922
2016-08-22,26.010000228881836,25.65999984741211,25.709999084472656,25.739999771118164,3785800.0,25.26505470275879
2016-08-23,26.139999389648438,25.770000457763672,25.829999923706055,26.010000228881836,2881200.0,25.530075073242188
2016-08-24,26.010000228881836,25.540000915527344,25.940000534057617,25.610000610351562,3303500.0,25.137454986572266
2016-08-25,25.68000030517578,25.31999969482422,25.6200008392334,25.399999618530273,4476700.0,24.931331634521484
2016-08-26,25.850000381469727,25.09000015258789,25.510000228881836,25.229999542236328,5259700.0,24.764469146728516
2016-08-29,25.34000015258789,25.040000915527344,25.309999465942383,25.15999984741211,5395000.0,24.695756912231445
2016-08-30,25.40999984741211,24.760000228881836,25.31999969482422,24.84000015258789,7326500.0,24.38166618347168
2016-08-31,24.8700008392334,24.399999618530273,24.700000762939453,24.6299991607666,7187500.0,24.175535202026367
2016-09-01,24.799999237060547,24.209999084472656,24.440000534057617,24.459999084472656,5155700.0,24.00867462158203
2016-09-02,24.770000457763672,24.3700008392334,24.690000534057617,24.40999984741211,4385500.0,23.959598541259766
2016-09-06,24.780000686645508,24.31999969482422,24.389999389648438,24.770000457763672,5509000.0,24.312957763671875
2016-09-07,25.479999542236328,24.799999237060547,24.799999237060547,25.25,6854200.0,24.784099578857422
2016-09-08,26.559999465942383,25.5,25.5,26.5,8833200.0,26.011035919189453
2016-09-09,26.739999771118164,26.030000686645508,26.219999313354492,26.059999465942383,5718300.0,25.579153060913086
2016-09-12,26.479999542236328,25.84000015258789,25.920000076293945,26.299999237060547,4075900.0,25.814722061157227
2016-09-13,26.040000915527344,25.0,26.020000457763672,25.209999084472656,6149100.0,24.74483871459961
2016-09-14,25.760000228881836,24.989999771118164,25.110000610351562,25.09000015258789,5446400.0,24.627050399780273
2016-09-15,25.270000457763672,24.780000686645508,25.149999618530273,25.040000915527344,5422800.0,24.577974319458008
2016-09-16,24.739999771118164,24.020000457763672,24.709999084472656,24.299999237060547,7010200.0,23.85163116455078
2016-09-19,24.670000076293945,24.190000534057617,24.520000457763672,24.350000381469727,3474000.0,23.900707244873047
2016-09-20,24.8799991607666,24.350000381469727,24.5,24.520000457763672,5479800.0,24.067567825317383
2016-09-21,25.270000457763672,24.600000381469727,24.790000915527344,25.239999771118164,6099400.0,24.77428436279297
2016-09-22,25.790000915527344,25.399999618530273,25.549999237060547,25.56999969482422,5491200.0,25.09819221496582
2016-09-23,25.959999084472656,24.989999771118164,25.719999313354492,25.510000228881836,5362700.0,25.0393009185791
2016-09-26,25.690000534057617,25.100000381469727,25.540000915527344,25.1200008392334,3862600.0,24.656496047973633
2016-09-27,24.81999969482422,24.219999313354492,24.81999969482422,24.34000015258789,6158800.0,23.890892028808594
2016-09-28,25.600000381469727,24.399999618530273,24.59000015258789,25.489999771118164,8310100.0,25.019670486450195
2016-09-29,25.799999237060547,24.969999313354492,25.420000076293945,25.469999313354492,8725600.0,25.000036239624023
2016-09-30,25.90999984741211,25.440000534057617,25.579999923706055,25.799999237060547,4747200.0,25.32394790649414
2016-10-03,25.889999389648438,25.450000762939453,25.889999389648438,25.709999084472656,3604600.0,25.235610961914062
2016-10-04,25.6299991607666,25.079999923706055,25.600000381469727,25.209999084472656,5671400.0,24.74483871459961
2016-10-05,25.850000381469727,25.34000015258789,25.540000915527344,25.690000534057617,5973800.0,25.215980529785156
2016-10-06,25.93000030517578,25.40999984741211,25.75,25.520000457763672,4173000.0,25.049118041992188
2016-10-07,25.670000076293945,24.459999084472656,25.549999237060547,24.770000457763672,12567500.0,24.312957763671875
2016-10-10,25.56999969482422,23.8700008392334,25.56999969482422,24.15999984741211,11840600.0,23.71421241760254
2016-10-11,24.1200008392334,23.540000915527344,24.030000686645508,23.639999389648438,6605200.0,23.20380401611328
2016-10-12,23.920000076293945,23.25,23.549999237060547,23.860000610351562,4251100.0,23.419750213623047
2016-10-13,24.170000076293945,22.190000534057617,23.709999084472656,22.75,26264900.0,22.33022689819336
2016-10-14,23.3700008392334,22.399999618530273,23.040000915527344,22.549999237060547,11193100.0,22.1339168548584
2016-10-17,22.420000076293945,21.450000762939453,22.329999923706055,21.93000030517578,8678400.0,21.525358200073242
2016-10-18,22.260000228881836,21.65999984741211,22.15999984741211,22.110000610351562,7968000.0,21.702035903930664
2016-10-19,22.25,21.559999465942383,22.219999313354492,21.579999923706055,8212300.0,21.18181610107422
2016-10-20,22.139999389648438,21.0,21.09000015258789,22.059999465942383,10226700.0,21.652957916259766
2016-10-21,22.059999465942383,21.299999237060547,21.889999389648438,21.3700008392334,7865000.0,20.975688934326172
2016-10-24,21.420000076293945,20.84000015258789,21.25,21.110000610351562,4883400.0,20.720487594604492
2016-10-25,21.270000457763672,20.549999237060547,20.940000534057617,20.6299991607666,5081700.0,20.249345779418945
2016-10-26,21.040000915527344,20.18000030517578,20.3700008392334,20.93000030517578,9518200.0,20.543806076049805
2016-10-27,21.68000030517578,20.860000610351562,20.920000076293945,21.649999618530273,12384600.0,21.25052261352539
2016-10-28,21.959999084472656,20.25,20.700000762939453,20.520000457763672,13362100.0,20.141376495361328
2016-10-31,20.969999313354492,20.31999969482422,20.459999084472656,20.8799991607666,7782600.0,20.494728088378906
2016-11-01,21.059999465942383,20.399999618530273,20.989999771118164,20.540000915527344,9265400.0,20.18033790588379
2016-11-02,20.530000686645508,20.030000686645508,20.270000457763672,20.260000228881836,6181200.0,19.90523910522461
2016-11-03,20.510000228881836,20.059999465942383,20.299999237060547,20.139999389648438,3924000.0,19.78734016418457
2016-11-04,20.479999542236328,20.020000457763672,20.139999389648438,20.049999237060547,4999000.0,19.698917388916016
2016-11-07,20.56999969482422,20.100000381469727,20.450000762939453,20.56999969482422,4637400.0,20.20981216430664
2016-11-08,20.739999771118164,20.270000457763672,20.329999923706055,20.40999984741211,5069700.0,20.072126388549805
2016-11-09,22.309999465942383,20.309999465942383,20.309999465942383,21.959999084472656,13738600.0,21.596466064453125
2016-11-10,22.110000610351562,21.399999618530273,21.690000534057617,21.5,7283400.0,21.144084930419922
2016-11-11,21.579999923706055,21.059999465942383,21.31999969482422,21.329999923706055,5827200.0,20.976898193359375
2016-11-14,21.889999389648438,21.290000915527344,21.309999465942383,21.889999389648438,6318500.0,21.52762794494629
2016-11-15,22.8700008392334,22.06999969482422,22.15999984741211,22.280000686645508,5017700.0,21.911170959472656
2016-11-16,22.25,21.59000015258789,22.25,21.68000030517578,5451000.0,21.321104049682617
2016-11-17,22.020000457763672,21.219999313354492,21.8799991607666,21.6299991607666,5837500.0,21.271928787231445
2016-11-18,22.149999618530273,21.56999969482422,21.780000686645508,21.950000762939453,4531800.0,21.586637496948242
2016-11-21,23.110000610351562,22.280000686645508,22.360000610351562,23.100000381469727,5198200.0,22.717594146728516
2016-11-22,23.399999618530273,22.450000762939453,23.139999389648438,22.649999618530273,4449700.0,22.27504539489746
2016-11-23,23.399999618530273,22.3700008392334,22.3700008392334,23.299999237060547,5644800.0,22.914287567138672
2016-11-25,23.31999969482422,22.790000915527344,23.040000915527344,22.860000610351562,2136300.0,22.481569290161133
2016-11-28,23.43000030517578,22.690000534057617,23.18000030517578,22.75,5756600.0,22.373388290405273
2016-11-29,23.290000915527344,22.06999969482422,22.299999237060547,23.059999465942383,3983900.0,22.67825698852539
2016-11-30,24.489999771118164,21.860000610351562,24.440000534057617,22.1200008392334,12234500.0,21.753820419311523
2016-12-01,23.200000762939453,22.510000228881836,23.059999465942383,22.829999923706055,7580000.0,22.452062606811523
2016-12-02,22.979999542236328,22.549999237060547,22.719999313354492,22.65999984741211,3582700.0,22.28487777709961
2016-12-05,23.829999923706055,23.09000015258789,23.200000762939453,23.6299991607666,7869300.0,23.238821029663086
2016-12-06,23.8700008392334,23.299999237060547,23.8700008392334,23.56999969482422,7989000.0,23.179813385009766
2016-12-07,24.040000915527344,23.479999542236328,23.739999771118164,23.729999542236328,9828200.0,23.33716583251953
2016-12-08,24.459999084472656,23.75,23.829999923706055,24.459999084472656,11717600.0,24.055078506469727
2016-12-09,24.75,23.65999984741211,24.639999389648438,23.90999984741211,8198800.0,23.51418685913086
2016-12-12,24.170000076293945,23.020000457763672,24.170000076293945,23.25,6841500.0,22.865116119384766
2016-12-13,23.600000381469727,23.059999465942383,23.479999542236328,23.440000534057617,5106800.0,23.051965713500977
2016-12-14,23.510000228881836,22.760000228881836,23.309999465942383,22.799999237060547,5384100.0,22.422561645507812
2016-12-15,23.309999465942383,22.309999465942383,22.520000457763672,22.639999389648438,4680400.0,22.265209197998047
2016-12-16,22.670000076293945,21.530000686645508,22.649999618530273,21.790000915527344,11731000.0,21.429283142089844
2016-12-19,22.079999923706055,21.729999542236328,21.850000381469727,21.84000015258789,4211300.0,21.47845458984375
2016-12-20,22.110000610351562,21.389999389648438,21.940000534057617,21.81999969482422,5236200.0,21.458786010742188
2016-12-21,22.75,22.020000457763672,22.190000534057617,22.440000534057617,4722100.0,22.068519592285156
2016-12-22,22.520000457763672,22.09000015258789,22.360000610351562,22.299999237060547,4073500.0,21.93083953857422
2016-12-23,22.809999465942383,22.290000915527344,22.399999618530273,22.790000915527344,5512600.0,22.41272735595703
2016-12-27,23.15999984741211,22.709999084472656,22.889999389648438,23.149999618530273,3590000.0,22.766769409179688
2016-12-28,23.479999542236328,22.68000030517578,23.239999771118164,22.920000076293945,4232600.0,22.540576934814453
2016-12-29,22.989999771118164,22.59000015258789,22.799999237060547,22.739999771118164,3052600.0,22.363555908203125
2016-12-30,23.5,22.719999313354492,22.809999465942383,23.360000610351562,12931100.0,22.973291397094727
2017-01-03,23.329999923706055,21.739999771118164,22.979999542236328,22.34000015258789,17547100.0,21.970178604125977
2017-01-04,22.5,21.93000030517578,21.93000030517578,22.3700008392334,9078700.0,21.99968147277832
2017-01-05,22.719999313354492,21.950000762939453,22.399999618530273,22.639999389648438,7880500.0,22.265209197998047
2017-01-06,23.170000076293945,22.600000381469727,22.739999771118164,22.889999389648438,6534300.0,22.511070251464844
2017-01-09,22.799999237060547,22.079999923706055,22.799999237060547,22.09000015258789,5138700.0,21.724313735961914
2017-01-10,22.639999389648438,22.110000610351562,22.40999984741211,22.170000076293945,6637500.0,21.80299186706543
2017-01-11,22.290000915527344,21.780000686645508,22.280000686645508,22.059999465942383,4834000.0,21.69481086730957
2017-01-12,22.420000076293945,22.0,22.299999237060547,22.270000457763672,5729900.0,21.901334762573242
2017-01-13,22.389999389648438,21.770000457763672,22.209999084472656,21.920000076293945,4745000.0,21.557130813598633
2017-01-17,21.8700008392334,21.549999237060547,21.850000381469727,21.709999084472656,5535900.0,21.350605010986328
2017-01-18,21.760000228881836,21.5,21.530000686645508,21.670000076293945,6704800.0,21.31126594543457
2017-01-19,22.549999237060547,21.68000030517578,21.729999542236328,22.479999542236328,6770300.0,22.10785675048828
2017-01-20,22.729999542236328,22.059999465942383,22.719999313354492,22.1299991607666,5103100.0,21.76365089416504
2017-01-23,22.75,22.1200008392334,22.31999969482422,22.18000030517578,5731700.0,21.81282615661621
2017-01-24,23.09000015258789,22.350000381469727,22.350000381469727,22.969999313354492,5055200.0,22.610132217407227
2017-01-25,23.09000015258789,22.850000381469727,23.0,22.93000030517578,4164100.0,22.57076072692871
2017-01-26,23.170000076293945,22.739999771118164,23.079999923706055,23.15999984741211,5397400.0,22.797157287597656
2017-01-27,23.09000015258789,22.530000686645508,23.079999923706055,22.549999237060547,4684500.0,22.196714401245117
2017-01-30,22.31999969482422,21.200000762939453,22.31999969482422,21.260000228881836,7310500.0,20.926923751831055
2017-01-31,21.5,20.989999771118164,21.18000030517578,21.479999542236328,5676200.0,21.14348030090332
2017-02-01,21.639999389648438,20.709999084472656,21.639999389648438,20.770000457763672,6129000.0,20.444602966308594
2017-02-02,21.5,20.549999237060547,20.65999984741211,21.450000762939453,6933300.0,21.113950729370117
2017-02-03,21.520000457763672,21.139999389648438,21.280000686645508,21.43000030517578,7569100.0,21.094261169433594
2017-02-06,24.229999542236328,23.420000076293945,23.75,23.729999542236328,26591000.0,23.35822868347168
2017-02-07,23.989999771118164,22.989999771118164,23.729999542236328,23.56999969482422,11664800.0,23.200733184814453
2017-02-08,23.780000686645508,22.920000076293945,23.34000015258789,23.600000381469727,6481200.0,23.23026466369629
2017-02-09,24.299999237060547,23.56999969482422,23.8700008392334,24.229999542236328,7382600.0,23.850393295288086
2017-02-10,24.329999923706055,23.829999923706055,24.170000076293945,24.06999969482422,3993600.0,23.692901611328125
2017-02-13,23.979999542236328,23.530000686645508,23.899999618530273,23.950000762939453,4618400.0,23.57478141784668
2017-02-14,24.31999969482422,23.670000076293945,23.860000610351562,24.239999771118164,3710300.0,23.860239028930664
2017-02-15,24.350000381469727,23.84000015258789,24.139999389648438,23.889999389648438,5266700.0,23.51572036743164
2017-02-16,24.040000915527344,23.040000915527344,23.920000076293945,23.1200008392334,4644000.0,22.75778579711914
2017-02-17,23.25,22.93000030517578,23.010000228881836,23.110000610351562,3747800.0,22.747941970825195
2017-02-21,23.110000610351562,22.59000015258789,22.93000030517578,22.93000030517578,5286900.0,22.57076072692871
2017-02-22,23.049999237060547,22.600000381469727,22.84000015258789,22.600000381469727,4101300.0,22.245933532714844
2017-02-23,23.0,22.200000762939453,22.950000762939453,22.530000686645508,6253900.0,22.17702865600586
2017-02-24,23.18000030517578,21.770000457763672,22.600000381469727,22.450000762939453,8767300.0,22.098283767700195
2017-02-27,22.610000610351562,22.1299991607666,22.440000534057617,22.170000076293945,7887800.0,21.822669982910156
2017-02-28,22.149999618530273,21.700000762939453,22.040000915527344,21.899999618530273,6903700.0,21.55689811706543
2017-03-01,22.84000015258789,22.0,22.110000610351562,22.610000610351562,7213200.0,22.255775451660156
2017-03-02,22.770000457763672,22.239999771118164,22.520000457763672,22.360000610351562,4524800.0,22.00969123840332
2017-03-03,22.700000762939453,22.299999237060547,22.459999084472656,22.360000610351562,2975100.0,22.00969123840332
2017-03-06,23.209999084472656,22.43000030517578,22.68000030517578,23.149999618530273,8581800.0,22.78731346130371
2017-03-07,23.209999084472656,22.780000686645508,23.1200008392334,22.93000030517578,4592500.0,22.57076072692871
2017-03-08,23.399999618530273,22.510000228881836,22.81999969482422,22.530000686645508,7794400.0,22.17702865600586
2017-03-09,22.93000030517578,22.229999542236328,22.59000015258789,22.8700008392334,5299200.0,22.511703491210938
2017-03-10,23.059999465942383,22.6299991607666,23.040000915527344,22.709999084472656,5998700.0,22.35420799255371
2017-03-13,23.149999618530273,22.579999923706055,22.780000686645508,22.8700008392334,3963000.0,22.511703491210938
2017-03-14,22.770000457763672,22.239999771118164,22.6299991607666,22.309999465942383,5464200.0,21.960472106933594
2017-03-15,22.81999969482422,22.079999923706055,22.540000915527344,22.65999984741211,6344400.0,22.30499267578125
2017-03-16,22.770000457763672,22.15999984741211,22.670000076293945,22.270000457763672,6007300.0,21.921100616455078
2017-03-17,22.520000457763672,22.239999771118164,22.389999389648438,22.350000381469727,7897900.0,21.999849319458008
2017-03-20,22.739999771118164,22.040000915527344,22.299999237060547,22.700000762939453,4952800.0,22.34436798095703
2017-03-21,22.899999618530273,22.510000228881836,22.75,22.6200008392334,4673900.0,22.26561737060547
2017-03-22,22.6299991607666,22.100000381469727,22.469999313354492,22.25,3859600.0,21.901416778564453
2017-03-23,23.020000457763672,22.309999465942383,22.520000457763672,22.850000381469727,6934500.0,22.492013931274414
2017-03-24,23.690000534057617,22.8799991607666,22.8799991607666,23.18000030517578,8035000.0,22.816843032836914
2017-03-27,23.239999771118164,22.829999923706055,22.84000015258789,23.200000762939453,4531400.0,22.836532592773438
2017-03-28,23.56999969482422,23.010000228881836,23.190000534057617,23.549999237060547,4743200.0,23.181047439575195
2017-03-29,24.219999313354492,23.469999313354492,23.6299991607666,24.139999389648438,5604000.0,23.761804580688477
2017-03-30,24.270000457763672,23.190000534057617,24.190000534057617,23.239999771118164,23084400.0,22.875904083251953
2017-03-31,23.989999771118164,23.350000381469727,23.469999313354492,23.90999984741211,8901100.0,23.53540802001953
2017-04-03,24.1200008392334,23.549999237060547,23.950000762939453,24.010000228881836,4202600.0,23.63384437561035
2017-04-04,24.59000015258789,23.780000686645508,24.049999237060547,24.579999923706055,5348700.0,24.194913864135742
2017-04-05,25.1299991607666,24.40999984741211,24.8799991607666,24.440000534057617,8571500.0,24.057104110717773
2017-04-06,25.010000228881836,24.40999984741211,24.5,24.989999771118164,5064400.0,24.59848976135254
2017-04-07,25.040000915527344,24.34000015258789,24.920000076293945,24.40999984741211,5095900.0,24.027572631835938
2017-04-10,24.739999771118164,24.34000015258789,24.639999389648438,24.6299991607666,3398400.0,24.244125366210938
2017-04-11,24.670000076293945,24.299999237060547,24.510000228881836,24.6200008392334,3451200.0,24.234285354614258
2017-04-12,24.809999465942383,24.350000381469727,24.540000915527344,24.450000762939453,4419600.0,24.06694984436035
2017-04-13,24.579999923706055,23.93000030517578,24.469999313354492,24.0,3987800.0,23.624000549316406
2017-04-17,24.360000610351562,24.0,24.0,24.200000762939453,4486100.0,23.820865631103516
2017-04-18,24.360000610351562,23.940000534057617,23.940000534057617,24.110000610351562,3775600.0,23.73227310180664
2017-04-19,24.420000076293945,23.90999984741211,24.239999771118164,23.989999771118164,4016900.0,23.614154815673828
2017-04-20,24.739999771118164,23.950000762939453,24.06999969482422,24.469999313354492,4903600.0,24.08663558959961
2017-04-21,24.43000030517578,23.739999771118164,24.389999389648438,24.079999923706055,7291500.0,23.70274543762207
2017-04-24,24.260000228881836,23.719999313354492,24.209999084472656,23.729999542236328,8173800.0,23.35822868347168
2017-04-25,24.420000076293945,23.65999984741211,23.790000915527344,24.40999984741211,6935100.0,24.027572631835938
2017-04-26,24.889999389648438,24.049999237060547,24.170000076293945,24.309999465942383,6312600.0,23.92914581298828
2017-04-27,24.389999389648438,23.700000762939453,24.110000610351562,24.1200008392334,7577100.0,23.74211883544922
2017-04-28,24.670000076293945,23.100000381469727,24.65999984741211,23.239999771118164,11815400.0,22.875904083251953
2017-05-01,23.920000076293945,23.209999084472656,23.350000381469727,23.799999237060547,6487900.0,23.4271297454834
2017-05-02,24.350000381469727,23.850000381469727,23.850000381469727,24.1299991607666,8772600.0,23.7519588470459
2017-05-03,24.420000076293945,23.979999542236328,24.020000457763672,24.25,5283200.0,23.87008285522461
2017-05-04,24.1299991607666,23.1200008392334,24.06999969482422,23.479999542236328,8344800.0,23.112146377563477
2017-05-05,24.200000762939453,23.520000457763672,23.649999618530273,24.170000076293945,7915000.0,23.79133415222168
2017-05-08,24.040000915527344,23.59000015258789,23.940000534057617,23.709999084472656,6500500.0,23.33854103088379
2017-05-09,24.040000915527344,23.3799991607666,23.75,23.81999969482422,8473000.0,23.446819305419922
2017-05-10,25.0,23.93000030517578,23.989999771118164,24.8799991607666,7266300.0,24.49021339416504
2017-05-11,25.31999969482422,24.420000076293945,25.25,24.809999465942383,6794100.0,24.421308517456055
2017-05-12,24.959999084472656,24.25,24.889999389648438,24.34000015258789,6768500.0,23.95867156982422
2017-05-15,24.81999969482422,24.049999237060547,24.610000610351562,24.260000228881836,4904200.0,23.9290828704834
2017-05-16,24.280000686645508,23.6200008392334,24.260000228881836,23.81999969482422,5076400.0,23.495080947875977
2017-05-17,23.959999084472656,23.209999084472656,23.81999969482422,23.219999313354492,6408400.0,22.90326690673828
2017-05-18,23.40999984741211,22.979999542236328,23.100000381469727,23.06999969482422,7952300.0,22.755313873291016
2017-05-19,23.59000015258789,23.010000228881836,23.1299991607666,23.479999542236328,7160200.0,23.15972137451172
2017-05-22,23.760000228881836,23.350000381469727,23.610000610351562,23.479999542236328,5057300.0,23.15972137451172
2017-05-23,23.959999084472656,23.479999542236328,23.5,23.549999237060547,8000800.0,23.228763580322266
2017-05-24,23.559999465942383,22.760000228881836,23.5,22.81999969482422,5006700.0,22.50872230529785
2017-05-25,23.1299991607666,22.309999465942383,22.729999542236328,22.850000381469727,6154700.0,22.538312911987305
2017-05-26,23.09000015258789,22.68000030517578,22.84000015258789,22.959999084472656,4403300.0,22.64681625366211
2017-05-30,22.81999969482422,22.399999618530273,22.739999771118164,22.459999084472656,3563300.0,22.153635025024414
2017-05-31,22.43000030517578,22.100000381469727,22.239999771118164,22.190000534057617,7888700.0,21.88731575012207
2017-06-01,22.350000381469727,21.989999771118164,22.280000686645508,22.149999618530273,6100200.0,21.847862243652344
2017-06-02,22.1299991607666,21.5,22.06999969482422,21.59000015258789,5606700.0,21.295501708984375
2017-06-05,21.729999542236328,21.399999618530273,21.399999618530273,21.5,3738500.0,21.206729888916016
2017-06-06,22.040000915527344,21.549999237060547,21.739999771118164,22.0,6443800.0,21.699907302856445
2017-06-07,22.190000534057617,21.559999465942383,21.860000610351562,22.100000381469727,9297500.0,21.798545837402344
2017-06-08,22.649999618530273,21.93000030517578,22.100000381469727,22.31999969482422,10755800.0,22.015544891357422
2017-06-09,23.059999465942383,22.299999237060547,22.360000610351562,22.8799991607666,7007600.0,22.567903518676758
2017-06-12,23.15999984741211,22.5,23.110000610351562,22.780000686645508,5908600.0,22.469270706176758
2017-06-13,23.3799991607666,22.690000534057617,22.8799991607666,23.3700008392334,5539700.0,23.05122184753418
2017-06-14,23.190000534057617,22.690000534057617,23.1299991607666,23.100000381469727,6014500.0,22.78490447998047
2017-06-15,23.3700008392334,22.84000015258789,23.0,23.34000015258789,7868300.0,23.021631240844727
2017-06-16,23.540000915527344,22.950000762939453,23.459999084472656,23.1200008392334,9137500.0,22.80463218688965
2017-06-19,23.079999923706055,22.450000762939453,23.040000915527344,22.59000015258789,8209000.0,22.2818603515625
2017-06-20,22.579999923706055,22.15999984741211,22.280000686645508,22.399999618530273,6285500.0,22.094449996948242
2017-06-21,22.709999084472656,22.010000228881836,22.290000915527344,22.350000381469727,8493800.0,22.045135498046875
2017-06-22,23.010000228881836,22.31999969482422,22.43000030517578,22.860000610351562,7432500.0,22.54817771911621
2017-06-23,23.790000915527344,22.8799991607666,22.8799991607666,23.739999771118164,8893400.0,23.416175842285156
2017-06-26,24.600000381469727,23.780000686645508,23.860000610351562,24.299999237060547,6239400.0,23.968534469604492
2017-06-27,24.530000686645508,24.1299991607666,24.479999542236328,24.5,8279200.0,24.16580581665039
2017-06-28,24.90999984741211,24.40999984741211,24.579999923706055,24.479999542236328,7818400.0,24.14607810974121
2017-06-29,24.979999542236328,24.5,24.6200008392334,24.81999969482422,8305800.0,24.481441497802734
2017-06-30,25.40999984741211,24.799999237060547,25.15999984741211,25.079999923706055,7005800.0,24.737895965576172
2017-07-03,25.290000915527344,24.81999969482422,25.09000015258789,25.1299991607666,3820200.0,24.787212371826172
2017-07-05,25.149999618530273,24.549999237060547,24.90999984741211,24.899999618530273,5787200.0,24.56035041809082
2017-07-06,24.989999771118164,24.020000457763672,24.950000762939453,24.260000228881836,8985600.0,23.9290828704834
2017-07-07,24.299999237060547,23.889999389648438,24.15999984741211,24.260000228881836,4781700.0,23.9290828704834
2017-07-10,24.780000686645508,24.190000534057617,24.260000228881836,24.670000076293945,3882600.0,24.333486557006836
2017-07-11,25.1200008392334,24.579999923706055,24.639999389648438,24.889999389648438,3579000.0,24.550485610961914
2017-07-12,25.350000381469727,24.920000076293945,25.059999465942383,25.09000015258789,4370600.0,24.747758865356445
2017-07-13,25.450000762939453,24.969999313354492,25.059999465942383,25.420000076293945,3610800.0,25.07325553894043
2017-07-14,25.520000457763672,25.18000030517578,25.43000030517578,25.350000381469727,4722700.0,25.004213333129883
2017-07-17,25.790000915527344,25.329999923706055,25.3700008392334,25.43000030517578,5788000.0,25.083118438720703
2017-07-18,25.600000381469727,24.530000686645508,25.530000686645508,24.81999969482422,5686900.0,24.481441497802734
2017-07-19,25.309999465942383,24.84000015258789,24.8799991607666,25.170000076293945,6660500.0,24.82666778564453
2017-07-20,25.610000610351562,24.940000534057617,25.329999923706055,25.0,4712400.0,24.658987045288086
2017-07-21,25.1200008392334,24.84000015258789,24.979999542236328,24.979999542236328,6011700.0,24.639259338378906
2017-07-24,25.040000915527344,24.649999618530273,24.899999618530273,24.780000686645508,4085900.0,24.44198989868164
2017-07-25,25.450000762939453,25.079999923706055,25.1200008392334,25.1200008392334,4571500.0,24.777347564697266
2017-07-26,25.459999084472656,25.0,25.229999542236328,25.15999984741211,3193000.0,24.816802978515625
2017-07-27,25.290000915527344,24.90999984741211,25.18000030517578,25.18000030517578,6260400.0,24.836530685424805
2017-07-28,26.079999923706055,24.56999969482422,25.100000381469727,25.5,8282600.0,25.15216636657715
2017-07-31,25.450000762939453,24.709999084472656,25.31999969482422,24.8700008392334,6128400.0,24.530759811401367
2017-08-01,25.549999237060547,25.049999237060547,25.049999237060547,25.360000610351562,7505600.0,25.014080047607422
2017-08-02,25.6299991607666,24.510000228881836,25.190000534057617,24.56999969482422,5796900.0,24.234853744506836
2017-08-03,24.979999542236328,24.270000457763672,24.670000076293945,24.56999969482422,6494300.0,24.234853744506836
2017-08-04,24.850000381469727,24.399999618530273,24.56999969482422,24.709999084472656,3769400.0,24.372941970825195
2017-08-07,24.68000030517578,24.239999771118164,24.639999389648438,24.3700008392334,4073100.0,24.037580490112305
2017-08-08,24.709999084472656,24.280000686645508,24.280000686645508,24.56999969482422,3279500.0,24.284679412841797
2017-08-09,25.229999542236328,24.670000076293945,24.75,24.829999923706055,5949100.0,24.541658401489258
2017-08-10,25.049999237060547,24.520000457763672,24.889999389648438,24.579999923706055,5929400.0,24.294565200805664
2017-08-11,24.90999984741211,24.450000762939453,24.479999542236328,24.610000610351562,3630800.0,24.32421112060547
2017-08-14,24.889999389648438,24.43000030517578,24.719999313354492,24.450000762939453,3397300.0,24.16607093811035
2017-08-15,24.65999984741211,24.06999969482422,24.3799991607666,24.59000015258789,3707100.0,24.304445266723633
2017-08-16,24.8700008392334,24.450000762939453,24.59000015258789,24.540000915527344,3408400.0,24.25502586364746
2017-08-17,24.899999618530273,24.459999084472656,24.489999771118164,24.530000686645508,3735100.0,24.24514389038086
2017-08-18,24.559999465942383,24.149999618530273,24.510000228881836,24.389999389648438,6443000.0,24.106767654418945
2017-08-21,24.690000534057617,24.170000076293945,24.34000015258789,24.5,4346200.0,24.21548843383789
2017-08-22,25.100000381469727,24.59000015258789,24.59000015258789,24.979999542236328,3193500.0,24.68991470336914
2017-08-23,25.209999084472656,24.690000534057617,24.860000610351562,24.899999618530273,4718600.0,24.610843658447266
2017-08-24,25.110000610351562,24.739999771118164,24.889999389648438,24.979999542236328,3912300.0,24.68991470336914
2017-08-25,25.049999237060547,24.469999313354492,25.030000686645508,24.850000381469727,3609800.0,24.561424255371094
2017-08-28,24.969999313354492,24.540000915527344,24.770000457763672,24.760000228881836,3121800.0,24.472471237182617
2017-08-29,24.899999618530273,24.260000228881836,24.549999237060547,24.8700008392334,3011100.0,24.581192016601562
2017-08-30,24.989999771118164,24.530000686645508,24.719999313354492,24.790000915527344,2578400.0,24.502124786376953
2017-08-31,25.65999984741211,24.649999618530273,24.940000534057617,25.549999237060547,7633300.0,25.253297805786133
2017-09-01,26.950000762939453,25.549999237060547,25.549999237060547,26.8700008392334,10050900.0,26.557968139648438
2017-09-05,27.139999389648438,26.510000228881836,26.65999984741211,26.959999084472656,6618200.0,26.646923065185547
2017-09-06,27.1299991607666,26.709999084472656,27.059999465942383,26.920000076293945,5887600.0,26.60738754272461
2017-09-07,26.950000762939453,26.56999969482422,26.899999618530273,26.639999389648438,3858200.0,26.330636978149414
2017-09-08,26.600000381469727,25.90999984741211,26.520000457763672,25.969999313354492,6707200.0,25.668418884277344
2017-09-11,26.200000762939453,25.93000030517578,26.1200008392334,26.030000686645508,5314900.0,25.727720260620117
2017-09-12,26.479999542236328,25.979999542236328,26.149999618530273,26.329999923706055,4639000.0,26.024240493774414
2017-09-13,26.65999984741211,26.15999984741211,26.56999969482422,26.40999984741211,5020000.0,26.10331153869629
2017-09-14,26.8799991607666,26.43000030517578,26.530000686645508,26.739999771118164,6400300.0,26.429475784301758
2017-09-15,26.829999923706055,26.420000076293945,26.75,26.809999465942383,6050700.0,26.498666763305664
2017-09-18,27.059999465942383,26.479999542236328,26.780000686645508,26.520000457763672,5558700.0,26.212032318115234
2017-09-19,26.540000915527344,26.079999923706055,26.459999084472656,26.209999084472656,6262300.0,25.90563201904297
2017-09-20,26.450000762939453,25.979999542236328,26.34000015258789,26.290000915527344,6884100.0,25.984703063964844
2017-09-21,26.489999771118164,25.959999084472656,26.1299991607666,26.40999984741211,3801600.0,26.10331153869629
2017-09-22,26.610000610351562,26.260000228881836,26.34000015258789,26.579999923706055,4461900.0,26.271337509155273
2017-09-25,26.90999984741211,26.559999465942383,26.729999542236328,26.799999237060547,3706600.0,26.488780975341797
2017-09-26,27.010000228881836,26.780000686645508,26.809999465942383,26.8700008392334,4996600.0,26.557968139648438
2017-09-27,27.09000015258789,26.520000457763672,27.0,26.829999923706055,6066800.0,26.518434524536133
2017-09-28,26.950000762939453,26.450000762939453,26.829999923706055,26.81999969482422,6840300.0,26.508548736572266
2017-09-29,26.829999923706055,26.440000534057617,26.59000015258789,26.75,4996800.0,26.439359664916992
2017-10-02,26.81999969482422,26.290000915527344,26.479999542236328,26.770000457763672,6350600.0,26.45912742614746
2017-10-03,26.780000686645508,26.520000457763672,26.719999313354492,26.579999923706055,3078200.0,26.271337509155273
2017-10-04,26.790000915527344,26.229999542236328,26.739999771118164,26.43000030517578,3488100.0,26.123079299926758
2017-10-05,26.649999618530273,26.31999969482422,26.56999969482422,26.389999389648438,3529300.0,26.083541870117188
2017-10-06,26.280000686645508,25.639999389648438,26.190000534057617,25.709999084472656,4560200.0,25.41143798828125
2017-10-09,25.75,25.280000686645508,25.709999084472656,25.440000534057617,4774900.0,25.144573211669922
2017-10-10,25.670000076293945,25.239999771118164,25.610000610351562,25.360000610351562,5563900.0,25.065505981445312
2017-10-11,25.530000686645508,25.25,25.440000534057617,25.510000228881836,3323700.0,25.213760375976562
2017-10-12,26.06999969482422,25.31999969482422,25.420000076293945,26.0,5773300.0,25.69807243347168
2017-10-13,26.389999389648438,25.899999618530273,26.229999542236328,26.0,6534000.0,25.69807243347168
2017-10-16,26.110000610351562,25.65999984741211,25.989999771118164,25.690000534057617,4988500.0,25.39167022705078
2017-10-17,25.950000762939453,25.579999923706055,25.690000534057617,25.8799991607666,3990100.0,25.579465866088867
2017-10-18,26.0,25.59000015258789,25.780000686645508,25.6200008392334,3877000.0,25.322484970092773
2017-10-19,25.579999923706055,25.209999084472656,25.5,25.479999542236328,3644000.0,25.18410873413086
2017-10-20,25.600000381469727,25.350000381469727,25.520000457763672,25.530000686645508,3545500.0,25.233531951904297
2017-10-23,25.709999084472656,25.219999313354492,25.670000076293945,25.229999542236328,3602600.0,24.93701171875
2017-10-24,25.329999923706055,24.81999969482422,25.270000457763672,24.920000076293945,3986400.0,24.630613327026367
2017-10-25,24.979999542236328,24.3799991607666,24.790000915527344,24.420000076293945,5455500.0,24.136417388916016
2017-10-26,24.68000030517578,24.100000381469727,24.40999984741211,24.649999618530273,5656300.0,24.363746643066406
2017-10-27,27.020000457763672,24.610000610351562,25.200000762939453,26.75,12719100.0,26.439359664916992
2017-10-30,27.309999465942383,26.649999618530273,26.850000381469727,27.190000534057617,7834000.0,26.87425422668457
2017-10-31,28.0,27.239999771118164,27.399999618530273,27.700000762939453,9259700.0,27.378328323364258
2017-11-01,28.100000381469727,27.549999237060547,27.75,27.90999984741211,7164100.0,27.58588981628418
2017-11-02,28.290000915527344,27.780000686645508,27.969999313354492,28.260000228881836,7370400.0,27.931827545166016
2017-11-03,28.40999984741211,28.010000228881836,28.229999542236328,28.229999542236328,6115300.0,27.902175903320312
2017-11-06,29.030000686645508,28.399999618530273,28.600000381469727,28.780000686645508,7741600.0,28.445789337158203
2017-11-07,27.920000076293945,27.170000076293945,27.450000762939453,27.84000015258789,10863400.0,27.564594268798828
2017-11-08,28.110000610351562,27.34000015258789,27.799999237060547,27.81999969482422,6921100.0,27.544790267944336
2017-11-09,28.81999969482422,28.1299991607666,28.25,28.559999465942383,7256400.0,28.277469635009766
2017-11-10,29.059999465942383,28.299999237060547,28.309999465942383,28.989999771118164,6005300.0,28.703216552734375
2017-11-13,29.260000228881836,28.760000228881836,28.889999389648438,29.059999465942383,4422300.0,28.772523880004883
2017-11-14,28.920000076293945,28.290000915527344,28.809999465942383,28.459999084472656,4607100.0,28.17845916748047
2017-11-15,28.559999465942383,27.950000762939453,28.360000610351562,28.450000762939453,3996200.0,28.16855812072754
2017-11-16,28.84000015258789,28.31999969482422,28.579999923706055,28.739999771118164,3802800.0,28.455686569213867
2017-11-17,29.40999984741211,28.81999969482422,28.90999984741211,29.389999389648438,5599600.0,29.099258422851562
2017-11-20,29.3700008392334,28.920000076293945,29.239999771118164,29.010000228881836,4078000.0,28.7230167388916
2017-11-21,29.299999237060547,28.90999984741211,29.1299991607666,29.06999969482422,2791400.0,28.782424926757812
2017-11-22,29.479999542236328,29.1299991607666,29.280000686645508,29.440000534057617,2645300.0,29.14876365661621
2017-11-24,29.5,29.190000534057617,29.489999771118164,29.25,995500.0,28.960643768310547
2017-11-27,29.469999313354492,29.079999923706055,29.399999618530273,29.139999389648438,2858400.0,28.851730346679688
2017-11-28,29.309999465942383,29.020000457763672,29.25,29.100000381469727,2885400.0,28.81212615966797
2017-11-29,29.469999313354492,28.90999984741211,29.389999389648438,29.170000076293945,3336700.0,28.88143539428711
2017-11-30,29.56999969482422,28.579999923706055,29.209999084472656,28.950000762939453,8371900.0,28.663612365722656
2017-12-01,29.540000915527344,28.3700008392334,29.229999542236328,28.68000030517578,7238300.0,28.396282196044922
2017-12-04,29.270000457763672,28.440000534057617,28.510000228881836,28.56999969482422,4391300.0,28.287368774414062
2017-12-05,28.5,28.139999389648438,28.43000030517578,28.329999923706055,4090200.0,28.04974365234375
2017-12-06,28.389999389648438,27.889999389648438,28.280000686645508,28.049999237060547,3586000.0,27.772512435913086
2017-12-07,28.1200008392334,27.649999618530273,27.950000762939453,27.780000686645508,3204900.0,27.505186080932617
2017-12-08,28.079999923706055,27.700000762939453,27.889999389648438,27.75,4460900.0,27.475481033325195
2017-12-11,28.6299991607666,28.0,28.030000686645508,28.329999923706055,3282200.0,28.04974365234375
2017-12-12,28.510000228881836,27.59000015258789,28.389999389648438,27.600000381469727,3252000.0,27.326967239379883
2017-12-13,28.06999969482422,27.440000534057617,27.579999923706055,27.760000228881836,4039700.0,27.485383987426758
2017-12-14,27.729999542236328,27.25,27.610000610351562,27.260000228881836,4482900.0,26.99032974243164
2017-12-15,27.469999313354492,26.459999084472656,27.459999084472656,26.639999389648438,7074200.0,26.376461029052734
2017-12-18,27.360000610351562,26.729999542236328,26.860000610351562,27.09000015258789,5070500.0,26.822010040283203
2017-12-19,27.209999084472656,26.770000457763672,27.149999618530273,26.81999969482422,3411300.0,26.5546817779541
2017-12-20,27.049999237060547,26.579999923706055,26.75,26.969999313354492,3550000.0,26.70319938659668
2017-12-21,27.780000686645508,26.75,26.829999923706055,27.719999313354492,7591900.0,27.445777893066406
2017-12-22,27.81999969482422,27.420000076293945,27.65999984741211,27.59000015258789,4296000.0,27.317066192626953
2017-12-26,28.110000610351562,27.65999984741211,27.75,28.100000381469727,2901000.0,27.822019577026367
2017-12-27,28.219999313354492,27.950000762939453,28.010000228881836,28.1299991607666,3635800.0,27.851722717285156
2017-12-28,28.600000381469727,28.09000015258789,28.31999969482422,28.540000915527344,4402400.0,28.257667541503906
2017-12-29,28.709999084472656,28.190000534057617,28.690000534057617,28.600000381469727,5095500.0,28.317075729370117
2018-01-02,28.950000762939453,28.219999313354492,28.309999465942383,28.899999618530273,5244300.0,28.614105224609375
2018-01-03,29.559999465942383,28.959999084472656,29.18000030517578,29.030000686645508,5350900.0,28.742820739746094
2018-01-04,29.329999923706055,28.770000457763672,29.09000015258789,28.90999984741211,4540200.0,28.624006271362305
2018-01-05,29.09000015258789,28.579999923706055,28.579999923706055,28.760000228881836,4459100.0,28.47549057006836
2018-01-08,28.920000076293945,28.510000228881836,28.860000610351562,28.90999984741211,4200300.0,28.624006271362305
2018-01-09,29.239999771118164,28.799999237060547,28.940000534057617,29.1200008392334,4225800.0,28.83193016052246
2018-01-10,29.219999313354492,27.809999465942383,29.139999389648438,27.959999084472656,5037800.0,27.68340301513672
2018-01-11,28.90999984741211,28.0,28.190000534057617,28.399999618530273,6340100.0,28.11905288696289
2018-01-12,28.950000762939453,28.260000228881836,28.299999237060547,28.8799991607666,6908200.0,28.594303131103516
2018-01-16,28.850000381469727,27.950000762939453,28.780000686645508,28.030000686645508,4725800.0,27.752714157104492
2018-01-17,28.149999618530273,27.549999237060547,27.799999237060547,27.979999542236328,5328000.0,27.70320701599121
2018-01-18,28.09000015258789,27.459999084472656,27.8799991607666,27.56999969482422,4450600.0,27.29726219177246
2018-01-19,27.6299991607666,27.260000228881836,27.56999969482422,27.510000228881836,4394000.0,27.237857818603516
2018-01-22,28.1299991607666,27.600000381469727,27.709999084472656,28.110000610351562,4119800.0,27.83192253112793
2018-01-23,28.510000228881836,27.959999084472656,28.170000076293945,28.360000610351562,4121100.0,28.139509201049805
2018-01-24,28.780000686645508,28.030000686645508,28.600000381469727,28.110000610351562,4218300.0,27.891454696655273
2018-01-25,28.34000015258789,27.59000015258789,28.270000457763672,27.6200008392334,2923900.0,27.405263900756836
2018-01-26,28.030000686645508,27.65999984741211,27.860000610351562,27.829999923706055,3057200.0,27.613630294799805
2018-01-29,27.600000381469727,26.979999542236328,27.559999465942383,27.059999465942383,3633500.0,26.8496150970459
2018-01-30,27.040000915527344,26.520000457763672,26.8700008392334,26.690000534057617,3826300.0,26.482492446899414
2018-01-31,26.899999618530273,26.260000228881836,26.75,26.350000381469727,6085900.0,26.145137786865234
2018-02-01,26.459999084472656,25.8700008392334,26.290000915527344,26.200000762939453,5662500.0,25.99630355834961
2018-02-02,25.850000381469727,25.030000686645508,25.81999969482422,25.190000534057617,6586800.0,24.994157791137695
2018-02-05,25.139999389648438,23.90999984741211,24.760000228881836,24.079999923706055,9238100.0,23.892786026000977
2018-02-06,24.739999771118164,23.479999542236328,23.649999618530273,24.600000381469727,9515000.0,24.408742904663086
2018-02-07,24.65999984741211,23.350000381469727,24.540000915527344,23.3700008392334,8007600.0,23.18830680847168
2018-02-08,23.93000030517578,23.0,23.40999984741211,23.010000228881836,9140700.0,22.831104278564453
2018-02-09,23.799999237060547,22.600000381469727,23.190000534057617,23.639999389648438,9291100.0,23.456205368041992
2018-02-12,24.270000457763672,23.549999237060547,24.010000228881836,23.84000015258789,7359100.0,23.65464973449707
2018-02-13,23.899999618530273,23.579999923706055,23.84000015258789,23.729999542236328,3606800.0,23.545507431030273
2018-02-14,24.260000228881836,23.290000915527344,23.489999771118164,24.0,5864100.0,23.81340789794922
2018-02-15,24.260000228881836,23.799999237060547,24.020000457763672,24.049999237060547,6198000.0,23.863018035888672
2018-02-16,24.209999084472656,23.829999923706055,23.969999313354492,23.889999389648438,5411500.0,23.704261779785156
2018-02-20,24.200000762939453,23.770000457763672,24.149999618530273,23.920000076293945,4681800.0,23.73402976989746
2018-02-21,23.959999084472656,23.239999771118164,23.920000076293945,23.25,7216200.0,23.069238662719727
2018-02-22,24.25,23.350000381469727,23.5,23.8799991607666,7452500.0,23.694337844848633
2018-02-23,25.489999771118164,24.010000228881836,24.479999542236328,24.459999084472656,8510500.0,24.26982879638672
2018-02-26,25.0,24.5,24.760000228881836,24.940000534057617,5702100.0,24.7460994720459
2018-02-27,25.270000457763672,24.239999771118164,24.920000076293945,24.239999771118164,4928600.0,24.05154037475586
2018-02-28,24.649999618530273,24.149999618530273,24.459999084472656,24.15999984741211,4044600.0,23.972164154052734
2018-03-01,25.0,24.139999389648438,24.170000076293945,24.920000076293945,6141700.0,24.726255416870117
2018-03-02,25.350000381469727,24.709999084472656,24.8799991607666,25.260000228881836,6534300.0,25.06361198425293
2018-03-05,25.649999618530273,25.1299991607666,25.15999984741211,25.309999465942383,5427900.0,25.113222122192383
2018-03-06,25.549999237060547,25.049999237060547,25.450000762939453,25.190000534057617,2887100.0,24.994157791137695
2018-03-07,25.540000915527344,24.920000076293945,24.950000762939453,25.40999984741211,5962500.0,25.212446212768555
2018-03-08,25.579999923706055,24.850000381469727,25.549999237060547,24.950000762939453,3843700.0,24.756023406982422
2018-03-09,25.56999969482422,25.06999969482422,25.079999923706055,25.520000457763672,3424300.0,25.321590423583984
2018-03-12,25.65999984741211,25.100000381469727,25.65999984741211,25.520000457763672,4142100.0,25.321590423583984
2018-03-13,25.770000457763672,25.260000228881836,25.510000228881836,25.639999389648438,4406900.0,25.440654754638672
2018-03-14,25.829999923706055,25.489999771118164,25.690000534057617,25.56999969482422,5108000.0,25.37120246887207
2018-03-15,25.81999969482422,24.81999969482422,25.670000076293945,25.049999237060547,6690200.0,24.855243682861328
2018-03-16,25.520000457763672,24.920000076293945,25.030000686645508,24.989999771118164,9495500.0,24.795711517333984
2018-03-19,24.860000610351562,24.31999969482422,24.719999313354492,24.40999984741211,6675500.0,24.220218658447266
2018-03-20,24.729999542236328,23.950000762939453,24.700000762939453,24.06999969482422,11275600.0,23.882862091064453
2018-03-21,24.559999465942383,23.979999542236328,24.190000534057617,24.389999389648438,16957900.0,24.200376510620117
2018-03-22,24.510000228881836,23.950000762939453,24.18000030517578,23.959999084472656,6194600.0,23.773719787597656
2018-03-23,24.299999237060547,23.43000030517578,24.079999923706055,23.510000228881836,5628500.0,23.32721710205078
2018-03-26,24.0,23.31999969482422,23.979999542236328,23.969999313354492,8975700.0,23.783639907836914
2018-03-27,24.190000534057617,23.469999313354492,24.010000228881836,23.790000915527344,6636200.0,23.60504150390625
2018-03-28,24.049999237060547,23.59000015258789,23.829999923706055,23.719999313354492,5864500.0,23.53558349609375
2018-03-29,24.190000534057617,23.81999969482422,23.8799991607666,23.979999542236328,7717600.0,23.793563842773438
2018-04-02,23.850000381469727,22.75,23.850000381469727,23.149999618530273,6463200.0,22.970016479492188
2018-04-03,23.600000381469727,22.969999313354492,23.299999237060547,23.540000915527344,3733600.0,23.356985092163086
2018-04-04,23.760000228881836,23.15999984741211,23.25,23.709999084472656,4396200.0,23.52566146850586
2018-04-05,24.06999969482422,23.639999389648438,23.760000228881836,23.940000534057617,5120000.0,23.753875732421875
2018-04-06,23.920000076293945,22.81999969482422,23.799999237060547,23.170000076293945,4908600.0,22.98986053466797
2018-04-09,23.34000015258789,22.940000534057617,23.1299991607666,22.950000762939453,3926200.0,22.77157211303711
2018-04-10,23.8700008392334,23.110000610351562,23.25,23.549999237060547,5616100.0,23.366905212402344
2018-04-11,23.700000762939453,23.280000686645508,23.520000457763672,23.5,4017900.0,23.31729507446289
2018-04-12,23.68000030517578,23.3700008392334,23.56999969482422,23.559999465942383,6706200.0,23.376829147338867
2018-04-13,23.860000610351562,23.399999618530273,23.549999237060547,23.670000076293945,8885600.0,23.485973358154297
2018-04-16,24.190000534057617,23.59000015258789,23.889999389648438,23.959999084472656,4990400.0,23.773719787597656
2018-04-17,23.959999084472656,23.510000228881836,23.8700008392334,23.84000015258789,5095800.0,23.65464973449707
2018-04-18,24.229999542236328,23.770000457763672,23.940000534057617,24.040000915527344,6013800.0,23.853097915649414
2018-04-19,24.06999969482422,23.5,23.979999542236328,23.559999465942383,7087400.0,23.376829147338867
2018-04-20,23.540000915527344,22.90999984741211,23.540000915527344,23.079999923706055,5764300.0,22.90056037902832
2018-04-23,23.399999618530273,22.8799991607666,23.030000686645508,23.31999969482422,5397600.0,23.138694763183594
2018-04-24,23.6200008392334,23.06999969482422,23.469999313354492,23.260000228881836,4465300.0,23.079160690307617
2018-04-25,23.239999771118164,22.959999084472656,23.0,23.170000076293945,4576300.0,22.98986053466797
2018-04-26,23.68000030517578,23.209999084472656,23.209999084472656,23.469999313354492,5032500.0,23.287527084350586
2018-04-27,24.649999618530273,23.280000686645508,24.6299991607666,23.6200008392334,6083900.0,23.43636131286621
2018-04-30,24.079999923706055,23.530000686645508,23.56999969482422,23.90999984741211,5826000.0,23.72410774230957
2018-05-01,24.18000030517578,23.770000457763672,23.829999923706055,23.969999313354492,5795100.0,23.783639907836914
2018-05-02,24.139999389648438,23.709999084472656,23.8700008392334,23.809999465942383,5610500.0,23.6248836517334
2018-05-03,23.739999771118164,22.989999771118164,23.600000381469727,23.079999923706055,4821900.0,22.90056037902832
2018-05-04,23.559999465942383,23.040000915527344,23.09000015258789,23.43000030517578,4751000.0,23.247838973999023
2018-05-07,23.969999313354492,22.989999771118164,23.739999771118164,23.020000457763672,7751800.0,22.841026306152344
2018-05-08,23.350000381469727,22.600000381469727,22.940000534057617,23.34000015258789,5074800.0,23.158540725708008
2018-05-09,23.790000915527344,23.059999465942383,23.6200008392334,23.100000381469727,7047400.0,22.9204044342041
2018-05-10,23.020000457763672,22.559999465942383,22.940000534057617,22.959999084472656,8887400.0,22.781494140625
2018-05-11,23.1200008392334,22.579999923706055,22.989999771118164,22.670000076293945,4949800.0,22.49374771118164
2018-05-14,23.3700008392334,22.719999313354492,22.799999237060547,23.270000457763672,4759300.0,23.089082717895508
2018-05-15,23.239999771118164,22.829999923706055,23.170000076293945,23.200000762939453,3433600.0,23.07913589477539
2018-05-16,23.3700008392334,23.059999465942383,23.18000030517578,23.280000686645508,3844700.0,23.15871810913086
2018-05-17,23.65999984741211,23.209999084472656,23.360000610351562,23.350000381469727,6258400.0,23.228355407714844
2018-05-18,23.3700008392334,23.110000610351562,23.329999923706055,23.280000686645508,7790000.0,23.15871810913086
2018-05-21,23.579999923706055,23.219999313354492,23.3700008392334,23.40999984741211,4315100.0,23.288040161132812
2018-05-22,23.770000457763672,22.719999313354492,23.5,22.790000915527344,6346500.0,22.67127227783203
2018-05-23,22.850000381469727,22.350000381469727,22.68000030517578,22.780000686645508,5482600.0,22.661325454711914
2018-05-24,22.709999084472656,22.239999771118164,22.600000381469727,22.3799991607666,4753000.0,22.26340675354004
2018-05-25,22.59000015258789,21.709999084472656,22.020000457763672,22.5,8471100.0,22.382781982421875
2018-05-29,22.31999969482422,21.799999237060547,22.200000762939453,21.950000762939453,5087700.0,21.835649490356445
2018-05-30,22.84000015258789,22.010000228881836,22.110000610351562,22.690000534057617,5049500.0,22.571792602539062
2018-05-31,23.209999084472656,22.5,22.59000015258789,22.850000381469727,5879100.0,22.730958938598633
2018-06-01,23.200000762939453,22.81999969482422,22.93000030517578,23.030000686645508,4052400.0,22.910022735595703
2018-06-04,23.190000534057617,22.3700008392334,23.030000686645508,22.450000762939453,6764900.0,22.33304214477539
2018-06-05,22.709999084472656,22.209999084472656,22.309999465942383,22.56999969482422,4981200.0,22.452415466308594
2018-06-06,23.09000015258789,22.6200008392334,22.649999618530273,23.0,4970600.0,22.880178451538086
2018-06-07,23.6200008392334,23.06999969482422,23.139999389648438,23.389999389648438,5746300.0,23.268144607543945
2018-06-08,23.559999465942383,23.020000457763672,23.350000381469727,23.540000915527344,4986100.0,23.4173641204834
2018-06-11,23.739999771118164,23.219999313354492,23.600000381469727,23.540000915527344,4509200.0,23.4173641204834
2018-06-12,23.829999923706055,23.3700008392334,23.530000686645508,23.59000015258789,6324000.0,23.467103958129883
2018-06-13,24.06999969482422,23.5,23.6200008392334,23.850000381469727,6027200.0,23.725749969482422
2018-06-14,24.040000915527344,23.56999969482422,23.979999542236328,23.610000610351562,4770200.0,23.487001419067383
2018-06-15,23.760000228881836,23.40999984741211,23.510000228881836,23.5,9386000.0,23.377573013305664
2018-06-18,24.040000915527344,23.469999313354492,23.469999313354492,23.719999313354492,5904900.0,23.596426010131836
2018-06-19,24.059999465942383,23.420000076293945,23.43000030517578,23.950000762939453,4554000.0,23.82522964477539
2018-06-20,24.190000534057617,23.700000762939453,24.110000610351562,24.15999984741211,5567000.0,24.034133911132812
2018-06-21,24.600000381469727,23.959999084472656,24.100000381469727,24.15999984741211,6363200.0,24.034133911132812
2018-06-22,24.799999237060547,23.049999237060547,24.799999237060547,23.110000610351562,14137200.0,22.989604949951172
2018-06-25,23.290000915527344,22.739999771118164,23.059999465942383,23.219999313354492,8378100.0,23.099031448364258
2018-06-26,23.6200008392334,22.989999771118164,23.239999771118164,23.510000228881836,7133600.0,23.38751983642578
2018-06-27,23.790000915527344,23.3700008392334,23.75,23.389999389648438,9371900.0,23.268144607543945
2018-06-28,23.780000686645508,23.139999389648438,23.5,23.65999984741211,7132700.0,23.536739349365234
2018-06-29,24.209999084472656,23.65999984741211,23.68000030517578,23.799999237060547,4719000.0,23.676008224487305
2018-07-02,23.84000015258789,23.229999542236328,23.600000381469727,23.520000457763672,4274900.0,23.39746856689453
2018-07-03,23.860000610351562,23.239999771118164,23.799999237060547,23.389999389648438,3063000.0,23.268144607543945
2018-07-05,23.68000030517578,23.399999618530273,23.510000228881836,23.440000534057617,2886900.0,23.317886352539062
2018-07-06,23.709999084472656,23.3799991607666,23.420000076293945,23.579999923706055,5537500.0,23.457155227661133
2018-07-09,23.93000030517578,23.670000076293945,23.709999084472656,23.719999313354492,5929600.0,23.596426010131836
2018-07-10,24.059999465942383,23.540000915527344,23.860000610351562,23.649999618530273,4408800.0,23.526790618896484
2018-07-11,24.040000915527344,23.549999237060547,23.549999237060547,23.649999618530273,3636900.0,23.526790618896484
2018-07-12,23.780000686645508,23.18000030517578,23.780000686645508,23.270000457763672,4074700.0,23.14876937866211
2018-07-13,23.690000534057617,23.290000915527344,23.290000915527344,23.450000762939453,2553500.0,23.32783317565918
2018-07-16,23.729999542236328,23.190000534057617,23.290000915527344,23.700000762939453,5104400.0,23.5765323638916
2018-07-17,23.950000762939453,23.520000457763672,23.65999984741211,23.65999984741211,3635800.0,23.536739349365234
2018-07-18,23.989999771118164,23.5,23.59000015258789,23.940000534057617,5155900.0,23.81528091430664
2018-07-19,24.540000915527344,23.93000030517578,23.950000762939453,24.420000076293945,5559200.0,24.29277992248535
2018-07-20,24.420000076293945,23.850000381469727,24.40999984741211,24.239999771118164,6422600.0,24.11371612548828
2018-07-23,24.6299991607666,24.139999389648438,24.350000381469727,24.299999237060547,7311700.0,24.173404693603516
2018-07-24,24.510000228881836,24.139999389648438,24.40999984741211,24.270000457763672,5154200.0,24.14356231689453
2018-07-25,24.969999313354492,24.190000534057617,24.270000457763672,24.969999313354492,4822900.0,24.839914321899414
2018-07-26,25.229999542236328,24.65999984741211,25.0,24.719999313354492,6364600.0,24.591215133666992
2018-07-27,24.43000030517578,22.670000076293945,24.0,22.809999465942383,15471300.0,22.691165924072266
2018-07-30,23.100000381469727,22.65999984741211,22.84000015258789,22.729999542236328,7226200.0,22.611583709716797
2018-07-31,23.639999389648438,22.760000228881836,22.81999969482422,23.5,6042500.0,23.377573013305664
2018-08-01,23.40999984741211,23.030000686645508,23.149999618530273,23.290000915527344,4475200.0,23.16866683959961
2018-08-02,23.360000610351562,23.030000686645508,23.280000686645508,23.079999923706055,5701100.0,22.959760665893555
2018-08-03,23.579999923706055,22.989999771118164,23.100000381469727,23.450000762939453,4834200.0,23.32783317565918
2018-08-06,23.75,23.34000015258789,23.530000686645508,23.540000915527344,3309400.0,23.4173641204834
2018-08-07,23.940000534057617,23.6299991607666,23.700000762939453,23.780000686645508,4267400.0,23.65611457824707
2018-08-08,23.75,23.25,23.6299991607666,23.399999618530273,5830000.0,23.33697509765625
2018-08-09,23.709999084472656,23.31999969482422,23.399999618530273,23.540000915527344,6272000.0,23.476598739624023
2018-08-10,23.739999771118164,23.34000015258789,23.469999313354492,23.639999389648438,4045600.0,23.57632827758789
2018-08-13,23.729999542236328,23.270000457763672,23.59000015258789,23.360000610351562,5805600.0,23.297082901000977
2018-08-14,23.8799991607666,23.399999618530273,23.559999465942383,23.719999313354492,5038300.0,23.656112670898438
2018-08-15,23.6200008392334,22.850000381469727,23.6200008392334,22.979999542236328,6236400.0,22.918106079101562
2018-08-16,23.579999923706055,23.010000228881836,23.010000228881836,23.5,5169200.0,23.43670654296875
2018-08-17,23.770000457763672,23.40999984741211,23.5,23.600000381469727,5164300.0,23.53643798828125
2018-08-20,24.1299991607666,23.479999542236328,23.6299991607666,23.989999771118164,5881400.0,23.925386428833008
2018-08-21,24.709999084472656,24.1200008392334,24.209999084472656,24.5,5958300.0,24.43401336669922
2018-08-22,24.760000228881836,24.3700008392334,24.75,24.459999084472656,3847700.0,24.394119262695312
2018-08-23,24.440000534057617,24.110000610351562,24.329999923706055,24.25,3085500.0,24.1846866607666
2018-08-24,24.469999313354492,24.09000015258789,24.399999618530273,24.149999618530273,2714300.0,24.0849552154541
2018-08-27,24.31999969482422,23.920000076293945,24.040000915527344,23.979999542236328,6107900.0,23.91541290283203
2018-08-28,24.209999084472656,23.719999313354492,24.079999923706055,23.979999542236328,5070300.0,23.91541290283203
2018-08-29,24.239999771118164,23.940000534057617,24.110000610351562,24.1200008392334,5196600.0,24.055036544799805
2018-08-30,24.270000457763672,23.8799991607666,24.18000030517578,24.149999618530273,4432700.0,24.0849552154541
2018-08-31,24.190000534057617,23.75,24.06999969482422,23.829999923706055,4411600.0,23.765817642211914
2018-09-04,23.8700008392334,22.8700008392334,23.790000915527344,23.010000228881836,5200800.0,22.948026657104492
2018-09-05,22.889999389648438,22.459999084472656,22.889999389648438,22.479999542236328,5902500.0,22.419452667236328
2018-09-06,22.459999084472656,21.75,22.420000076293945,21.90999984741211,6869700.0,21.850988388061523
2018-09-07,22.09000015258789,21.479999542236328,21.84000015258789,21.84000015258789,6661500.0,21.781177520751953
2018-09-10,22.030000686645508,21.639999389648438,21.8799991607666,21.860000610351562,4878700.0,21.801124572753906
2018-09-11,22.079999923706055,21.649999618530273,21.75,21.940000534057617,4737800.0,21.880908966064453
2018-09-12,22.200000762939453,21.93000030517578,22.110000610351562,22.059999465942383,3563600.0,22.00058364868164
2018-09-13,22.190000534057617,21.809999465942383,22.040000915527344,22.06999969482422,3377700.0,22.010557174682617
2018-09-14,22.1299991607666,21.790000915527344,22.0,21.920000076293945,2679600.0,21.8609619140625
2018-09-17,21.979999542236328,21.489999771118164,21.969999313354492,21.56999969482422,5032100.0,21.511903762817383
2018-09-18,21.860000610351562,21.510000228881836,21.719999313354492,21.709999084472656,6064900.0,21.651525497436523
2018-09-19,22.360000610351562,21.690000534057617,21.700000762939453,22.260000228881836,4506600.0,22.20004653930664
2018-09-20,23.020000457763672,22.329999923706055,22.3700008392334,22.899999618530273,7179500.0,22.838321685791016
2018-09-21,23.31999969482422,22.639999389648438,22.979999542236328,23.209999084472656,11794800.0,23.147485733032227
2018-09-24,23.56999969482422,22.8700008392334,23.5,23.200000762939453,7007700.0,23.137514114379883
2018-09-25,23.31999969482422,22.8799991607666,23.219999313354492,23.239999771118164,7859100.0,23.177406311035156
2018-09-26,22.979999542236328,22.40999984741211,22.8799991607666,22.459999084472656,11983700.0,22.399505615234375
2018-09-27,23.170000076293945,22.459999084472656,22.59000015258789,22.969999313354492,9207500.0,22.908132553100586
2018-09-28,23.190000534057617,22.5,22.81999969482422,22.520000457763672,9398900.0,22.459346771240234
2018-10-01,22.649999618530273,22.149999618530273,22.649999618530273,22.299999237060547,4971300.0,22.23993682861328
2018-10-02,23.059999465942383,22.280000686645508,22.280000686645508,22.850000381469727,5860300.0,22.7884578704834
2018-10-03,23.360000610351562,22.6299991607666,22.940000534057617,23.09000015258789,5371000.0,23.02781105041504
2018-10-04,23.860000610351562,22.8799991607666,23.020000457763672,23.790000915527344,8135400.0,23.72592544555664
2018-10-05,24.229999542236328,23.760000228881836,23.93000030517578,23.90999984741211,6473500.0,23.84560203552246
2018-10-08,24.600000381469727,23.65999984741211,23.75,24.350000381469727,7847300.0,24.2844181060791
2018-10-09,25.15999984741211,24.09000015258789,24.09000015258789,24.40999984741211,12247800.0,24.344255447387695
2018-10-10,24.760000228881836,23.950000762939453,24.579999923706055,24.0,8052300.0,23.935359954833984
2018-10-11,23.93000030517578,23.049999237060547,23.760000228881836,23.190000534057617,7778100.0,23.12754249572754
2018-10-12,23.6299991607666,22.969999313354492,23.489999771118164,23.3799991607666,5008800.0,23.317028045654297
2018-10-15,24.31999969482422,23.579999923706055,23.59000015258789,23.899999618530273,6401200.0,23.835628509521484
2018-10-16,24.239999771118164,23.75,23.920000076293945,23.899999618530273,4574200.0,23.835628509521484
2018-10-17,24.110000610351562,23.610000610351562,23.799999237060547,23.799999237060547,5329600.0,23.735897064208984
2018-10-18,23.809999465942383,23.329999923706055,23.469999313354492,23.59000015258789,5530900.0,23.526464462280273
2018-10-19,24.15999984741211,23.6200008392334,23.65999984741211,23.969999313354492,6045200.0,23.905439376831055
2018-10-22,23.920000076293945,23.149999618530273,23.920000076293945,23.15999984741211,5728200.0,23.09762191772461
2018-10-23,23.329999923706055,22.579999923706055,22.8799991607666,22.739999771118164,9041700.0,22.678752899169922
2018-10-24,22.84000015258789,21.1299991607666,22.84000015258789,21.18000030517578,10550400.0,21.122955322265625
2018-10-25,21.579999923706055,20.950000762939453,21.290000915527344,21.399999618530273,12359700.0,21.342361450195312
2018-10-26,23.34000015258789,21.309999465942383,21.3700008392334,22.920000076293945,15545700.0,22.85826873779297
2018-10-29,23.399999618530273,22.739999771118164,23.06999969482422,22.959999084472656,12385400.0,22.89815902709961
2018-10-30,24.389999389648438,22.8799991607666,22.950000762939453,24.270000457763672,9497500.0,24.204631805419922
2018-10-31,24.600000381469727,24.100000381469727,24.469999313354492,24.229999542236328,7050900.0,24.16473960876465
2018-11-01,24.600000381469727,23.81999969482422,24.360000610351562,24.350000381469727,6965000.0,24.2844181060791
2018-11-02,24.559999465942383,23.809999465942383,24.350000381469727,24.549999237060547,8197700.0,24.483877182006836
2018-11-05,26.25,25.43000030517578,25.610000610351562,25.989999771118164,10912100.0,25.920000076293945
2018-11-06,26.059999465942383,25.540000915527344,25.790000915527344,25.790000915527344,5220500.0,25.790000915527344
2018-11-07,26.219999313354492,25.260000228881836,26.170000076293945,25.469999313354492,4576200.0,25.469999313354492
2018-11-08,25.65999984741211,25.030000686645508,25.31999969482422,25.229999542236328,5489500.0,25.229999542236328
2018-11-09,26.1299991607666,24.989999771118164,25.09000015258789,25.610000610351562,7597900.0,25.610000610351562
2018-11-12,26.040000915527344,25.31999969482422,25.860000610351562,25.389999389648438,8369300.0,25.389999389648438
2018-11-13,26.969999313354492,25.81999969482422,26.059999465942383,26.489999771118164,14013200.0,26.489999771118164
2018-11-14,27.399999618530273,25.65999984741211,27.329999923706055,25.84000015258789,12350400.0,25.84000015258789
2018-11-15,25.829999923706055,24.739999771118164,24.829999923706055,25.639999389648438,7547600.0,25.639999389648438
2018-11-16,26.06999969482422,25.6200008392334,25.84000015258789,25.739999771118164,6027700.0,25.739999771118164
2018-11-19,26.200000762939453,25.489999771118164,25.889999389648438,25.799999237060547,8700900.0,25.799999237060547
2018-11-20,25.639999389648438,24.940000534057617,25.270000457763672,25.290000915527344,6679200.0,25.290000915527344
2018-11-21,26.059999465942383,25.25,25.510000228881836,25.780000686645508,4752000.0,25.780000686645508
2018-11-23,25.780000686645508,25.1299991607666,25.149999618530273,25.59000015258789,2346600.0,25.59000015258789
2018-11-26,25.8799991607666,24.940000534057617,25.709999084472656,24.969999313354492,5939200.0,24.969999313354492
2018-11-27,24.969999313354492,24.200000762939453,24.889999389648438,24.260000228881836,9031400.0,24.260000228881836
2018-11-28,24.920000076293945,24.18000030517578,24.219999313354492,24.899999618530273,5177400.0,24.899999618530273
2018-11-29,25.040000915527344,24.299999237060547,24.8700008392334,24.690000534057617,6101500.0,24.690000534057617
2018-11-30,25.25,24.549999237060547,24.559999465942383,25.15999984741211,7097500.0,25.15999984741211
2018-12-03,25.200000762939453,24.290000915527344,25.09000015258789,24.90999984741211,7153000.0,24.90999984741211
2018-12-04,25.610000610351562,24.84000015258789,25.18000030517578,25.100000381469727,7531000.0,25.100000381469727
2018-12-06,25.219999313354492,24.31999969482422,24.84000015258789,25.209999084472656,10276900.0,25.209999084472656
2018-12-07,25.700000762939453,25.030000686645508,25.5,25.229999542236328,8068200.0,25.229999542236328
